2025-10-25 17:27:24,793 - INFO - Verarbeite Tile h22v04 für Jahr 2010
2025-10-25 17:27:24,794 - ERROR - Fehler bei der Verarbeitung von h22v04, 2010: 'output_dir_mwp_nasaflood'
2025-10-25 17:27:24,795 - INFO - Verarbeite Tile h22v04 für Jahr 2021
2025-10-25 17:27:24,795 - ERROR - Fehler bei der Verarbeitung von h22v04, 2021: 'output_dir_mwp_nasaflood'
2025-10-25 17:27:24,796 - INFO - Verarbeite Tile h29v06 für Jahr 2010
2025-10-25 17:27:24,796 - ERROR - Fehler bei der Verarbeitung von h29v06, 2010: 'output_dir_mwp_nasaflood'
2025-10-25 17:27:24,796 - INFO - Verarbeite Tile h29v06 für Jahr 2021
2025-10-25 17:27:24,797 - ERROR - Fehler bei der Verarbeitung von h29v06, 2021: 'output_dir_mwp_nasaflood'
2025-10-25 17:27:24,797 - INFO - Verarbeite Tile h09v05 für Jahr 2010
2025-10-25 17:27:24,797 - ERROR - Fehler bei der Verarbeitung von h09v05, 2010: 'output_dir_mwp_nasaflood'
2025-10-25 17:27:24,797 - INFO - Verarbeite Tile h09v05 für Jahr 2021
2025-10-25 17:27:24,798 - ERROR - Fehler bei der Verarbeitung von h09v05, 2021: 'output_dir_mwp_nasaflood'
2025-10-25 17:27:24,798 - INFO - Verarbeite Tile h11v10 für Jahr 2010
2025-10-25 17:27:24,798 - ERROR - Fehler bei der Verarbeitung von h11v10, 2010: 'output_dir_mwp_nasaflood'
2025-10-25 17:27:24,798 - INFO - Verarbeite Tile h11v10 für Jahr 2021
2025-10-25 17:27:24,798 - ERROR - Fehler bei der Verarbeitung von h11v10, 2021: 'output_dir_mwp_nasaflood'
2025-10-25 17:27:24,799 - INFO - Verarbeite Tile h08v05 für Jahr 2010
2025-10-25 17:27:24,799 - ERROR - Fehler bei der Verarbeitung von h08v05, 2010: 'output_dir_mwp_nasaflood'
2025-10-25 17:27:24,799 - INFO - Verarbeite Tile h08v05 für Jahr 2021
2025-10-25 17:27:24,799 - ERROR - Fehler bei der Verarbeitung von h08v05, 2021: 'output_dir_mwp_nasaflood'
2025-10-25 17:27:24,799 - INFO - Verarbeite Tile h24v04 für Jahr 2010
2025-10-25 17:27:24,799 - ERROR - Fehler bei der Verarbeitung von h24v04, 2010: 'output_dir_mwp_nasaflood'
2025-10-25 17:27:24,800 - INFO - Verarbeite Tile h24v04 für Jahr 2021
2025-10-25 17:27:24,800 - ERROR - Fehler bei der Verarbeitung von h24v04, 2021: 'output_dir_mwp_nasaflood'
2025-10-25 17:27:24,800 - INFO - Verarbeite Tile h06v04 für Jahr 2010
2025-10-25 17:27:24,800 - ERROR - Fehler bei der Verarbeitung von h06v04, 2010: 'output_dir_mwp_nasaflood'
2025-10-25 17:27:24,800 - INFO - Verarbeite Tile h06v04 für Jahr 2021
2025-10-25 17:27:24,800 - ERROR - Fehler bei der Verarbeitung von h06v04, 2021: 'output_dir_mwp_nasaflood'
2025-10-25 17:27:24,801 - INFO - Verarbeite Tile h30v10 für Jahr 2010
2025-10-25 17:27:24,801 - ERROR - Fehler bei der Verarbeitung von h30v10, 2010: 'output_dir_mwp_nasaflood'
2025-10-25 17:27:24,801 - INFO - Verarbeite Tile h30v10 für Jahr 2021
2025-10-25 17:27:24,801 - ERROR - Fehler bei der Verarbeitung von h30v10, 2021: 'output_dir_mwp_nasaflood'
2025-10-25 17:27:24,802 - INFO - Verarbeite Tile h22v04 für Jahr 2010
2025-10-25 17:27:24,802 - ERROR - Fehler bei der Verarbeitung von h22v04, 2010: 'output_dir_mwp_nasaflood'
2025-10-25 17:27:24,802 - INFO - Verarbeite Tile h22v04 für Jahr 2021
2025-10-25 17:27:24,802 - ERROR - Fehler bei der Verarbeitung von h22v04, 2021: 'output_dir_mwp_nasaflood'
2025-10-25 17:27:24,802 - INFO - Verarbeite Tile h19v07 für Jahr 2010
2025-10-25 17:27:24,803 - ERROR - Fehler bei der Verarbeitung von h19v07, 2010: 'output_dir_mwp_nasaflood'
2025-10-25 17:27:24,803 - INFO - Verarbeite Tile h19v07 für Jahr 2021
2025-10-25 17:27:24,803 - ERROR - Fehler bei der Verarbeitung von h19v07, 2021: 'output_dir_mwp_nasaflood'
2025-10-25 17:27:24,803 - INFO - Verarbeite Tile h14v09 für Jahr 2010
2025-10-25 17:27:24,803 - ERROR - Fehler bei der Verarbeitung von h14v09, 2010: 'output_dir_mwp_nasaflood'
2025-10-25 17:27:24,803 - INFO - Verarbeite Tile h14v09 für Jahr 2021
2025-10-25 17:27:24,803 - ERROR - Fehler bei der Verarbeitung von h14v09, 2021: 'output_dir_mwp_nasaflood'
2025-10-25 17:27:24,804 - INFO - Verarbeite Tile h11v11 für Jahr 2010
2025-10-25 17:27:24,804 - ERROR - Fehler bei der Verarbeitung von h11v11, 2010: 'output_dir_mwp_nasaflood'
2025-10-25 17:27:24,804 - INFO - Verarbeite Tile h11v11 für Jahr 2021
2025-10-25 17:27:24,804 - ERROR - Fehler bei der Verarbeitung von h11v11, 2021: 'output_dir_mwp_nasaflood'
2025-10-25 17:27:24,805 - INFO - Verarbeite Tile h09v04 für Jahr 2010
2025-10-25 17:27:24,805 - ERROR - Fehler bei der Verarbeitung von h09v04, 2010: 'output_dir_mwp_nasaflood'
2025-10-25 17:27:24,805 - INFO - Verarbeite Tile h09v04 für Jahr 2021
2025-10-25 17:27:24,805 - ERROR - Fehler bei der Verarbeitung von h09v04, 2021: 'output_dir_mwp_nasaflood'
2025-10-25 17:27:24,805 - INFO - Verarbeite Tile h10v05 für Jahr 2010
2025-10-25 17:27:24,806 - ERROR - Fehler bei der Verarbeitung von h10v05, 2010: 'output_dir_mwp_nasaflood'
2025-10-25 17:27:24,806 - INFO - Verarbeite Tile h10v05 für Jahr 2021
2025-10-25 17:27:24,806 - ERROR - Fehler bei der Verarbeitung von h10v05, 2021: 'output_dir_mwp_nasaflood'
2025-10-25 17:27:24,806 - INFO - Verarbeite Tile h27v06 für Jahr 2010
2025-10-25 17:27:24,806 - ERROR - Fehler bei der Verarbeitung von h27v06, 2010: 'output_dir_mwp_nasaflood'
2025-10-25 17:27:24,806 - INFO - Verarbeite Tile h27v06 für Jahr 2021
2025-10-25 17:27:24,807 - ERROR - Fehler bei der Verarbeitung von h27v06, 2021: 'output_dir_mwp_nasaflood'
2025-10-25 17:27:24,807 - INFO - Verarbeite Tile h26v06 für Jahr 2010
2025-10-25 17:27:24,807 - ERROR - Fehler bei der Verarbeitung von h26v06, 2010: 'output_dir_mwp_nasaflood'
2025-10-25 17:27:24,807 - INFO - Verarbeite Tile h26v06 für Jahr 2021
2025-10-25 17:27:24,807 - ERROR - Fehler bei der Verarbeitung von h26v06, 2021: 'output_dir_mwp_nasaflood'
2025-10-25 17:27:24,808 - INFO - Verarbeite Tile h25v02 für Jahr 2010
2025-10-25 17:27:24,808 - ERROR - Fehler bei der Verarbeitung von h25v02, 2010: 'output_dir_mwp_nasaflood'
2025-10-25 17:27:24,808 - INFO - Verarbeite Tile h25v02 für Jahr 2021
2025-10-25 17:27:24,808 - ERROR - Fehler bei der Verarbeitung von h25v02, 2021: 'output_dir_mwp_nasaflood'
2025-10-25 17:27:24,808 - INFO - Verarbeite Tile h23v04 für Jahr 2010
2025-10-25 17:27:24,808 - ERROR - Fehler bei der Verarbeitung von h23v04, 2010: 'output_dir_mwp_nasaflood'
2025-10-25 17:27:24,809 - INFO - Verarbeite Tile h23v04 für Jahr 2021
2025-10-25 17:27:24,809 - ERROR - Fehler bei der Verarbeitung von h23v04, 2021: 'output_dir_mwp_nasaflood'
2025-10-25 17:27:24,809 - INFO - Verarbeite Tile h21v09 für Jahr 2010
2025-10-25 17:27:24,809 - ERROR - Fehler bei der Verarbeitung von h21v09, 2010: 'output_dir_mwp_nasaflood'
2025-10-25 17:27:24,809 - INFO - Verarbeite Tile h21v09 für Jahr 2021
2025-10-25 17:27:24,809 - ERROR - Fehler bei der Verarbeitung von h21v09, 2021: 'output_dir_mwp_nasaflood'
2025-10-25 17:27:24,810 - INFO - Verarbeite Tile h21v05 für Jahr 2010
2025-10-25 17:27:24,810 - ERROR - Fehler bei der Verarbeitung von h21v05, 2010: 'output_dir_mwp_nasaflood'
2025-10-25 17:27:24,810 - INFO - Verarbeite Tile h21v05 für Jahr 2021
2025-10-25 17:27:24,810 - ERROR - Fehler bei der Verarbeitung von h21v05, 2021: 'output_dir_mwp_nasaflood'
2025-10-25 17:27:24,810 - INFO - Verarbeite Tile h19v02 für Jahr 2010
2025-10-25 17:27:24,810 - ERROR - Fehler bei der Verarbeitung von h19v02, 2010: 'output_dir_mwp_nasaflood'
2025-10-25 17:27:24,810 - INFO - Verarbeite Tile h19v02 für Jahr 2021
2025-10-25 17:27:24,811 - ERROR - Fehler bei der Verarbeitung von h19v02, 2021: 'output_dir_mwp_nasaflood'
2025-10-25 17:27:24,811 - INFO - Verarbeite Tile h17v07 für Jahr 2010
2025-10-25 17:27:24,811 - ERROR - Fehler bei der Verarbeitung von h17v07, 2010: 'output_dir_mwp_nasaflood'
2025-10-25 17:27:24,811 - INFO - Verarbeite Tile h17v07 für Jahr 2021
2025-10-25 17:27:24,811 - ERROR - Fehler bei der Verarbeitung von h17v07, 2021: 'output_dir_mwp_nasaflood'
2025-10-25 17:27:24,812 - INFO - Verarbeite Tile h14v02 für Jahr 2010
2025-10-25 17:27:24,812 - ERROR - Fehler bei der Verarbeitung von h14v02, 2010: 'output_dir_mwp_nasaflood'
2025-10-25 17:27:24,812 - INFO - Verarbeite Tile h14v02 für Jahr 2021
2025-10-25 17:27:24,812 - ERROR - Fehler bei der Verarbeitung von h14v02, 2021: 'output_dir_mwp_nasaflood'
2025-10-25 17:27:24,812 - INFO - Verarbeite Tile h12v12 für Jahr 2010
2025-10-25 17:27:24,812 - ERROR - Fehler bei der Verarbeitung von h12v12, 2010: 'output_dir_mwp_nasaflood'
2025-10-25 17:27:24,813 - INFO - Verarbeite Tile h12v12 für Jahr 2021
2025-10-25 17:27:24,813 - ERROR - Fehler bei der Verarbeitung von h12v12, 2021: 'output_dir_mwp_nasaflood'
2025-10-25 17:27:24,813 - INFO - Verarbeite Tile h12v08 für Jahr 2010
2025-10-25 17:27:24,813 - ERROR - Fehler bei der Verarbeitung von h12v08, 2010: 'output_dir_mwp_nasaflood'
2025-10-25 17:27:24,813 - INFO - Verarbeite Tile h12v08 für Jahr 2021
2025-10-25 17:27:24,814 - ERROR - Fehler bei der Verarbeitung von h12v08, 2021: 'output_dir_mwp_nasaflood'
2025-10-25 17:27:24,814 - INFO - Verarbeite Tile h19v12 für Jahr 2010
2025-10-25 17:27:24,814 - ERROR - Fehler bei der Verarbeitung von h19v12, 2010: 'output_dir_mwp_nasaflood'
2025-10-25 17:27:24,814 - INFO - Verarbeite Tile h19v12 für Jahr 2021
2025-10-25 17:27:24,814 - ERROR - Fehler bei der Verarbeitung von h19v12, 2021: 'output_dir_mwp_nasaflood'
2025-10-25 17:27:24,814 - WARNING - Keine Ergebnisse gefunden!
2025-10-25 17:32:57,135 - INFO - Verarbeite Tile h22v04 für Jahr 2010
2025-10-25 17:32:57,303 - ERROR - Fehler bei der Verarbeitung von h22v04, 2010: name 'args' is not defined
2025-10-25 17:32:57,305 - INFO - Verarbeite Tile h22v04 für Jahr 2021
2025-10-25 17:32:57,315 - ERROR - Fehler bei der Verarbeitung von h22v04, 2021: name 'args' is not defined
2025-10-25 17:32:57,316 - INFO - Verarbeite Tile h29v06 für Jahr 2010
2025-10-25 17:32:57,344 - ERROR - Fehler bei der Verarbeitung von h29v06, 2010: name 'args' is not defined
2025-10-25 17:32:57,347 - INFO - Verarbeite Tile h29v06 für Jahr 2021
2025-10-25 17:32:57,364 - ERROR - Fehler bei der Verarbeitung von h29v06, 2021: name 'args' is not defined
2025-10-25 17:32:57,367 - INFO - Verarbeite Tile h09v05 für Jahr 2010
2025-10-25 17:32:57,397 - ERROR - Fehler bei der Verarbeitung von h09v05, 2010: name 'args' is not defined
2025-10-25 17:32:57,400 - INFO - Verarbeite Tile h09v05 für Jahr 2021
2025-10-25 17:32:57,417 - ERROR - Fehler bei der Verarbeitung von h09v05, 2021: name 'args' is not defined
2025-10-25 17:32:57,420 - INFO - Verarbeite Tile h11v10 für Jahr 2010
2025-10-25 17:32:57,435 - ERROR - Fehler bei der Verarbeitung von h11v10, 2010: name 'args' is not defined
2025-10-25 17:32:57,436 - INFO - Verarbeite Tile h11v10 für Jahr 2021
2025-10-25 17:32:57,446 - ERROR - Fehler bei der Verarbeitung von h11v10, 2021: name 'args' is not defined
2025-10-25 17:32:57,446 - INFO - Verarbeite Tile h08v05 für Jahr 2010
2025-10-25 17:32:57,472 - ERROR - Fehler bei der Verarbeitung von h08v05, 2010: name 'args' is not defined
2025-10-25 17:32:57,475 - INFO - Verarbeite Tile h08v05 für Jahr 2021
2025-10-25 17:32:57,494 - ERROR - Fehler bei der Verarbeitung von h08v05, 2021: name 'args' is not defined
2025-10-25 17:32:57,497 - INFO - Verarbeite Tile h24v04 für Jahr 2010
2025-10-25 17:32:57,515 - ERROR - Fehler bei der Verarbeitung von h24v04, 2010: name 'args' is not defined
2025-10-25 17:32:57,516 - INFO - Verarbeite Tile h24v04 für Jahr 2021
2025-10-25 17:32:57,526 - ERROR - Fehler bei der Verarbeitung von h24v04, 2021: name 'args' is not defined
2025-10-25 17:32:57,527 - INFO - Verarbeite Tile h06v04 für Jahr 2010
2025-10-25 17:32:57,546 - ERROR - Fehler bei der Verarbeitung von h06v04, 2010: name 'args' is not defined
2025-10-25 17:32:57,548 - INFO - Verarbeite Tile h06v04 für Jahr 2021
2025-10-25 17:32:57,560 - ERROR - Fehler bei der Verarbeitung von h06v04, 2021: name 'args' is not defined
2025-10-25 17:32:57,562 - INFO - Verarbeite Tile h30v10 für Jahr 2010
2025-10-25 17:32:57,572 - ERROR - Fehler bei der Verarbeitung von h30v10, 2010: name 'args' is not defined
2025-10-25 17:32:57,572 - INFO - Verarbeite Tile h30v10 für Jahr 2021
2025-10-25 17:32:57,579 - ERROR - Fehler bei der Verarbeitung von h30v10, 2021: name 'args' is not defined
2025-10-25 17:32:57,579 - INFO - Verarbeite Tile h22v04 für Jahr 2010
2025-10-25 17:32:57,589 - ERROR - Fehler bei der Verarbeitung von h22v04, 2010: name 'args' is not defined
2025-10-25 17:32:57,590 - INFO - Verarbeite Tile h22v04 für Jahr 2021
2025-10-25 17:32:57,599 - ERROR - Fehler bei der Verarbeitung von h22v04, 2021: name 'args' is not defined
2025-10-25 17:32:57,600 - INFO - Verarbeite Tile h19v07 für Jahr 2010
2025-10-25 17:32:57,621 - ERROR - Fehler bei der Verarbeitung von h19v07, 2010: name 'args' is not defined
2025-10-25 17:32:57,623 - INFO - Verarbeite Tile h19v07 für Jahr 2021
2025-10-25 17:32:57,638 - ERROR - Fehler bei der Verarbeitung von h19v07, 2021: name 'args' is not defined
2025-10-25 17:32:57,640 - INFO - Verarbeite Tile h14v09 für Jahr 2010
2025-10-25 17:32:57,651 - ERROR - Fehler bei der Verarbeitung von h14v09, 2010: name 'args' is not defined
2025-10-25 17:32:57,651 - INFO - Verarbeite Tile h14v09 für Jahr 2021
2025-10-25 17:32:57,658 - ERROR - Fehler bei der Verarbeitung von h14v09, 2021: name 'args' is not defined
2025-10-25 17:32:57,659 - INFO - Verarbeite Tile h11v11 für Jahr 2010
2025-10-25 17:32:57,671 - ERROR - Fehler bei der Verarbeitung von h11v11, 2010: name 'args' is not defined
2025-10-25 17:32:57,672 - INFO - Verarbeite Tile h11v11 für Jahr 2021
2025-10-25 17:32:57,681 - ERROR - Fehler bei der Verarbeitung von h11v11, 2021: name 'args' is not defined
2025-10-25 17:32:57,681 - INFO - Verarbeite Tile h09v04 für Jahr 2010
2025-10-25 17:32:57,721 - ERROR - Fehler bei der Verarbeitung von h09v04, 2010: name 'args' is not defined
2025-10-25 17:32:57,724 - INFO - Verarbeite Tile h09v04 für Jahr 2021
2025-10-25 17:32:57,749 - ERROR - Fehler bei der Verarbeitung von h09v04, 2021: name 'args' is not defined
2025-10-25 17:32:57,751 - INFO - Verarbeite Tile h10v05 für Jahr 2010
2025-10-25 17:32:57,761 - ERROR - Fehler bei der Verarbeitung von h10v05, 2010: name 'args' is not defined
2025-10-25 17:32:57,762 - INFO - Verarbeite Tile h10v05 für Jahr 2021
2025-10-25 17:32:57,768 - ERROR - Fehler bei der Verarbeitung von h10v05, 2021: name 'args' is not defined
2025-10-25 17:32:57,768 - INFO - Verarbeite Tile h27v06 für Jahr 2010
2025-10-25 17:32:57,781 - ERROR - Fehler bei der Verarbeitung von h27v06, 2010: name 'args' is not defined
2025-10-25 17:32:57,782 - INFO - Verarbeite Tile h27v06 für Jahr 2021
2025-10-25 17:32:57,788 - ERROR - Fehler bei der Verarbeitung von h27v06, 2021: name 'args' is not defined
2025-10-25 17:32:57,789 - INFO - Verarbeite Tile h26v06 für Jahr 2010
2025-10-25 17:32:57,805 - ERROR - Fehler bei der Verarbeitung von h26v06, 2010: name 'args' is not defined
2025-10-25 17:32:57,806 - INFO - Verarbeite Tile h26v06 für Jahr 2021
2025-10-25 17:32:57,815 - ERROR - Fehler bei der Verarbeitung von h26v06, 2021: name 'args' is not defined
2025-10-25 17:32:57,816 - INFO - Verarbeite Tile h25v02 für Jahr 2010
2025-10-25 17:32:57,848 - ERROR - Fehler bei der Verarbeitung von h25v02, 2010: name 'args' is not defined
2025-10-25 17:32:57,851 - INFO - Verarbeite Tile h25v02 für Jahr 2021
2025-10-25 17:32:57,871 - ERROR - Fehler bei der Verarbeitung von h25v02, 2021: name 'args' is not defined
2025-10-25 17:32:57,875 - INFO - Verarbeite Tile h23v04 für Jahr 2010
2025-10-25 17:32:57,894 - ERROR - Fehler bei der Verarbeitung von h23v04, 2010: name 'args' is not defined
2025-10-25 17:32:57,896 - INFO - Verarbeite Tile h23v04 für Jahr 2021
2025-10-25 17:32:57,908 - ERROR - Fehler bei der Verarbeitung von h23v04, 2021: name 'args' is not defined
2025-10-25 17:32:57,910 - INFO - Verarbeite Tile h21v09 für Jahr 2010
2025-10-25 17:32:57,924 - ERROR - Fehler bei der Verarbeitung von h21v09, 2010: name 'args' is not defined
2025-10-25 17:32:57,925 - INFO - Verarbeite Tile h21v09 für Jahr 2021
2025-10-25 17:32:57,934 - ERROR - Fehler bei der Verarbeitung von h21v09, 2021: name 'args' is not defined
2025-10-25 17:32:57,934 - INFO - Verarbeite Tile h21v05 für Jahr 2010
2025-10-25 17:32:57,948 - ERROR - Fehler bei der Verarbeitung von h21v05, 2010: name 'args' is not defined
2025-10-25 17:32:57,948 - INFO - Verarbeite Tile h21v05 für Jahr 2021
2025-10-25 17:32:57,956 - ERROR - Fehler bei der Verarbeitung von h21v05, 2021: name 'args' is not defined
2025-10-25 17:32:57,957 - INFO - Verarbeite Tile h19v02 für Jahr 2010
2025-10-25 17:32:57,984 - ERROR - Fehler bei der Verarbeitung von h19v02, 2010: name 'args' is not defined
2025-10-25 17:32:57,986 - INFO - Verarbeite Tile h19v02 für Jahr 2021
2025-10-25 17:32:58,003 - ERROR - Fehler bei der Verarbeitung von h19v02, 2021: name 'args' is not defined
2025-10-25 17:32:58,005 - INFO - Verarbeite Tile h17v07 für Jahr 2010
2025-10-25 17:32:58,015 - ERROR - Fehler bei der Verarbeitung von h17v07, 2010: name 'args' is not defined
2025-10-25 17:32:58,015 - INFO - Verarbeite Tile h17v07 für Jahr 2021
2025-10-25 17:32:58,021 - ERROR - Fehler bei der Verarbeitung von h17v07, 2021: name 'args' is not defined
2025-10-25 17:32:58,021 - INFO - Verarbeite Tile h14v02 für Jahr 2010
2025-10-25 17:32:58,028 - ERROR - Fehler bei der Verarbeitung von h14v02, 2010: name 'args' is not defined
2025-10-25 17:32:58,029 - INFO - Verarbeite Tile h14v02 für Jahr 2021
2025-10-25 17:32:58,033 - ERROR - Fehler bei der Verarbeitung von h14v02, 2021: name 'args' is not defined
2025-10-25 17:32:58,033 - INFO - Verarbeite Tile h12v12 für Jahr 2010
2025-10-25 17:32:58,046 - ERROR - Fehler bei der Verarbeitung von h12v12, 2010: name 'args' is not defined
2025-10-25 17:32:58,047 - INFO - Verarbeite Tile h12v12 für Jahr 2021
2025-10-25 17:32:58,054 - ERROR - Fehler bei der Verarbeitung von h12v12, 2021: name 'args' is not defined
2025-10-25 17:32:58,054 - INFO - Verarbeite Tile h12v08 für Jahr 2010
2025-10-25 17:32:58,064 - ERROR - Fehler bei der Verarbeitung von h12v08, 2010: name 'args' is not defined
2025-10-25 17:32:58,065 - INFO - Verarbeite Tile h12v08 für Jahr 2021
2025-10-25 17:32:58,071 - ERROR - Fehler bei der Verarbeitung von h12v08, 2021: name 'args' is not defined
2025-10-25 17:32:58,072 - INFO - Verarbeite Tile h19v12 für Jahr 2010
2025-10-25 17:32:58,079 - ERROR - Fehler bei der Verarbeitung von h19v12, 2010: name 'args' is not defined
2025-10-25 17:32:58,079 - INFO - Verarbeite Tile h19v12 für Jahr 2021
2025-10-25 17:32:58,084 - ERROR - Fehler bei der Verarbeitung von h19v12, 2021: name 'args' is not defined
2025-10-25 17:32:58,084 - WARNING - Keine Ergebnisse gefunden!
2025-10-25 17:33:47,466 - INFO - Verarbeite Tile h22v04 für Jahr 2010
2025-10-25 17:33:47,507 - ERROR - Fehler bei der Verarbeitung von h22v04, 2010: name 'args' is not defined
2025-10-25 17:33:47,508 - INFO - Verarbeite Tile h22v04 für Jahr 2021
2025-10-25 17:33:47,518 - ERROR - Fehler bei der Verarbeitung von h22v04, 2021: name 'args' is not defined
2025-10-25 17:33:47,519 - INFO - Verarbeite Tile h29v06 für Jahr 2010
2025-10-25 17:33:47,537 - ERROR - Fehler bei der Verarbeitung von h29v06, 2010: name 'args' is not defined
2025-10-25 17:33:47,540 - INFO - Verarbeite Tile h29v06 für Jahr 2021
2025-10-25 17:33:47,558 - ERROR - Fehler bei der Verarbeitung von h29v06, 2021: name 'args' is not defined
2025-10-25 17:33:47,561 - INFO - Verarbeite Tile h09v05 für Jahr 2010
2025-10-25 17:33:47,579 - ERROR - Fehler bei der Verarbeitung von h09v05, 2010: name 'args' is not defined
2025-10-25 17:33:47,582 - INFO - Verarbeite Tile h09v05 für Jahr 2021
2025-10-25 17:33:47,600 - ERROR - Fehler bei der Verarbeitung von h09v05, 2021: name 'args' is not defined
2025-10-25 17:33:47,603 - INFO - Verarbeite Tile h11v10 für Jahr 2010
2025-10-25 17:33:47,613 - ERROR - Fehler bei der Verarbeitung von h11v10, 2010: name 'args' is not defined
2025-10-25 17:33:47,614 - INFO - Verarbeite Tile h11v10 für Jahr 2021
2025-10-25 17:33:47,624 - ERROR - Fehler bei der Verarbeitung von h11v10, 2021: name 'args' is not defined
2025-10-25 17:33:47,624 - INFO - Verarbeite Tile h08v05 für Jahr 2010
2025-10-25 17:33:47,643 - ERROR - Fehler bei der Verarbeitung von h08v05, 2010: name 'args' is not defined
2025-10-25 17:33:47,645 - INFO - Verarbeite Tile h08v05 für Jahr 2021
2025-10-25 17:33:47,665 - ERROR - Fehler bei der Verarbeitung von h08v05, 2021: name 'args' is not defined
2025-10-25 17:33:47,668 - INFO - Verarbeite Tile h24v04 für Jahr 2010
2025-10-25 17:33:47,679 - ERROR - Fehler bei der Verarbeitung von h24v04, 2010: name 'args' is not defined
2025-10-25 17:33:47,680 - INFO - Verarbeite Tile h24v04 für Jahr 2021
2025-10-25 17:33:47,690 - ERROR - Fehler bei der Verarbeitung von h24v04, 2021: name 'args' is not defined
2025-10-25 17:33:47,691 - INFO - Verarbeite Tile h06v04 für Jahr 2010
2025-10-25 17:33:47,705 - ERROR - Fehler bei der Verarbeitung von h06v04, 2010: name 'args' is not defined
2025-10-25 17:33:47,707 - INFO - Verarbeite Tile h06v04 für Jahr 2021
2025-10-25 17:33:47,721 - ERROR - Fehler bei der Verarbeitung von h06v04, 2021: name 'args' is not defined
2025-10-25 17:33:47,722 - INFO - Verarbeite Tile h30v10 für Jahr 2010
2025-10-25 17:33:47,730 - ERROR - Fehler bei der Verarbeitung von h30v10, 2010: name 'args' is not defined
2025-10-25 17:33:47,730 - INFO - Verarbeite Tile h30v10 für Jahr 2021
2025-10-25 17:33:47,737 - ERROR - Fehler bei der Verarbeitung von h30v10, 2021: name 'args' is not defined
2025-10-25 17:33:47,738 - INFO - Verarbeite Tile h22v04 für Jahr 2010
2025-10-25 17:33:47,750 - ERROR - Fehler bei der Verarbeitung von h22v04, 2010: name 'args' is not defined
2025-10-25 17:33:47,751 - INFO - Verarbeite Tile h22v04 für Jahr 2021
2025-10-25 17:33:47,762 - ERROR - Fehler bei der Verarbeitung von h22v04, 2021: name 'args' is not defined
2025-10-25 17:33:47,763 - INFO - Verarbeite Tile h19v07 für Jahr 2010
2025-10-25 17:33:47,778 - ERROR - Fehler bei der Verarbeitung von h19v07, 2010: name 'args' is not defined
2025-10-25 17:33:47,780 - INFO - Verarbeite Tile h19v07 für Jahr 2021
2025-10-25 17:33:47,795 - ERROR - Fehler bei der Verarbeitung von h19v07, 2021: name 'args' is not defined
2025-10-25 17:33:47,797 - INFO - Verarbeite Tile h14v09 für Jahr 2010
2025-10-25 17:33:47,805 - ERROR - Fehler bei der Verarbeitung von h14v09, 2010: name 'args' is not defined
2025-10-25 17:33:47,805 - INFO - Verarbeite Tile h14v09 für Jahr 2021
2025-10-25 17:33:47,812 - ERROR - Fehler bei der Verarbeitung von h14v09, 2021: name 'args' is not defined
2025-10-25 17:33:47,812 - INFO - Verarbeite Tile h11v11 für Jahr 2010
2025-10-25 17:33:47,822 - ERROR - Fehler bei der Verarbeitung von h11v11, 2010: name 'args' is not defined
2025-10-25 17:33:47,822 - INFO - Verarbeite Tile h11v11 für Jahr 2021
2025-10-25 17:33:47,831 - ERROR - Fehler bei der Verarbeitung von h11v11, 2021: name 'args' is not defined
2025-10-25 17:33:47,831 - INFO - Verarbeite Tile h09v04 für Jahr 2010
2025-10-25 17:33:47,859 - ERROR - Fehler bei der Verarbeitung von h09v04, 2010: name 'args' is not defined
2025-10-25 17:33:47,863 - INFO - Verarbeite Tile h09v04 für Jahr 2021
2025-10-25 17:33:47,895 - ERROR - Fehler bei der Verarbeitung von h09v04, 2021: name 'args' is not defined
2025-10-25 17:33:47,898 - INFO - Verarbeite Tile h10v05 für Jahr 2010
2025-10-25 17:33:47,906 - ERROR - Fehler bei der Verarbeitung von h10v05, 2010: name 'args' is not defined
2025-10-25 17:33:47,906 - INFO - Verarbeite Tile h10v05 für Jahr 2021
2025-10-25 17:33:47,913 - ERROR - Fehler bei der Verarbeitung von h10v05, 2021: name 'args' is not defined
2025-10-25 17:33:47,913 - INFO - Verarbeite Tile h27v06 für Jahr 2010
2025-10-25 17:33:47,921 - ERROR - Fehler bei der Verarbeitung von h27v06, 2010: name 'args' is not defined
2025-10-25 17:33:47,922 - INFO - Verarbeite Tile h27v06 für Jahr 2021
2025-10-25 17:33:47,928 - ERROR - Fehler bei der Verarbeitung von h27v06, 2021: name 'args' is not defined
2025-10-25 17:33:47,929 - INFO - Verarbeite Tile h26v06 für Jahr 2010
2025-10-25 17:33:47,939 - ERROR - Fehler bei der Verarbeitung von h26v06, 2010: name 'args' is not defined
2025-10-25 17:33:47,940 - INFO - Verarbeite Tile h26v06 für Jahr 2021
2025-10-25 17:33:47,950 - ERROR - Fehler bei der Verarbeitung von h26v06, 2021: name 'args' is not defined
2025-10-25 17:33:47,951 - INFO - Verarbeite Tile h25v02 für Jahr 2010
2025-10-25 17:33:47,976 - ERROR - Fehler bei der Verarbeitung von h25v02, 2010: name 'args' is not defined
2025-10-25 17:33:47,980 - INFO - Verarbeite Tile h25v02 für Jahr 2021
2025-10-25 17:33:48,003 - ERROR - Fehler bei der Verarbeitung von h25v02, 2021: name 'args' is not defined
2025-10-25 17:33:48,007 - INFO - Verarbeite Tile h23v04 für Jahr 2010
2025-10-25 17:33:48,020 - ERROR - Fehler bei der Verarbeitung von h23v04, 2010: name 'args' is not defined
2025-10-25 17:33:48,022 - INFO - Verarbeite Tile h23v04 für Jahr 2021
2025-10-25 17:33:48,035 - ERROR - Fehler bei der Verarbeitung von h23v04, 2021: name 'args' is not defined
2025-10-25 17:33:48,037 - INFO - Verarbeite Tile h21v09 für Jahr 2010
2025-10-25 17:33:48,047 - ERROR - Fehler bei der Verarbeitung von h21v09, 2010: name 'args' is not defined
2025-10-25 17:33:48,047 - INFO - Verarbeite Tile h21v09 für Jahr 2021
2025-10-25 17:33:48,057 - ERROR - Fehler bei der Verarbeitung von h21v09, 2021: name 'args' is not defined
2025-10-25 17:33:48,058 - INFO - Verarbeite Tile h21v05 für Jahr 2010
2025-10-25 17:33:48,067 - ERROR - Fehler bei der Verarbeitung von h21v05, 2010: name 'args' is not defined
2025-10-25 17:33:48,069 - INFO - Verarbeite Tile h21v05 für Jahr 2021
2025-10-25 17:33:48,078 - ERROR - Fehler bei der Verarbeitung von h21v05, 2021: name 'args' is not defined
2025-10-25 17:33:48,078 - INFO - Verarbeite Tile h19v02 für Jahr 2010
2025-10-25 17:33:48,096 - ERROR - Fehler bei der Verarbeitung von h19v02, 2010: name 'args' is not defined
2025-10-25 17:33:48,099 - INFO - Verarbeite Tile h19v02 für Jahr 2021
2025-10-25 17:33:48,118 - ERROR - Fehler bei der Verarbeitung von h19v02, 2021: name 'args' is not defined
2025-10-25 17:33:48,120 - INFO - Verarbeite Tile h17v07 für Jahr 2010
2025-10-25 17:33:48,127 - ERROR - Fehler bei der Verarbeitung von h17v07, 2010: name 'args' is not defined
2025-10-25 17:33:48,128 - INFO - Verarbeite Tile h17v07 für Jahr 2021
2025-10-25 17:33:48,135 - ERROR - Fehler bei der Verarbeitung von h17v07, 2021: name 'args' is not defined
2025-10-25 17:33:48,136 - INFO - Verarbeite Tile h14v02 für Jahr 2010
2025-10-25 17:33:48,141 - ERROR - Fehler bei der Verarbeitung von h14v02, 2010: name 'args' is not defined
2025-10-25 17:33:48,142 - INFO - Verarbeite Tile h14v02 für Jahr 2021
2025-10-25 17:33:48,147 - ERROR - Fehler bei der Verarbeitung von h14v02, 2021: name 'args' is not defined
2025-10-25 17:33:48,147 - INFO - Verarbeite Tile h12v12 für Jahr 2010
2025-10-25 17:33:48,157 - ERROR - Fehler bei der Verarbeitung von h12v12, 2010: name 'args' is not defined
2025-10-25 17:33:48,157 - INFO - Verarbeite Tile h12v12 für Jahr 2021
2025-10-25 17:33:48,167 - ERROR - Fehler bei der Verarbeitung von h12v12, 2021: name 'args' is not defined
2025-10-25 17:33:48,169 - INFO - Verarbeite Tile h12v08 für Jahr 2010
2025-10-25 17:33:48,177 - ERROR - Fehler bei der Verarbeitung von h12v08, 2010: name 'args' is not defined
2025-10-25 17:33:48,178 - INFO - Verarbeite Tile h12v08 für Jahr 2021
2025-10-25 17:33:48,186 - ERROR - Fehler bei der Verarbeitung von h12v08, 2021: name 'args' is not defined
2025-10-25 17:33:48,187 - INFO - Verarbeite Tile h19v12 für Jahr 2010
2025-10-25 17:33:48,193 - ERROR - Fehler bei der Verarbeitung von h19v12, 2010: name 'args' is not defined
2025-10-25 17:33:48,194 - INFO - Verarbeite Tile h19v12 für Jahr 2021
2025-10-25 17:33:48,200 - ERROR - Fehler bei der Verarbeitung von h19v12, 2021: name 'args' is not defined
2025-10-25 17:33:48,201 - WARNING - Keine Ergebnisse gefunden!
2025-10-25 17:36:32,289 - INFO - Verarbeite Tile h22v04 für Jahr 2010
2025-10-25 17:36:32,330 - ERROR - Fehler beim Suchen von Dateien für h22v04, 2010: [WinError 3] Das System kann den angegebenen Pfad nicht finden: 'T:\\DLR\\Analysis3\\Input\\NasaFlood\\02_GWP_gtiff\\h22v04'
2025-10-25 17:36:32,330 - WARNING - Keine passenden Dateien für h22v04, 2010 gefunden
2025-10-25 17:36:32,331 - INFO - Verarbeite Tile h22v04 für Jahr 2021
2025-10-25 17:36:32,341 - ERROR - Fehler beim Suchen von Dateien für h22v04, 2021: [WinError 3] Das System kann den angegebenen Pfad nicht finden: 'T:\\DLR\\Analysis3\\Input\\NasaFlood\\02_GWP_gtiff\\h22v04'
2025-10-25 17:36:32,341 - WARNING - Keine passenden Dateien für h22v04, 2021 gefunden
2025-10-25 17:36:32,342 - INFO - Verarbeite Tile h29v06 für Jahr 2010
2025-10-25 17:36:32,359 - ERROR - Fehler beim Suchen von Dateien für h29v06, 2010: [WinError 3] Das System kann den angegebenen Pfad nicht finden: 'T:\\DLR\\Analysis3\\Input\\NasaFlood\\02_GWP_gtiff\\h29v06'
2025-10-25 17:36:32,359 - WARNING - Keine passenden Dateien für h29v06, 2010 gefunden
2025-10-25 17:36:32,361 - INFO - Verarbeite Tile h29v06 für Jahr 2021
2025-10-25 17:36:32,378 - ERROR - Fehler beim Suchen von Dateien für h29v06, 2021: [WinError 3] Das System kann den angegebenen Pfad nicht finden: 'T:\\DLR\\Analysis3\\Input\\NasaFlood\\02_GWP_gtiff\\h29v06'
2025-10-25 17:36:32,378 - WARNING - Keine passenden Dateien für h29v06, 2021 gefunden
2025-10-25 17:36:32,380 - INFO - Verarbeite Tile h09v05 für Jahr 2010
2025-10-25 17:36:32,397 - ERROR - Fehler beim Suchen von Dateien für h09v05, 2010: [WinError 3] Das System kann den angegebenen Pfad nicht finden: 'T:\\DLR\\Analysis3\\Input\\NasaFlood\\02_GWP_gtiff\\h09v05'
2025-10-25 17:36:32,398 - WARNING - Keine passenden Dateien für h09v05, 2010 gefunden
2025-10-25 17:36:32,400 - INFO - Verarbeite Tile h09v05 für Jahr 2021
2025-10-25 17:36:32,418 - ERROR - Fehler beim Suchen von Dateien für h09v05, 2021: [WinError 3] Das System kann den angegebenen Pfad nicht finden: 'T:\\DLR\\Analysis3\\Input\\NasaFlood\\02_GWP_gtiff\\h09v05'
2025-10-25 17:36:32,418 - WARNING - Keine passenden Dateien für h09v05, 2021 gefunden
2025-10-25 17:36:32,421 - INFO - Verarbeite Tile h11v10 für Jahr 2010
2025-10-25 17:36:32,430 - ERROR - Fehler beim Suchen von Dateien für h11v10, 2010: [WinError 3] Das System kann den angegebenen Pfad nicht finden: 'T:\\DLR\\Analysis3\\Input\\NasaFlood\\02_GWP_gtiff\\h11v10'
2025-10-25 17:36:32,430 - WARNING - Keine passenden Dateien für h11v10, 2010 gefunden
2025-10-25 17:36:32,431 - INFO - Verarbeite Tile h11v10 für Jahr 2021
2025-10-25 17:36:32,440 - ERROR - Fehler beim Suchen von Dateien für h11v10, 2021: [WinError 3] Das System kann den angegebenen Pfad nicht finden: 'T:\\DLR\\Analysis3\\Input\\NasaFlood\\02_GWP_gtiff\\h11v10'
2025-10-25 17:36:32,440 - WARNING - Keine passenden Dateien für h11v10, 2021 gefunden
2025-10-25 17:36:32,441 - INFO - Verarbeite Tile h08v05 für Jahr 2010
2025-10-25 17:36:32,459 - ERROR - Fehler beim Suchen von Dateien für h08v05, 2010: [WinError 3] Das System kann den angegebenen Pfad nicht finden: 'T:\\DLR\\Analysis3\\Input\\NasaFlood\\02_GWP_gtiff\\h08v05'
2025-10-25 17:36:32,459 - WARNING - Keine passenden Dateien für h08v05, 2010 gefunden
2025-10-25 17:36:32,461 - INFO - Verarbeite Tile h08v05 für Jahr 2021
2025-10-25 17:36:32,479 - ERROR - Fehler beim Suchen von Dateien für h08v05, 2021: [WinError 3] Das System kann den angegebenen Pfad nicht finden: 'T:\\DLR\\Analysis3\\Input\\NasaFlood\\02_GWP_gtiff\\h08v05'
2025-10-25 17:36:32,479 - WARNING - Keine passenden Dateien für h08v05, 2021 gefunden
2025-10-25 17:36:32,482 - INFO - Verarbeite Tile h24v04 für Jahr 2010
2025-10-25 17:36:32,492 - ERROR - Fehler beim Suchen von Dateien für h24v04, 2010: [WinError 3] Das System kann den angegebenen Pfad nicht finden: 'T:\\DLR\\Analysis3\\Input\\NasaFlood\\02_GWP_gtiff\\h24v04'
2025-10-25 17:36:32,492 - WARNING - Keine passenden Dateien für h24v04, 2010 gefunden
2025-10-25 17:36:32,493 - INFO - Verarbeite Tile h24v04 für Jahr 2021
2025-10-25 17:36:32,502 - ERROR - Fehler beim Suchen von Dateien für h24v04, 2021: [WinError 3] Das System kann den angegebenen Pfad nicht finden: 'T:\\DLR\\Analysis3\\Input\\NasaFlood\\02_GWP_gtiff\\h24v04'
2025-10-25 17:36:32,502 - WARNING - Keine passenden Dateien für h24v04, 2021 gefunden
2025-10-25 17:36:32,503 - INFO - Verarbeite Tile h06v04 für Jahr 2010
2025-10-25 17:36:32,514 - ERROR - Fehler beim Suchen von Dateien für h06v04, 2010: [WinError 3] Das System kann den angegebenen Pfad nicht finden: 'T:\\DLR\\Analysis3\\Input\\NasaFlood\\02_GWP_gtiff\\h06v04'
2025-10-25 17:36:32,515 - WARNING - Keine passenden Dateien für h06v04, 2010 gefunden
2025-10-25 17:36:32,516 - INFO - Verarbeite Tile h06v04 für Jahr 2021
2025-10-25 17:36:32,528 - ERROR - Fehler beim Suchen von Dateien für h06v04, 2021: [WinError 3] Das System kann den angegebenen Pfad nicht finden: 'T:\\DLR\\Analysis3\\Input\\NasaFlood\\02_GWP_gtiff\\h06v04'
2025-10-25 17:36:32,529 - WARNING - Keine passenden Dateien für h06v04, 2021 gefunden
2025-10-25 17:36:32,530 - INFO - Verarbeite Tile h30v10 für Jahr 2010
2025-10-25 17:36:32,537 - ERROR - Fehler beim Suchen von Dateien für h30v10, 2010: [WinError 3] Das System kann den angegebenen Pfad nicht finden: 'T:\\DLR\\Analysis3\\Input\\NasaFlood\\02_GWP_gtiff\\h30v10'
2025-10-25 17:36:32,537 - WARNING - Keine passenden Dateien für h30v10, 2010 gefunden
2025-10-25 17:36:32,538 - INFO - Verarbeite Tile h30v10 für Jahr 2021
2025-10-25 17:36:32,544 - ERROR - Fehler beim Suchen von Dateien für h30v10, 2021: [WinError 3] Das System kann den angegebenen Pfad nicht finden: 'T:\\DLR\\Analysis3\\Input\\NasaFlood\\02_GWP_gtiff\\h30v10'
2025-10-25 17:36:32,544 - WARNING - Keine passenden Dateien für h30v10, 2021 gefunden
2025-10-25 17:36:32,544 - INFO - Verarbeite Tile h22v04 für Jahr 2010
2025-10-25 17:36:32,554 - ERROR - Fehler beim Suchen von Dateien für h22v04, 2010: [WinError 3] Das System kann den angegebenen Pfad nicht finden: 'T:\\DLR\\Analysis3\\Input\\NasaFlood\\02_GWP_gtiff\\h22v04'
2025-10-25 17:36:32,554 - WARNING - Keine passenden Dateien für h22v04, 2010 gefunden
2025-10-25 17:36:32,555 - INFO - Verarbeite Tile h22v04 für Jahr 2021
2025-10-25 17:36:32,563 - ERROR - Fehler beim Suchen von Dateien für h22v04, 2021: [WinError 3] Das System kann den angegebenen Pfad nicht finden: 'T:\\DLR\\Analysis3\\Input\\NasaFlood\\02_GWP_gtiff\\h22v04'
2025-10-25 17:36:32,564 - WARNING - Keine passenden Dateien für h22v04, 2021 gefunden
2025-10-25 17:36:32,564 - INFO - Verarbeite Tile h19v07 für Jahr 2010
2025-10-25 17:36:32,579 - ERROR - Fehler beim Suchen von Dateien für h19v07, 2010: [WinError 3] Das System kann den angegebenen Pfad nicht finden: 'T:\\DLR\\Analysis3\\Input\\NasaFlood\\02_GWP_gtiff\\h19v07'
2025-10-25 17:36:32,579 - WARNING - Keine passenden Dateien für h19v07, 2010 gefunden
2025-10-25 17:36:32,580 - INFO - Verarbeite Tile h19v07 für Jahr 2021
2025-10-25 17:36:32,594 - ERROR - Fehler beim Suchen von Dateien für h19v07, 2021: [WinError 3] Das System kann den angegebenen Pfad nicht finden: 'T:\\DLR\\Analysis3\\Input\\NasaFlood\\02_GWP_gtiff\\h19v07'
2025-10-25 17:36:32,594 - WARNING - Keine passenden Dateien für h19v07, 2021 gefunden
2025-10-25 17:36:32,595 - INFO - Verarbeite Tile h14v09 für Jahr 2010
2025-10-25 17:36:32,602 - ERROR - Fehler beim Suchen von Dateien für h14v09, 2010: [WinError 3] Das System kann den angegebenen Pfad nicht finden: 'T:\\DLR\\Analysis3\\Input\\NasaFlood\\02_GWP_gtiff\\h14v09'
2025-10-25 17:36:32,602 - WARNING - Keine passenden Dateien für h14v09, 2010 gefunden
2025-10-25 17:36:32,602 - INFO - Verarbeite Tile h14v09 für Jahr 2021
2025-10-25 17:36:32,608 - ERROR - Fehler beim Suchen von Dateien für h14v09, 2021: [WinError 3] Das System kann den angegebenen Pfad nicht finden: 'T:\\DLR\\Analysis3\\Input\\NasaFlood\\02_GWP_gtiff\\h14v09'
2025-10-25 17:36:32,608 - WARNING - Keine passenden Dateien für h14v09, 2021 gefunden
2025-10-25 17:36:32,609 - INFO - Verarbeite Tile h11v11 für Jahr 2010
2025-10-25 17:36:32,616 - ERROR - Fehler beim Suchen von Dateien für h11v11, 2010: [WinError 3] Das System kann den angegebenen Pfad nicht finden: 'T:\\DLR\\Analysis3\\Input\\NasaFlood\\02_GWP_gtiff\\h11v11'
2025-10-25 17:36:32,616 - WARNING - Keine passenden Dateien für h11v11, 2010 gefunden
2025-10-25 17:36:32,616 - INFO - Verarbeite Tile h11v11 für Jahr 2021
2025-10-25 17:36:32,624 - ERROR - Fehler beim Suchen von Dateien für h11v11, 2021: [WinError 3] Das System kann den angegebenen Pfad nicht finden: 'T:\\DLR\\Analysis3\\Input\\NasaFlood\\02_GWP_gtiff\\h11v11'
2025-10-25 17:36:32,624 - WARNING - Keine passenden Dateien für h11v11, 2021 gefunden
2025-10-25 17:36:32,625 - INFO - Verarbeite Tile h09v04 für Jahr 2010
2025-10-25 17:36:32,648 - ERROR - Fehler beim Suchen von Dateien für h09v04, 2010: [WinError 3] Das System kann den angegebenen Pfad nicht finden: 'T:\\DLR\\Analysis3\\Input\\NasaFlood\\02_GWP_gtiff\\h09v04'
2025-10-25 17:36:32,648 - WARNING - Keine passenden Dateien für h09v04, 2010 gefunden
2025-10-25 17:36:32,651 - INFO - Verarbeite Tile h09v04 für Jahr 2021
2025-10-25 17:36:32,673 - ERROR - Fehler beim Suchen von Dateien für h09v04, 2021: [WinError 3] Das System kann den angegebenen Pfad nicht finden: 'T:\\DLR\\Analysis3\\Input\\NasaFlood\\02_GWP_gtiff\\h09v04'
2025-10-25 17:36:32,674 - WARNING - Keine passenden Dateien für h09v04, 2021 gefunden
2025-10-25 17:36:32,676 - INFO - Verarbeite Tile h10v05 für Jahr 2010
2025-10-25 17:36:32,683 - ERROR - Fehler beim Suchen von Dateien für h10v05, 2010: [WinError 3] Das System kann den angegebenen Pfad nicht finden: 'T:\\DLR\\Analysis3\\Input\\NasaFlood\\02_GWP_gtiff\\h10v05'
2025-10-25 17:36:32,683 - WARNING - Keine passenden Dateien für h10v05, 2010 gefunden
2025-10-25 17:36:32,683 - INFO - Verarbeite Tile h10v05 für Jahr 2021
2025-10-25 17:36:32,689 - ERROR - Fehler beim Suchen von Dateien für h10v05, 2021: [WinError 3] Das System kann den angegebenen Pfad nicht finden: 'T:\\DLR\\Analysis3\\Input\\NasaFlood\\02_GWP_gtiff\\h10v05'
2025-10-25 17:36:32,689 - WARNING - Keine passenden Dateien für h10v05, 2021 gefunden
2025-10-25 17:36:32,689 - INFO - Verarbeite Tile h27v06 für Jahr 2010
2025-10-25 17:36:32,696 - ERROR - Fehler beim Suchen von Dateien für h27v06, 2010: [WinError 3] Das System kann den angegebenen Pfad nicht finden: 'T:\\DLR\\Analysis3\\Input\\NasaFlood\\02_GWP_gtiff\\h27v06'
2025-10-25 17:36:32,696 - WARNING - Keine passenden Dateien für h27v06, 2010 gefunden
2025-10-25 17:36:32,697 - INFO - Verarbeite Tile h27v06 für Jahr 2021
2025-10-25 17:36:32,703 - ERROR - Fehler beim Suchen von Dateien für h27v06, 2021: [WinError 3] Das System kann den angegebenen Pfad nicht finden: 'T:\\DLR\\Analysis3\\Input\\NasaFlood\\02_GWP_gtiff\\h27v06'
2025-10-25 17:36:32,703 - WARNING - Keine passenden Dateien für h27v06, 2021 gefunden
2025-10-25 17:36:32,704 - INFO - Verarbeite Tile h26v06 für Jahr 2010
2025-10-25 17:36:32,712 - ERROR - Fehler beim Suchen von Dateien für h26v06, 2010: [WinError 3] Das System kann den angegebenen Pfad nicht finden: 'T:\\DLR\\Analysis3\\Input\\NasaFlood\\02_GWP_gtiff\\h26v06'
2025-10-25 17:36:32,712 - WARNING - Keine passenden Dateien für h26v06, 2010 gefunden
2025-10-25 17:36:32,713 - INFO - Verarbeite Tile h26v06 für Jahr 2021
2025-10-25 17:36:32,722 - ERROR - Fehler beim Suchen von Dateien für h26v06, 2021: [WinError 3] Das System kann den angegebenen Pfad nicht finden: 'T:\\DLR\\Analysis3\\Input\\NasaFlood\\02_GWP_gtiff\\h26v06'
2025-10-25 17:36:32,722 - WARNING - Keine passenden Dateien für h26v06, 2021 gefunden
2025-10-25 17:36:32,723 - INFO - Verarbeite Tile h25v02 für Jahr 2010
2025-10-25 17:36:32,743 - ERROR - Fehler beim Suchen von Dateien für h25v02, 2010: [WinError 3] Das System kann den angegebenen Pfad nicht finden: 'T:\\DLR\\Analysis3\\Input\\NasaFlood\\02_GWP_gtiff\\h25v02'
2025-10-25 17:36:32,743 - WARNING - Keine passenden Dateien für h25v02, 2010 gefunden
2025-10-25 17:36:32,746 - INFO - Verarbeite Tile h25v02 für Jahr 2021
2025-10-25 17:36:32,766 - ERROR - Fehler beim Suchen von Dateien für h25v02, 2021: [WinError 3] Das System kann den angegebenen Pfad nicht finden: 'T:\\DLR\\Analysis3\\Input\\NasaFlood\\02_GWP_gtiff\\h25v02'
2025-10-25 17:36:32,766 - WARNING - Keine passenden Dateien für h25v02, 2021 gefunden
2025-10-25 17:36:32,769 - INFO - Verarbeite Tile h23v04 für Jahr 2010
2025-10-25 17:36:32,782 - ERROR - Fehler beim Suchen von Dateien für h23v04, 2010: [WinError 3] Das System kann den angegebenen Pfad nicht finden: 'T:\\DLR\\Analysis3\\Input\\NasaFlood\\02_GWP_gtiff\\h23v04'
2025-10-25 17:36:32,782 - WARNING - Keine passenden Dateien für h23v04, 2010 gefunden
2025-10-25 17:36:32,784 - INFO - Verarbeite Tile h23v04 für Jahr 2021
2025-10-25 17:36:32,796 - ERROR - Fehler beim Suchen von Dateien für h23v04, 2021: [WinError 3] Das System kann den angegebenen Pfad nicht finden: 'T:\\DLR\\Analysis3\\Input\\NasaFlood\\02_GWP_gtiff\\h23v04'
2025-10-25 17:36:32,796 - WARNING - Keine passenden Dateien für h23v04, 2021 gefunden
2025-10-25 17:36:32,797 - INFO - Verarbeite Tile h21v09 für Jahr 2010
2025-10-25 17:36:32,807 - ERROR - Fehler beim Suchen von Dateien für h21v09, 2010: [WinError 3] Das System kann den angegebenen Pfad nicht finden: 'T:\\DLR\\Analysis3\\Input\\NasaFlood\\02_GWP_gtiff\\h21v09'
2025-10-25 17:36:32,807 - WARNING - Keine passenden Dateien für h21v09, 2010 gefunden
2025-10-25 17:36:32,808 - INFO - Verarbeite Tile h21v09 für Jahr 2021
2025-10-25 17:36:32,816 - ERROR - Fehler beim Suchen von Dateien für h21v09, 2021: [WinError 3] Das System kann den angegebenen Pfad nicht finden: 'T:\\DLR\\Analysis3\\Input\\NasaFlood\\02_GWP_gtiff\\h21v09'
2025-10-25 17:36:32,816 - WARNING - Keine passenden Dateien für h21v09, 2021 gefunden
2025-10-25 17:36:32,816 - INFO - Verarbeite Tile h21v05 für Jahr 2010
2025-10-25 17:36:32,824 - ERROR - Fehler beim Suchen von Dateien für h21v05, 2010: [WinError 3] Das System kann den angegebenen Pfad nicht finden: 'T:\\DLR\\Analysis3\\Input\\NasaFlood\\02_GWP_gtiff\\h21v05'
2025-10-25 17:36:32,824 - WARNING - Keine passenden Dateien für h21v05, 2010 gefunden
2025-10-25 17:36:32,825 - INFO - Verarbeite Tile h21v05 für Jahr 2021
2025-10-25 17:36:32,834 - ERROR - Fehler beim Suchen von Dateien für h21v05, 2021: [WinError 3] Das System kann den angegebenen Pfad nicht finden: 'T:\\DLR\\Analysis3\\Input\\NasaFlood\\02_GWP_gtiff\\h21v05'
2025-10-25 17:36:32,834 - WARNING - Keine passenden Dateien für h21v05, 2021 gefunden
2025-10-25 17:36:32,834 - INFO - Verarbeite Tile h19v02 für Jahr 2010
2025-10-25 17:36:32,850 - ERROR - Fehler beim Suchen von Dateien für h19v02, 2010: [WinError 3] Das System kann den angegebenen Pfad nicht finden: 'T:\\DLR\\Analysis3\\Input\\NasaFlood\\02_GWP_gtiff\\h19v02'
2025-10-25 17:36:32,851 - WARNING - Keine passenden Dateien für h19v02, 2010 gefunden
2025-10-25 17:36:32,852 - INFO - Verarbeite Tile h19v02 für Jahr 2021
2025-10-25 17:36:32,869 - ERROR - Fehler beim Suchen von Dateien für h19v02, 2021: [WinError 3] Das System kann den angegebenen Pfad nicht finden: 'T:\\DLR\\Analysis3\\Input\\NasaFlood\\02_GWP_gtiff\\h19v02'
2025-10-25 17:36:32,869 - WARNING - Keine passenden Dateien für h19v02, 2021 gefunden
2025-10-25 17:36:32,870 - INFO - Verarbeite Tile h17v07 für Jahr 2010
2025-10-25 17:36:32,876 - ERROR - Fehler beim Suchen von Dateien für h17v07, 2010: [WinError 3] Das System kann den angegebenen Pfad nicht finden: 'T:\\DLR\\Analysis3\\Input\\NasaFlood\\02_GWP_gtiff\\h17v07'
2025-10-25 17:36:32,876 - WARNING - Keine passenden Dateien für h17v07, 2010 gefunden
2025-10-25 17:36:32,877 - INFO - Verarbeite Tile h17v07 für Jahr 2021
2025-10-25 17:36:32,882 - ERROR - Fehler beim Suchen von Dateien für h17v07, 2021: [WinError 3] Das System kann den angegebenen Pfad nicht finden: 'T:\\DLR\\Analysis3\\Input\\NasaFlood\\02_GWP_gtiff\\h17v07'
2025-10-25 17:36:32,883 - WARNING - Keine passenden Dateien für h17v07, 2021 gefunden
2025-10-25 17:36:32,883 - INFO - Verarbeite Tile h14v02 für Jahr 2010
2025-10-25 17:36:32,887 - ERROR - Fehler beim Suchen von Dateien für h14v02, 2010: [WinError 3] Das System kann den angegebenen Pfad nicht finden: 'T:\\DLR\\Analysis3\\Input\\NasaFlood\\02_GWP_gtiff\\h14v02'
2025-10-25 17:36:32,888 - WARNING - Keine passenden Dateien für h14v02, 2010 gefunden
2025-10-25 17:36:32,888 - INFO - Verarbeite Tile h14v02 für Jahr 2021
2025-10-25 17:36:32,892 - ERROR - Fehler beim Suchen von Dateien für h14v02, 2021: [WinError 3] Das System kann den angegebenen Pfad nicht finden: 'T:\\DLR\\Analysis3\\Input\\NasaFlood\\02_GWP_gtiff\\h14v02'
2025-10-25 17:36:32,892 - WARNING - Keine passenden Dateien für h14v02, 2021 gefunden
2025-10-25 17:36:32,893 - INFO - Verarbeite Tile h12v12 für Jahr 2010
2025-10-25 17:36:32,900 - ERROR - Fehler beim Suchen von Dateien für h12v12, 2010: [WinError 3] Das System kann den angegebenen Pfad nicht finden: 'T:\\DLR\\Analysis3\\Input\\NasaFlood\\02_GWP_gtiff\\h12v12'
2025-10-25 17:36:32,900 - WARNING - Keine passenden Dateien für h12v12, 2010 gefunden
2025-10-25 17:36:32,900 - INFO - Verarbeite Tile h12v12 für Jahr 2021
2025-10-25 17:36:32,907 - ERROR - Fehler beim Suchen von Dateien für h12v12, 2021: [WinError 3] Das System kann den angegebenen Pfad nicht finden: 'T:\\DLR\\Analysis3\\Input\\NasaFlood\\02_GWP_gtiff\\h12v12'
2025-10-25 17:36:32,907 - WARNING - Keine passenden Dateien für h12v12, 2021 gefunden
2025-10-25 17:36:32,908 - INFO - Verarbeite Tile h12v08 für Jahr 2010
2025-10-25 17:36:32,913 - ERROR - Fehler beim Suchen von Dateien für h12v08, 2010: [WinError 3] Das System kann den angegebenen Pfad nicht finden: 'T:\\DLR\\Analysis3\\Input\\NasaFlood\\02_GWP_gtiff\\h12v08'
2025-10-25 17:36:32,913 - WARNING - Keine passenden Dateien für h12v08, 2010 gefunden
2025-10-25 17:36:32,914 - INFO - Verarbeite Tile h12v08 für Jahr 2021
2025-10-25 17:36:32,920 - ERROR - Fehler beim Suchen von Dateien für h12v08, 2021: [WinError 3] Das System kann den angegebenen Pfad nicht finden: 'T:\\DLR\\Analysis3\\Input\\NasaFlood\\02_GWP_gtiff\\h12v08'
2025-10-25 17:36:32,920 - WARNING - Keine passenden Dateien für h12v08, 2021 gefunden
2025-10-25 17:36:32,920 - INFO - Verarbeite Tile h19v12 für Jahr 2010
2025-10-25 17:36:32,925 - ERROR - Fehler beim Suchen von Dateien für h19v12, 2010: [WinError 3] Das System kann den angegebenen Pfad nicht finden: 'T:\\DLR\\Analysis3\\Input\\NasaFlood\\02_GWP_gtiff\\h19v12'
2025-10-25 17:36:32,925 - WARNING - Keine passenden Dateien für h19v12, 2010 gefunden
2025-10-25 17:36:32,925 - INFO - Verarbeite Tile h19v12 für Jahr 2021
2025-10-25 17:36:32,929 - ERROR - Fehler beim Suchen von Dateien für h19v12, 2021: [WinError 3] Das System kann den angegebenen Pfad nicht finden: 'T:\\DLR\\Analysis3\\Input\\NasaFlood\\02_GWP_gtiff\\h19v12'
2025-10-25 17:36:32,929 - WARNING - Keine passenden Dateien für h19v12, 2021 gefunden
2025-10-25 17:36:32,930 - WARNING - Keine Ergebnisse gefunden!
2025-10-25 17:52:25,595 - INFO - Verarbeite Tile h22v04 für Jahr 2010
2025-10-25 17:52:25,631 - ERROR - Fehler beim Suchen von Dateien für h22v04, 2010: [WinError 3] Das System kann den angegebenen Pfad nicht finden: 'T:\\DLR\\Analysis3\\Input\\NasaFlood\\02_GWP_gtiff\\h22v04'
2025-10-25 17:52:25,632 - WARNING - Keine passenden Dateien für h22v04, 2010 gefunden
2025-10-25 17:52:25,632 - INFO - Verarbeite Tile h22v04 für Jahr 2021
2025-10-25 17:52:25,642 - ERROR - Fehler beim Suchen von Dateien für h22v04, 2021: [WinError 3] Das System kann den angegebenen Pfad nicht finden: 'T:\\DLR\\Analysis3\\Input\\NasaFlood\\02_GWP_gtiff\\h22v04'
2025-10-25 17:52:25,643 - WARNING - Keine passenden Dateien für h22v04, 2021 gefunden
2025-10-25 17:52:25,643 - INFO - Verarbeite Tile h29v06 für Jahr 2010
2025-10-25 17:52:25,659 - ERROR - Fehler beim Suchen von Dateien für h29v06, 2010: [WinError 3] Das System kann den angegebenen Pfad nicht finden: 'T:\\DLR\\Analysis3\\Input\\NasaFlood\\02_GWP_gtiff\\h29v06'
2025-10-25 17:52:25,659 - WARNING - Keine passenden Dateien für h29v06, 2010 gefunden
2025-10-25 17:52:25,661 - INFO - Verarbeite Tile h29v06 für Jahr 2021
2025-10-25 17:52:25,676 - ERROR - Fehler beim Suchen von Dateien für h29v06, 2021: [WinError 3] Das System kann den angegebenen Pfad nicht finden: 'T:\\DLR\\Analysis3\\Input\\NasaFlood\\02_GWP_gtiff\\h29v06'
2025-10-25 17:52:25,677 - WARNING - Keine passenden Dateien für h29v06, 2021 gefunden
2025-10-25 17:52:25,679 - INFO - Verarbeite Tile h09v05 für Jahr 2010
2025-10-25 17:52:25,694 - ERROR - Fehler beim Suchen von Dateien für h09v05, 2010: [WinError 3] Das System kann den angegebenen Pfad nicht finden: 'T:\\DLR\\Analysis3\\Input\\NasaFlood\\02_GWP_gtiff\\h09v05'
2025-10-25 17:52:25,695 - WARNING - Keine passenden Dateien für h09v05, 2010 gefunden
2025-10-25 17:52:25,696 - INFO - Verarbeite Tile h09v05 für Jahr 2021
2025-10-25 17:52:25,712 - ERROR - Fehler beim Suchen von Dateien für h09v05, 2021: [WinError 3] Das System kann den angegebenen Pfad nicht finden: 'T:\\DLR\\Analysis3\\Input\\NasaFlood\\02_GWP_gtiff\\h09v05'
2025-10-25 17:52:25,712 - WARNING - Keine passenden Dateien für h09v05, 2021 gefunden
2025-10-25 17:52:25,714 - INFO - Verarbeite Tile h11v10 für Jahr 2010
2025-10-25 17:52:25,724 - ERROR - Fehler beim Suchen von Dateien für h11v10, 2010: [WinError 3] Das System kann den angegebenen Pfad nicht finden: 'T:\\DLR\\Analysis3\\Input\\NasaFlood\\02_GWP_gtiff\\h11v10'
2025-10-25 17:52:25,724 - WARNING - Keine passenden Dateien für h11v10, 2010 gefunden
2025-10-25 17:52:25,725 - INFO - Verarbeite Tile h11v10 für Jahr 2021
2025-10-25 17:52:25,733 - ERROR - Fehler beim Suchen von Dateien für h11v10, 2021: [WinError 3] Das System kann den angegebenen Pfad nicht finden: 'T:\\DLR\\Analysis3\\Input\\NasaFlood\\02_GWP_gtiff\\h11v10'
2025-10-25 17:52:25,734 - WARNING - Keine passenden Dateien für h11v10, 2021 gefunden
2025-10-25 17:52:25,734 - INFO - Verarbeite Tile h08v05 für Jahr 2010
2025-10-25 17:52:25,751 - ERROR - Fehler beim Suchen von Dateien für h08v05, 2010: [WinError 3] Das System kann den angegebenen Pfad nicht finden: 'T:\\DLR\\Analysis3\\Input\\NasaFlood\\02_GWP_gtiff\\h08v05'
2025-10-25 17:52:25,751 - WARNING - Keine passenden Dateien für h08v05, 2010 gefunden
2025-10-25 17:52:25,753 - INFO - Verarbeite Tile h08v05 für Jahr 2021
2025-10-25 17:52:25,770 - ERROR - Fehler beim Suchen von Dateien für h08v05, 2021: [WinError 3] Das System kann den angegebenen Pfad nicht finden: 'T:\\DLR\\Analysis3\\Input\\NasaFlood\\02_GWP_gtiff\\h08v05'
2025-10-25 17:52:25,770 - WARNING - Keine passenden Dateien für h08v05, 2021 gefunden
2025-10-25 17:52:25,773 - INFO - Verarbeite Tile h24v04 für Jahr 2010
2025-10-25 17:52:25,782 - ERROR - Fehler beim Suchen von Dateien für h24v04, 2010: [WinError 3] Das System kann den angegebenen Pfad nicht finden: 'T:\\DLR\\Analysis3\\Input\\NasaFlood\\02_GWP_gtiff\\h24v04'
2025-10-25 17:52:25,782 - WARNING - Keine passenden Dateien für h24v04, 2010 gefunden
2025-10-25 17:52:25,783 - INFO - Verarbeite Tile h24v04 für Jahr 2021
2025-10-25 17:52:25,791 - ERROR - Fehler beim Suchen von Dateien für h24v04, 2021: [WinError 3] Das System kann den angegebenen Pfad nicht finden: 'T:\\DLR\\Analysis3\\Input\\NasaFlood\\02_GWP_gtiff\\h24v04'
2025-10-25 17:52:25,792 - WARNING - Keine passenden Dateien für h24v04, 2021 gefunden
2025-10-25 17:52:25,792 - INFO - Verarbeite Tile h06v04 für Jahr 2010
2025-10-25 17:52:25,803 - ERROR - Fehler beim Suchen von Dateien für h06v04, 2010: [WinError 3] Das System kann den angegebenen Pfad nicht finden: 'T:\\DLR\\Analysis3\\Input\\NasaFlood\\02_GWP_gtiff\\h06v04'
2025-10-25 17:52:25,803 - WARNING - Keine passenden Dateien für h06v04, 2010 gefunden
2025-10-25 17:52:25,805 - INFO - Verarbeite Tile h06v04 für Jahr 2021
2025-10-25 17:52:25,815 - ERROR - Fehler beim Suchen von Dateien für h06v04, 2021: [WinError 3] Das System kann den angegebenen Pfad nicht finden: 'T:\\DLR\\Analysis3\\Input\\NasaFlood\\02_GWP_gtiff\\h06v04'
2025-10-25 17:52:25,816 - WARNING - Keine passenden Dateien für h06v04, 2021 gefunden
2025-10-25 17:52:25,816 - INFO - Verarbeite Tile h30v10 für Jahr 2010
2025-10-25 17:52:25,823 - ERROR - Fehler beim Suchen von Dateien für h30v10, 2010: [WinError 3] Das System kann den angegebenen Pfad nicht finden: 'T:\\DLR\\Analysis3\\Input\\NasaFlood\\02_GWP_gtiff\\h30v10'
2025-10-25 17:52:25,823 - WARNING - Keine passenden Dateien für h30v10, 2010 gefunden
2025-10-25 17:52:25,823 - INFO - Verarbeite Tile h30v10 für Jahr 2021
2025-10-25 17:52:25,829 - ERROR - Fehler beim Suchen von Dateien für h30v10, 2021: [WinError 3] Das System kann den angegebenen Pfad nicht finden: 'T:\\DLR\\Analysis3\\Input\\NasaFlood\\02_GWP_gtiff\\h30v10'
2025-10-25 17:52:25,829 - WARNING - Keine passenden Dateien für h30v10, 2021 gefunden
2025-10-25 17:52:25,829 - INFO - Verarbeite Tile h22v04 für Jahr 2010
2025-10-25 17:52:25,838 - ERROR - Fehler beim Suchen von Dateien für h22v04, 2010: [WinError 3] Das System kann den angegebenen Pfad nicht finden: 'T:\\DLR\\Analysis3\\Input\\NasaFlood\\02_GWP_gtiff\\h22v04'
2025-10-25 17:52:25,838 - WARNING - Keine passenden Dateien für h22v04, 2010 gefunden
2025-10-25 17:52:25,839 - INFO - Verarbeite Tile h22v04 für Jahr 2021
2025-10-25 17:52:25,847 - ERROR - Fehler beim Suchen von Dateien für h22v04, 2021: [WinError 3] Das System kann den angegebenen Pfad nicht finden: 'T:\\DLR\\Analysis3\\Input\\NasaFlood\\02_GWP_gtiff\\h22v04'
2025-10-25 17:52:25,847 - WARNING - Keine passenden Dateien für h22v04, 2021 gefunden
2025-10-25 17:52:25,847 - INFO - Verarbeite Tile h19v07 für Jahr 2010
2025-10-25 17:52:25,859 - ERROR - Fehler beim Suchen von Dateien für h19v07, 2010: [WinError 3] Das System kann den angegebenen Pfad nicht finden: 'T:\\DLR\\Analysis3\\Input\\NasaFlood\\02_GWP_gtiff\\h19v07'
2025-10-25 17:52:25,860 - WARNING - Keine passenden Dateien für h19v07, 2010 gefunden
2025-10-25 17:52:25,861 - INFO - Verarbeite Tile h19v07 für Jahr 2021
2025-10-25 17:52:25,873 - ERROR - Fehler beim Suchen von Dateien für h19v07, 2021: [WinError 3] Das System kann den angegebenen Pfad nicht finden: 'T:\\DLR\\Analysis3\\Input\\NasaFlood\\02_GWP_gtiff\\h19v07'
2025-10-25 17:52:25,873 - WARNING - Keine passenden Dateien für h19v07, 2021 gefunden
2025-10-25 17:52:25,874 - INFO - Verarbeite Tile h14v09 für Jahr 2010
2025-10-25 17:52:25,880 - ERROR - Fehler beim Suchen von Dateien für h14v09, 2010: [WinError 3] Das System kann den angegebenen Pfad nicht finden: 'T:\\DLR\\Analysis3\\Input\\NasaFlood\\02_GWP_gtiff\\h14v09'
2025-10-25 17:52:25,881 - WARNING - Keine passenden Dateien für h14v09, 2010 gefunden
2025-10-25 17:52:25,881 - INFO - Verarbeite Tile h14v09 für Jahr 2021
2025-10-25 17:52:25,887 - ERROR - Fehler beim Suchen von Dateien für h14v09, 2021: [WinError 3] Das System kann den angegebenen Pfad nicht finden: 'T:\\DLR\\Analysis3\\Input\\NasaFlood\\02_GWP_gtiff\\h14v09'
2025-10-25 17:52:25,887 - WARNING - Keine passenden Dateien für h14v09, 2021 gefunden
2025-10-25 17:52:25,887 - INFO - Verarbeite Tile h11v11 für Jahr 2010
2025-10-25 17:52:25,894 - ERROR - Fehler beim Suchen von Dateien für h11v11, 2010: [WinError 3] Das System kann den angegebenen Pfad nicht finden: 'T:\\DLR\\Analysis3\\Input\\NasaFlood\\02_GWP_gtiff\\h11v11'
2025-10-25 17:52:25,894 - WARNING - Keine passenden Dateien für h11v11, 2010 gefunden
2025-10-25 17:52:25,894 - INFO - Verarbeite Tile h11v11 für Jahr 2021
2025-10-25 17:52:25,901 - ERROR - Fehler beim Suchen von Dateien für h11v11, 2021: [WinError 3] Das System kann den angegebenen Pfad nicht finden: 'T:\\DLR\\Analysis3\\Input\\NasaFlood\\02_GWP_gtiff\\h11v11'
2025-10-25 17:52:25,901 - WARNING - Keine passenden Dateien für h11v11, 2021 gefunden
2025-10-25 17:52:25,901 - INFO - Verarbeite Tile h09v04 für Jahr 2010
2025-10-25 17:52:25,924 - ERROR - Fehler beim Suchen von Dateien für h09v04, 2010: [WinError 3] Das System kann den angegebenen Pfad nicht finden: 'T:\\DLR\\Analysis3\\Input\\NasaFlood\\02_GWP_gtiff\\h09v04'
2025-10-25 17:52:25,924 - WARNING - Keine passenden Dateien für h09v04, 2010 gefunden
2025-10-25 17:52:25,926 - INFO - Verarbeite Tile h09v04 für Jahr 2021
2025-10-25 17:52:25,947 - ERROR - Fehler beim Suchen von Dateien für h09v04, 2021: [WinError 3] Das System kann den angegebenen Pfad nicht finden: 'T:\\DLR\\Analysis3\\Input\\NasaFlood\\02_GWP_gtiff\\h09v04'
2025-10-25 17:52:25,947 - WARNING - Keine passenden Dateien für h09v04, 2021 gefunden
2025-10-25 17:52:25,949 - INFO - Verarbeite Tile h10v05 für Jahr 2010
2025-10-25 17:52:25,956 - ERROR - Fehler beim Suchen von Dateien für h10v05, 2010: [WinError 3] Das System kann den angegebenen Pfad nicht finden: 'T:\\DLR\\Analysis3\\Input\\NasaFlood\\02_GWP_gtiff\\h10v05'
2025-10-25 17:52:25,957 - WARNING - Keine passenden Dateien für h10v05, 2010 gefunden
2025-10-25 17:52:25,957 - INFO - Verarbeite Tile h10v05 für Jahr 2021
2025-10-25 17:52:25,963 - ERROR - Fehler beim Suchen von Dateien für h10v05, 2021: [WinError 3] Das System kann den angegebenen Pfad nicht finden: 'T:\\DLR\\Analysis3\\Input\\NasaFlood\\02_GWP_gtiff\\h10v05'
2025-10-25 17:52:25,963 - WARNING - Keine passenden Dateien für h10v05, 2021 gefunden
2025-10-25 17:52:25,963 - INFO - Verarbeite Tile h27v06 für Jahr 2010
2025-10-25 17:52:25,970 - ERROR - Fehler beim Suchen von Dateien für h27v06, 2010: [WinError 3] Das System kann den angegebenen Pfad nicht finden: 'T:\\DLR\\Analysis3\\Input\\NasaFlood\\02_GWP_gtiff\\h27v06'
2025-10-25 17:52:25,970 - WARNING - Keine passenden Dateien für h27v06, 2010 gefunden
2025-10-25 17:52:25,971 - INFO - Verarbeite Tile h27v06 für Jahr 2021
2025-10-25 17:52:25,977 - ERROR - Fehler beim Suchen von Dateien für h27v06, 2021: [WinError 3] Das System kann den angegebenen Pfad nicht finden: 'T:\\DLR\\Analysis3\\Input\\NasaFlood\\02_GWP_gtiff\\h27v06'
2025-10-25 17:52:25,977 - WARNING - Keine passenden Dateien für h27v06, 2021 gefunden
2025-10-25 17:52:25,977 - INFO - Verarbeite Tile h26v06 für Jahr 2010
2025-10-25 17:52:25,985 - ERROR - Fehler beim Suchen von Dateien für h26v06, 2010: [WinError 3] Das System kann den angegebenen Pfad nicht finden: 'T:\\DLR\\Analysis3\\Input\\NasaFlood\\02_GWP_gtiff\\h26v06'
2025-10-25 17:52:25,985 - WARNING - Keine passenden Dateien für h26v06, 2010 gefunden
2025-10-25 17:52:25,986 - INFO - Verarbeite Tile h26v06 für Jahr 2021
2025-10-25 17:52:25,994 - ERROR - Fehler beim Suchen von Dateien für h26v06, 2021: [WinError 3] Das System kann den angegebenen Pfad nicht finden: 'T:\\DLR\\Analysis3\\Input\\NasaFlood\\02_GWP_gtiff\\h26v06'
2025-10-25 17:52:25,994 - WARNING - Keine passenden Dateien für h26v06, 2021 gefunden
2025-10-25 17:52:25,995 - INFO - Verarbeite Tile h25v02 für Jahr 2010
2025-10-25 17:52:26,013 - ERROR - Fehler beim Suchen von Dateien für h25v02, 2010: [WinError 3] Das System kann den angegebenen Pfad nicht finden: 'T:\\DLR\\Analysis3\\Input\\NasaFlood\\02_GWP_gtiff\\h25v02'
2025-10-25 17:52:26,014 - WARNING - Keine passenden Dateien für h25v02, 2010 gefunden
2025-10-25 17:52:26,016 - INFO - Verarbeite Tile h25v02 für Jahr 2021
2025-10-25 17:52:26,034 - ERROR - Fehler beim Suchen von Dateien für h25v02, 2021: [WinError 3] Das System kann den angegebenen Pfad nicht finden: 'T:\\DLR\\Analysis3\\Input\\NasaFlood\\02_GWP_gtiff\\h25v02'
2025-10-25 17:52:26,035 - WARNING - Keine passenden Dateien für h25v02, 2021 gefunden
2025-10-25 17:52:26,037 - INFO - Verarbeite Tile h23v04 für Jahr 2010
2025-10-25 17:52:26,049 - ERROR - Fehler beim Suchen von Dateien für h23v04, 2010: [WinError 3] Das System kann den angegebenen Pfad nicht finden: 'T:\\DLR\\Analysis3\\Input\\NasaFlood\\02_GWP_gtiff\\h23v04'
2025-10-25 17:52:26,049 - WARNING - Keine passenden Dateien für h23v04, 2010 gefunden
2025-10-25 17:52:26,050 - INFO - Verarbeite Tile h23v04 für Jahr 2021
2025-10-25 17:52:26,061 - ERROR - Fehler beim Suchen von Dateien für h23v04, 2021: [WinError 3] Das System kann den angegebenen Pfad nicht finden: 'T:\\DLR\\Analysis3\\Input\\NasaFlood\\02_GWP_gtiff\\h23v04'
2025-10-25 17:52:26,062 - WARNING - Keine passenden Dateien für h23v04, 2021 gefunden
2025-10-25 17:52:26,063 - INFO - Verarbeite Tile h21v09 für Jahr 2010
2025-10-25 17:52:26,071 - ERROR - Fehler beim Suchen von Dateien für h21v09, 2010: [WinError 3] Das System kann den angegebenen Pfad nicht finden: 'T:\\DLR\\Analysis3\\Input\\NasaFlood\\02_GWP_gtiff\\h21v09'
2025-10-25 17:52:26,071 - WARNING - Keine passenden Dateien für h21v09, 2010 gefunden
2025-10-25 17:52:26,071 - INFO - Verarbeite Tile h21v09 für Jahr 2021
2025-10-25 17:52:26,079 - ERROR - Fehler beim Suchen von Dateien für h21v09, 2021: [WinError 3] Das System kann den angegebenen Pfad nicht finden: 'T:\\DLR\\Analysis3\\Input\\NasaFlood\\02_GWP_gtiff\\h21v09'
2025-10-25 17:52:26,079 - WARNING - Keine passenden Dateien für h21v09, 2021 gefunden
2025-10-25 17:52:26,079 - INFO - Verarbeite Tile h21v05 für Jahr 2010
2025-10-25 17:52:26,086 - ERROR - Fehler beim Suchen von Dateien für h21v05, 2010: [WinError 3] Das System kann den angegebenen Pfad nicht finden: 'T:\\DLR\\Analysis3\\Input\\NasaFlood\\02_GWP_gtiff\\h21v05'
2025-10-25 17:52:26,086 - WARNING - Keine passenden Dateien für h21v05, 2010 gefunden
2025-10-25 17:52:26,086 - INFO - Verarbeite Tile h21v05 für Jahr 2021
2025-10-25 17:52:26,093 - ERROR - Fehler beim Suchen von Dateien für h21v05, 2021: [WinError 3] Das System kann den angegebenen Pfad nicht finden: 'T:\\DLR\\Analysis3\\Input\\NasaFlood\\02_GWP_gtiff\\h21v05'
2025-10-25 17:52:26,094 - WARNING - Keine passenden Dateien für h21v05, 2021 gefunden
2025-10-25 17:52:26,094 - INFO - Verarbeite Tile h19v02 für Jahr 2010
2025-10-25 17:52:26,108 - ERROR - Fehler beim Suchen von Dateien für h19v02, 2010: [WinError 3] Das System kann den angegebenen Pfad nicht finden: 'T:\\DLR\\Analysis3\\Input\\NasaFlood\\02_GWP_gtiff\\h19v02'
2025-10-25 17:52:26,109 - WARNING - Keine passenden Dateien für h19v02, 2010 gefunden
2025-10-25 17:52:26,110 - INFO - Verarbeite Tile h19v02 für Jahr 2021
2025-10-25 17:52:26,126 - ERROR - Fehler beim Suchen von Dateien für h19v02, 2021: [WinError 3] Das System kann den angegebenen Pfad nicht finden: 'T:\\DLR\\Analysis3\\Input\\NasaFlood\\02_GWP_gtiff\\h19v02'
2025-10-25 17:52:26,126 - WARNING - Keine passenden Dateien für h19v02, 2021 gefunden
2025-10-25 17:52:26,127 - INFO - Verarbeite Tile h17v07 für Jahr 2010
2025-10-25 17:52:26,133 - ERROR - Fehler beim Suchen von Dateien für h17v07, 2010: [WinError 3] Das System kann den angegebenen Pfad nicht finden: 'T:\\DLR\\Analysis3\\Input\\NasaFlood\\02_GWP_gtiff\\h17v07'
2025-10-25 17:52:26,133 - WARNING - Keine passenden Dateien für h17v07, 2010 gefunden
2025-10-25 17:52:26,133 - INFO - Verarbeite Tile h17v07 für Jahr 2021
2025-10-25 17:52:26,139 - ERROR - Fehler beim Suchen von Dateien für h17v07, 2021: [WinError 3] Das System kann den angegebenen Pfad nicht finden: 'T:\\DLR\\Analysis3\\Input\\NasaFlood\\02_GWP_gtiff\\h17v07'
2025-10-25 17:52:26,139 - WARNING - Keine passenden Dateien für h17v07, 2021 gefunden
2025-10-25 17:52:26,140 - INFO - Verarbeite Tile h14v02 für Jahr 2010
2025-10-25 17:52:26,144 - ERROR - Fehler beim Suchen von Dateien für h14v02, 2010: [WinError 3] Das System kann den angegebenen Pfad nicht finden: 'T:\\DLR\\Analysis3\\Input\\NasaFlood\\02_GWP_gtiff\\h14v02'
2025-10-25 17:52:26,144 - WARNING - Keine passenden Dateien für h14v02, 2010 gefunden
2025-10-25 17:52:26,145 - INFO - Verarbeite Tile h14v02 für Jahr 2021
2025-10-25 17:52:26,148 - ERROR - Fehler beim Suchen von Dateien für h14v02, 2021: [WinError 3] Das System kann den angegebenen Pfad nicht finden: 'T:\\DLR\\Analysis3\\Input\\NasaFlood\\02_GWP_gtiff\\h14v02'
2025-10-25 17:52:26,149 - WARNING - Keine passenden Dateien für h14v02, 2021 gefunden
2025-10-25 17:52:26,149 - INFO - Verarbeite Tile h12v12 für Jahr 2010
2025-10-25 17:52:26,156 - ERROR - Fehler beim Suchen von Dateien für h12v12, 2010: [WinError 3] Das System kann den angegebenen Pfad nicht finden: 'T:\\DLR\\Analysis3\\Input\\NasaFlood\\02_GWP_gtiff\\h12v12'
2025-10-25 17:52:26,156 - WARNING - Keine passenden Dateien für h12v12, 2010 gefunden
2025-10-25 17:52:26,156 - INFO - Verarbeite Tile h12v12 für Jahr 2021
2025-10-25 17:52:26,162 - ERROR - Fehler beim Suchen von Dateien für h12v12, 2021: [WinError 3] Das System kann den angegebenen Pfad nicht finden: 'T:\\DLR\\Analysis3\\Input\\NasaFlood\\02_GWP_gtiff\\h12v12'
2025-10-25 17:52:26,163 - WARNING - Keine passenden Dateien für h12v12, 2021 gefunden
2025-10-25 17:52:26,163 - INFO - Verarbeite Tile h12v08 für Jahr 2010
2025-10-25 17:52:26,168 - ERROR - Fehler beim Suchen von Dateien für h12v08, 2010: [WinError 3] Das System kann den angegebenen Pfad nicht finden: 'T:\\DLR\\Analysis3\\Input\\NasaFlood\\02_GWP_gtiff\\h12v08'
2025-10-25 17:52:26,168 - WARNING - Keine passenden Dateien für h12v08, 2010 gefunden
2025-10-25 17:52:26,168 - INFO - Verarbeite Tile h12v08 für Jahr 2021
2025-10-25 17:52:26,174 - ERROR - Fehler beim Suchen von Dateien für h12v08, 2021: [WinError 3] Das System kann den angegebenen Pfad nicht finden: 'T:\\DLR\\Analysis3\\Input\\NasaFlood\\02_GWP_gtiff\\h12v08'
2025-10-25 17:52:26,174 - WARNING - Keine passenden Dateien für h12v08, 2021 gefunden
2025-10-25 17:52:26,175 - INFO - Verarbeite Tile h19v12 für Jahr 2010
2025-10-25 17:52:26,179 - ERROR - Fehler beim Suchen von Dateien für h19v12, 2010: [WinError 3] Das System kann den angegebenen Pfad nicht finden: 'T:\\DLR\\Analysis3\\Input\\NasaFlood\\02_GWP_gtiff\\h19v12'
2025-10-25 17:52:26,179 - WARNING - Keine passenden Dateien für h19v12, 2010 gefunden
2025-10-25 17:52:26,179 - INFO - Verarbeite Tile h19v12 für Jahr 2021
2025-10-25 17:52:26,183 - ERROR - Fehler beim Suchen von Dateien für h19v12, 2021: [WinError 3] Das System kann den angegebenen Pfad nicht finden: 'T:\\DLR\\Analysis3\\Input\\NasaFlood\\02_GWP_gtiff\\h19v12'
2025-10-25 17:52:26,184 - WARNING - Keine passenden Dateien für h19v12, 2021 gefunden
2025-10-25 17:52:26,184 - WARNING - Keine Ergebnisse gefunden!
2025-10-25 17:53:00,446 - INFO - Verarbeite Tile h22v04 für Jahr 2010
2025-10-25 17:53:00,487 - INFO - Insgesamt 100 passende Dateipaare gefunden
2025-10-25 17:53:00,488 - INFO - 100 passende Dateien für h22v04, 2010 gefunden
2025-10-25 17:53:01,478 - ERROR - Fehler bei der Verarbeitung von h22v04, 2010: process_file_pair() missing 5 required positional arguments: 'mwp_file', 'max_extent', 'year', 'doy', and 'tile'
2025-10-25 17:53:01,479 - INFO - Verarbeite Tile h22v04 für Jahr 2021
2025-10-25 17:53:01,502 - INFO - Insgesamt 100 passende Dateipaare gefunden
2025-10-25 17:53:01,503 - INFO - 100 passende Dateien für h22v04, 2021 gefunden
2025-10-25 17:53:02,519 - ERROR - Fehler bei der Verarbeitung von h22v04, 2021: process_file_pair() missing 5 required positional arguments: 'mwp_file', 'max_extent', 'year', 'doy', and 'tile'
2025-10-25 17:53:02,519 - INFO - Verarbeite Tile h29v06 für Jahr 2010
2025-10-25 17:53:02,543 - INFO - Insgesamt 100 passende Dateipaare gefunden
2025-10-25 17:53:02,543 - INFO - 100 passende Dateien für h29v06, 2010 gefunden
2025-10-25 17:53:03,602 - ERROR - Fehler bei der Verarbeitung von h29v06, 2010: process_file_pair() missing 5 required positional arguments: 'mwp_file', 'max_extent', 'year', 'doy', and 'tile'
2025-10-25 17:53:03,603 - INFO - Verarbeite Tile h29v06 für Jahr 2021
2025-10-25 17:53:03,630 - INFO - Insgesamt 100 passende Dateipaare gefunden
2025-10-25 17:53:03,631 - INFO - 100 passende Dateien für h29v06, 2021 gefunden
2025-10-25 17:53:04,697 - ERROR - Fehler bei der Verarbeitung von h29v06, 2021: process_file_pair() missing 5 required positional arguments: 'mwp_file', 'max_extent', 'year', 'doy', and 'tile'
2025-10-25 17:53:04,697 - INFO - Verarbeite Tile h09v05 für Jahr 2010
2025-10-25 17:53:04,721 - INFO - Insgesamt 100 passende Dateipaare gefunden
2025-10-25 17:53:04,722 - INFO - 100 passende Dateien für h09v05, 2010 gefunden
2025-10-25 17:53:05,777 - ERROR - Fehler bei der Verarbeitung von h09v05, 2010: process_file_pair() missing 5 required positional arguments: 'mwp_file', 'max_extent', 'year', 'doy', and 'tile'
2025-10-25 17:53:05,778 - INFO - Verarbeite Tile h09v05 für Jahr 2021
2025-10-25 17:53:05,806 - INFO - Insgesamt 100 passende Dateipaare gefunden
2025-10-25 17:53:05,806 - INFO - 100 passende Dateien für h09v05, 2021 gefunden
2025-10-25 17:53:06,859 - ERROR - Fehler bei der Verarbeitung von h09v05, 2021: process_file_pair() missing 5 required positional arguments: 'mwp_file', 'max_extent', 'year', 'doy', and 'tile'
2025-10-25 17:53:06,860 - INFO - Verarbeite Tile h11v10 für Jahr 2010
2025-10-25 17:53:06,877 - INFO - Insgesamt 100 passende Dateipaare gefunden
2025-10-25 17:53:06,878 - INFO - 100 passende Dateien für h11v10, 2010 gefunden
2025-10-25 17:53:07,844 - ERROR - Fehler bei der Verarbeitung von h11v10, 2010: process_file_pair() missing 5 required positional arguments: 'mwp_file', 'max_extent', 'year', 'doy', and 'tile'
2025-10-25 17:53:07,845 - INFO - Verarbeite Tile h11v10 für Jahr 2021
2025-10-25 17:53:07,864 - INFO - Insgesamt 100 passende Dateipaare gefunden
2025-10-25 17:53:07,865 - INFO - 100 passende Dateien für h11v10, 2021 gefunden
2025-10-25 17:53:08,862 - ERROR - Fehler bei der Verarbeitung von h11v10, 2021: process_file_pair() missing 5 required positional arguments: 'mwp_file', 'max_extent', 'year', 'doy', and 'tile'
2025-10-25 17:53:08,862 - INFO - Verarbeite Tile h08v05 für Jahr 2010
2025-10-25 17:53:08,885 - INFO - Insgesamt 100 passende Dateipaare gefunden
2025-10-25 17:53:08,886 - INFO - 100 passende Dateien für h08v05, 2010 gefunden
2025-10-25 17:53:09,987 - ERROR - Fehler bei der Verarbeitung von h08v05, 2010: process_file_pair() missing 5 required positional arguments: 'mwp_file', 'max_extent', 'year', 'doy', and 'tile'
2025-10-25 17:53:09,987 - INFO - Verarbeite Tile h08v05 für Jahr 2021
2025-10-25 17:53:10,016 - INFO - Insgesamt 100 passende Dateipaare gefunden
2025-10-25 17:53:10,017 - INFO - 100 passende Dateien für h08v05, 2021 gefunden
2025-10-25 17:53:11,107 - ERROR - Fehler bei der Verarbeitung von h08v05, 2021: process_file_pair() missing 5 required positional arguments: 'mwp_file', 'max_extent', 'year', 'doy', and 'tile'
2025-10-25 17:53:11,107 - INFO - Verarbeite Tile h24v04 für Jahr 2010
2025-10-25 17:53:11,125 - INFO - Insgesamt 100 passende Dateipaare gefunden
2025-10-25 17:53:11,125 - INFO - 100 passende Dateien für h24v04, 2010 gefunden
2025-10-25 17:53:12,138 - ERROR - Fehler bei der Verarbeitung von h24v04, 2010: process_file_pair() missing 5 required positional arguments: 'mwp_file', 'max_extent', 'year', 'doy', and 'tile'
2025-10-25 17:53:12,139 - INFO - Verarbeite Tile h24v04 für Jahr 2021
2025-10-25 17:53:12,158 - INFO - Insgesamt 100 passende Dateipaare gefunden
2025-10-25 17:53:12,159 - INFO - 100 passende Dateien für h24v04, 2021 gefunden
2025-10-25 17:53:13,180 - ERROR - Fehler bei der Verarbeitung von h24v04, 2021: process_file_pair() missing 5 required positional arguments: 'mwp_file', 'max_extent', 'year', 'doy', and 'tile'
2025-10-25 17:53:13,180 - INFO - Verarbeite Tile h06v04 für Jahr 2010
2025-10-25 17:53:13,199 - INFO - Insgesamt 100 passende Dateipaare gefunden
2025-10-25 17:53:13,199 - INFO - 100 passende Dateien für h06v04, 2010 gefunden
2025-10-25 17:53:14,237 - ERROR - Fehler bei der Verarbeitung von h06v04, 2010: process_file_pair() missing 5 required positional arguments: 'mwp_file', 'max_extent', 'year', 'doy', and 'tile'
2025-10-25 17:53:14,238 - INFO - Verarbeite Tile h06v04 für Jahr 2021
2025-10-25 17:53:14,260 - INFO - Insgesamt 100 passende Dateipaare gefunden
2025-10-25 17:53:14,260 - INFO - 100 passende Dateien für h06v04, 2021 gefunden
2025-10-25 17:53:15,395 - ERROR - Fehler bei der Verarbeitung von h06v04, 2021: process_file_pair() missing 5 required positional arguments: 'mwp_file', 'max_extent', 'year', 'doy', and 'tile'
2025-10-25 17:53:15,396 - INFO - Verarbeite Tile h30v10 für Jahr 2010
2025-10-25 17:53:15,410 - INFO - Insgesamt 100 passende Dateipaare gefunden
2025-10-25 17:53:15,410 - INFO - 100 passende Dateien für h30v10, 2010 gefunden
2025-10-25 17:53:16,622 - ERROR - Fehler bei der Verarbeitung von h30v10, 2010: process_file_pair() missing 5 required positional arguments: 'mwp_file', 'max_extent', 'year', 'doy', and 'tile'
2025-10-25 17:53:16,623 - INFO - Verarbeite Tile h30v10 für Jahr 2021
2025-10-25 17:53:16,643 - INFO - Insgesamt 100 passende Dateipaare gefunden
2025-10-25 17:53:16,644 - INFO - 100 passende Dateien für h30v10, 2021 gefunden
2025-10-25 17:53:17,854 - ERROR - Fehler bei der Verarbeitung von h30v10, 2021: process_file_pair() missing 5 required positional arguments: 'mwp_file', 'max_extent', 'year', 'doy', and 'tile'
2025-10-25 17:53:17,855 - INFO - Verarbeite Tile h22v04 für Jahr 2010
2025-10-25 17:53:17,873 - INFO - Insgesamt 100 passende Dateipaare gefunden
2025-10-25 17:53:17,874 - INFO - 100 passende Dateien für h22v04, 2010 gefunden
2025-10-25 17:53:19,145 - ERROR - Fehler bei der Verarbeitung von h22v04, 2010: process_file_pair() missing 5 required positional arguments: 'mwp_file', 'max_extent', 'year', 'doy', and 'tile'
2025-10-25 17:53:19,146 - INFO - Verarbeite Tile h22v04 für Jahr 2021
2025-10-25 17:53:19,164 - INFO - Insgesamt 100 passende Dateipaare gefunden
2025-10-25 17:53:19,165 - INFO - 100 passende Dateien für h22v04, 2021 gefunden
2025-10-25 17:53:20,391 - ERROR - Fehler bei der Verarbeitung von h22v04, 2021: process_file_pair() missing 5 required positional arguments: 'mwp_file', 'max_extent', 'year', 'doy', and 'tile'
2025-10-25 17:53:20,392 - INFO - Verarbeite Tile h19v07 für Jahr 2010
2025-10-25 17:53:20,420 - INFO - Insgesamt 100 passende Dateipaare gefunden
2025-10-25 17:53:20,420 - INFO - 100 passende Dateien für h19v07, 2010 gefunden
2025-10-25 17:53:21,742 - ERROR - Fehler bei der Verarbeitung von h19v07, 2010: process_file_pair() missing 5 required positional arguments: 'mwp_file', 'max_extent', 'year', 'doy', and 'tile'
2025-10-25 17:53:21,743 - INFO - Verarbeite Tile h19v07 für Jahr 2021
2025-10-25 17:53:21,766 - INFO - Insgesamt 100 passende Dateipaare gefunden
2025-10-25 17:53:21,767 - INFO - 100 passende Dateien für h19v07, 2021 gefunden
2025-10-25 17:53:23,055 - ERROR - Fehler bei der Verarbeitung von h19v07, 2021: process_file_pair() missing 5 required positional arguments: 'mwp_file', 'max_extent', 'year', 'doy', and 'tile'
2025-10-25 17:53:23,056 - INFO - Verarbeite Tile h14v09 für Jahr 2010
2025-10-25 17:53:23,076 - INFO - Insgesamt 100 passende Dateipaare gefunden
2025-10-25 17:53:23,076 - INFO - 100 passende Dateien für h14v09, 2010 gefunden
2025-10-25 17:53:24,303 - ERROR - Fehler bei der Verarbeitung von h14v09, 2010: process_file_pair() missing 5 required positional arguments: 'mwp_file', 'max_extent', 'year', 'doy', and 'tile'
2025-10-25 17:53:24,304 - INFO - Verarbeite Tile h14v09 für Jahr 2021
2025-10-25 17:53:24,321 - INFO - Insgesamt 100 passende Dateipaare gefunden
2025-10-25 17:53:24,322 - INFO - 100 passende Dateien für h14v09, 2021 gefunden
2025-10-25 17:53:25,561 - ERROR - Fehler bei der Verarbeitung von h14v09, 2021: process_file_pair() missing 5 required positional arguments: 'mwp_file', 'max_extent', 'year', 'doy', and 'tile'
2025-10-25 17:53:25,562 - INFO - Verarbeite Tile h11v11 für Jahr 2010
2025-10-25 17:53:25,575 - INFO - Insgesamt 100 passende Dateipaare gefunden
2025-10-25 17:53:25,575 - INFO - 100 passende Dateien für h11v11, 2010 gefunden
2025-10-25 17:53:26,847 - ERROR - Fehler bei der Verarbeitung von h11v11, 2010: process_file_pair() missing 5 required positional arguments: 'mwp_file', 'max_extent', 'year', 'doy', and 'tile'
2025-10-25 17:53:26,848 - INFO - Verarbeite Tile h11v11 für Jahr 2021
2025-10-25 17:53:26,866 - INFO - Insgesamt 100 passende Dateipaare gefunden
2025-10-25 17:53:26,866 - INFO - 100 passende Dateien für h11v11, 2021 gefunden
2025-10-25 17:53:28,114 - ERROR - Fehler bei der Verarbeitung von h11v11, 2021: process_file_pair() missing 5 required positional arguments: 'mwp_file', 'max_extent', 'year', 'doy', and 'tile'
2025-10-25 17:53:28,115 - INFO - Verarbeite Tile h09v04 für Jahr 2010
2025-10-25 17:53:28,142 - INFO - Insgesamt 100 passende Dateipaare gefunden
2025-10-25 17:53:28,143 - INFO - 100 passende Dateien für h09v04, 2010 gefunden
2025-10-25 17:53:29,534 - ERROR - Fehler bei der Verarbeitung von h09v04, 2010: process_file_pair() missing 5 required positional arguments: 'mwp_file', 'max_extent', 'year', 'doy', and 'tile'
2025-10-25 17:53:29,535 - INFO - Verarbeite Tile h09v04 für Jahr 2021
2025-10-25 17:53:29,571 - INFO - Insgesamt 100 passende Dateipaare gefunden
2025-10-25 17:53:29,571 - INFO - 100 passende Dateien für h09v04, 2021 gefunden
2025-10-25 17:53:30,951 - ERROR - Fehler bei der Verarbeitung von h09v04, 2021: process_file_pair() missing 5 required positional arguments: 'mwp_file', 'max_extent', 'year', 'doy', and 'tile'
2025-10-25 17:53:30,952 - INFO - Verarbeite Tile h10v05 für Jahr 2010
2025-10-25 17:53:30,967 - INFO - Insgesamt 100 passende Dateipaare gefunden
2025-10-25 17:53:30,967 - INFO - 100 passende Dateien für h10v05, 2010 gefunden
2025-10-25 17:53:32,189 - ERROR - Fehler bei der Verarbeitung von h10v05, 2010: process_file_pair() missing 5 required positional arguments: 'mwp_file', 'max_extent', 'year', 'doy', and 'tile'
2025-10-25 17:53:32,190 - INFO - Verarbeite Tile h10v05 für Jahr 2021
2025-10-25 17:53:32,206 - INFO - Insgesamt 100 passende Dateipaare gefunden
2025-10-25 17:53:32,207 - INFO - 100 passende Dateien für h10v05, 2021 gefunden
2025-10-25 17:53:33,431 - ERROR - Fehler bei der Verarbeitung von h10v05, 2021: process_file_pair() missing 5 required positional arguments: 'mwp_file', 'max_extent', 'year', 'doy', and 'tile'
2025-10-25 17:53:33,432 - INFO - Verarbeite Tile h27v06 für Jahr 2010
2025-10-25 17:53:33,445 - INFO - Insgesamt 100 passende Dateipaare gefunden
2025-10-25 17:53:33,445 - INFO - 100 passende Dateien für h27v06, 2010 gefunden
2025-10-25 17:53:34,630 - ERROR - Fehler bei der Verarbeitung von h27v06, 2010: process_file_pair() missing 5 required positional arguments: 'mwp_file', 'max_extent', 'year', 'doy', and 'tile'
2025-10-25 17:53:34,631 - INFO - Verarbeite Tile h27v06 für Jahr 2021
2025-10-25 17:53:34,647 - INFO - Insgesamt 100 passende Dateipaare gefunden
2025-10-25 17:53:34,648 - INFO - 100 passende Dateien für h27v06, 2021 gefunden
2025-10-25 17:53:35,881 - ERROR - Fehler bei der Verarbeitung von h27v06, 2021: process_file_pair() missing 5 required positional arguments: 'mwp_file', 'max_extent', 'year', 'doy', and 'tile'
2025-10-25 17:53:35,881 - INFO - Verarbeite Tile h26v06 für Jahr 2010
2025-10-25 17:53:35,896 - INFO - Insgesamt 100 passende Dateipaare gefunden
2025-10-25 17:53:35,897 - INFO - 100 passende Dateien für h26v06, 2010 gefunden
2025-10-25 17:53:37,256 - ERROR - Fehler bei der Verarbeitung von h26v06, 2010: process_file_pair() missing 5 required positional arguments: 'mwp_file', 'max_extent', 'year', 'doy', and 'tile'
2025-10-25 17:53:37,257 - INFO - Verarbeite Tile h26v06 für Jahr 2021
2025-10-25 17:53:37,277 - INFO - Insgesamt 100 passende Dateipaare gefunden
2025-10-25 17:53:37,278 - INFO - 100 passende Dateien für h26v06, 2021 gefunden
2025-10-25 17:53:38,524 - ERROR - Fehler bei der Verarbeitung von h26v06, 2021: process_file_pair() missing 5 required positional arguments: 'mwp_file', 'max_extent', 'year', 'doy', and 'tile'
2025-10-25 17:53:38,524 - INFO - Verarbeite Tile h25v02 für Jahr 2010
2025-10-25 17:53:38,549 - INFO - Insgesamt 100 passende Dateipaare gefunden
2025-10-25 17:53:38,549 - INFO - 100 passende Dateien für h25v02, 2010 gefunden
2025-10-25 17:53:39,940 - ERROR - Fehler bei der Verarbeitung von h25v02, 2010: process_file_pair() missing 5 required positional arguments: 'mwp_file', 'max_extent', 'year', 'doy', and 'tile'
2025-10-25 17:53:39,940 - INFO - Verarbeite Tile h25v02 für Jahr 2021
2025-10-25 17:53:39,971 - INFO - Insgesamt 100 passende Dateipaare gefunden
2025-10-25 17:53:39,971 - INFO - 100 passende Dateien für h25v02, 2021 gefunden
2025-10-25 17:53:41,336 - ERROR - Fehler bei der Verarbeitung von h25v02, 2021: process_file_pair() missing 5 required positional arguments: 'mwp_file', 'max_extent', 'year', 'doy', and 'tile'
2025-10-25 17:53:41,337 - INFO - Verarbeite Tile h23v04 für Jahr 2010
2025-10-25 17:53:41,361 - INFO - Insgesamt 100 passende Dateipaare gefunden
2025-10-25 17:53:41,361 - INFO - 100 passende Dateien für h23v04, 2010 gefunden
2025-10-25 17:53:42,655 - ERROR - Fehler bei der Verarbeitung von h23v04, 2010: process_file_pair() missing 5 required positional arguments: 'mwp_file', 'max_extent', 'year', 'doy', and 'tile'
2025-10-25 17:53:42,655 - INFO - Verarbeite Tile h23v04 für Jahr 2021
2025-10-25 17:53:42,682 - INFO - Insgesamt 100 passende Dateipaare gefunden
2025-10-25 17:53:42,682 - INFO - 100 passende Dateien für h23v04, 2021 gefunden
2025-10-25 17:53:43,980 - ERROR - Fehler bei der Verarbeitung von h23v04, 2021: process_file_pair() missing 5 required positional arguments: 'mwp_file', 'max_extent', 'year', 'doy', and 'tile'
2025-10-25 17:53:43,980 - INFO - Verarbeite Tile h21v09 für Jahr 2010
2025-10-25 17:53:43,997 - INFO - Insgesamt 100 passende Dateipaare gefunden
2025-10-25 17:53:43,997 - INFO - 100 passende Dateien für h21v09, 2010 gefunden
2025-10-25 17:53:45,247 - ERROR - Fehler bei der Verarbeitung von h21v09, 2010: process_file_pair() missing 5 required positional arguments: 'mwp_file', 'max_extent', 'year', 'doy', and 'tile'
2025-10-25 17:53:45,248 - INFO - Verarbeite Tile h21v09 für Jahr 2021
2025-10-25 17:53:45,271 - INFO - Insgesamt 100 passende Dateipaare gefunden
2025-10-25 17:53:45,272 - INFO - 100 passende Dateien für h21v09, 2021 gefunden
2025-10-25 17:53:46,577 - ERROR - Fehler bei der Verarbeitung von h21v09, 2021: process_file_pair() missing 5 required positional arguments: 'mwp_file', 'max_extent', 'year', 'doy', and 'tile'
2025-10-25 17:53:46,577 - INFO - Verarbeite Tile h21v05 für Jahr 2010
2025-10-25 17:53:46,592 - INFO - Insgesamt 100 passende Dateipaare gefunden
2025-10-25 17:53:46,592 - INFO - 100 passende Dateien für h21v05, 2010 gefunden
2025-10-25 17:53:47,851 - ERROR - Fehler bei der Verarbeitung von h21v05, 2010: process_file_pair() missing 5 required positional arguments: 'mwp_file', 'max_extent', 'year', 'doy', and 'tile'
2025-10-25 17:53:47,851 - INFO - Verarbeite Tile h21v05 für Jahr 2021
2025-10-25 17:53:47,869 - INFO - Insgesamt 100 passende Dateipaare gefunden
2025-10-25 17:53:47,870 - INFO - 100 passende Dateien für h21v05, 2021 gefunden
2025-10-25 17:53:49,122 - ERROR - Fehler bei der Verarbeitung von h21v05, 2021: process_file_pair() missing 5 required positional arguments: 'mwp_file', 'max_extent', 'year', 'doy', and 'tile'
2025-10-25 17:53:49,122 - INFO - Verarbeite Tile h19v02 für Jahr 2010
2025-10-25 17:53:49,153 - INFO - Insgesamt 100 passende Dateipaare gefunden
2025-10-25 17:53:49,153 - INFO - 100 passende Dateien für h19v02, 2010 gefunden
2025-10-25 17:53:50,447 - ERROR - Fehler bei der Verarbeitung von h19v02, 2010: process_file_pair() missing 5 required positional arguments: 'mwp_file', 'max_extent', 'year', 'doy', and 'tile'
2025-10-25 17:53:50,448 - INFO - Verarbeite Tile h19v02 für Jahr 2021
2025-10-25 17:53:50,475 - INFO - Insgesamt 100 passende Dateipaare gefunden
2025-10-25 17:53:50,475 - INFO - 100 passende Dateien für h19v02, 2021 gefunden
2025-10-25 17:53:51,787 - ERROR - Fehler bei der Verarbeitung von h19v02, 2021: process_file_pair() missing 5 required positional arguments: 'mwp_file', 'max_extent', 'year', 'doy', and 'tile'
2025-10-25 17:53:51,787 - INFO - Verarbeite Tile h17v07 für Jahr 2010
2025-10-25 17:53:51,801 - INFO - Insgesamt 100 passende Dateipaare gefunden
2025-10-25 17:53:51,802 - INFO - 100 passende Dateien für h17v07, 2010 gefunden
2025-10-25 17:53:53,050 - ERROR - Fehler bei der Verarbeitung von h17v07, 2010: process_file_pair() missing 5 required positional arguments: 'mwp_file', 'max_extent', 'year', 'doy', and 'tile'
2025-10-25 17:53:53,050 - INFO - Verarbeite Tile h17v07 für Jahr 2021
2025-10-25 17:53:53,069 - INFO - Insgesamt 100 passende Dateipaare gefunden
2025-10-25 17:53:53,070 - INFO - 100 passende Dateien für h17v07, 2021 gefunden
2025-10-25 17:53:54,321 - ERROR - Fehler bei der Verarbeitung von h17v07, 2021: process_file_pair() missing 5 required positional arguments: 'mwp_file', 'max_extent', 'year', 'doy', and 'tile'
2025-10-25 17:53:54,321 - INFO - Verarbeite Tile h14v02 für Jahr 2010
2025-10-25 17:53:54,337 - INFO - Insgesamt 100 passende Dateipaare gefunden
2025-10-25 17:53:54,337 - INFO - 100 passende Dateien für h14v02, 2010 gefunden
2025-10-25 17:53:55,577 - ERROR - Fehler bei der Verarbeitung von h14v02, 2010: process_file_pair() missing 5 required positional arguments: 'mwp_file', 'max_extent', 'year', 'doy', and 'tile'
2025-10-25 17:53:55,578 - INFO - Verarbeite Tile h14v02 für Jahr 2021
2025-10-25 17:53:55,594 - INFO - Insgesamt 100 passende Dateipaare gefunden
2025-10-25 17:53:55,595 - INFO - 100 passende Dateien für h14v02, 2021 gefunden
2025-10-25 17:53:57,061 - ERROR - Fehler bei der Verarbeitung von h14v02, 2021: process_file_pair() missing 5 required positional arguments: 'mwp_file', 'max_extent', 'year', 'doy', and 'tile'
2025-10-25 17:53:57,061 - INFO - Verarbeite Tile h12v12 für Jahr 2010
2025-10-25 17:53:57,088 - INFO - Insgesamt 100 passende Dateipaare gefunden
2025-10-25 17:53:57,088 - INFO - 100 passende Dateien für h12v12, 2010 gefunden
2025-10-25 17:53:58,624 - ERROR - Fehler bei der Verarbeitung von h12v12, 2010: process_file_pair() missing 5 required positional arguments: 'mwp_file', 'max_extent', 'year', 'doy', and 'tile'
2025-10-25 17:53:58,625 - INFO - Verarbeite Tile h12v12 für Jahr 2021
2025-10-25 17:53:58,645 - INFO - Insgesamt 100 passende Dateipaare gefunden
2025-10-25 17:53:58,645 - INFO - 100 passende Dateien für h12v12, 2021 gefunden
2025-10-25 17:53:59,964 - ERROR - Fehler bei der Verarbeitung von h12v12, 2021: process_file_pair() missing 5 required positional arguments: 'mwp_file', 'max_extent', 'year', 'doy', and 'tile'
2025-10-25 17:53:59,965 - INFO - Verarbeite Tile h12v08 für Jahr 2010
2025-10-25 17:53:59,982 - INFO - Insgesamt 100 passende Dateipaare gefunden
2025-10-25 17:53:59,982 - INFO - 100 passende Dateien für h12v08, 2010 gefunden
2025-10-25 17:54:01,336 - ERROR - Fehler bei der Verarbeitung von h12v08, 2010: process_file_pair() missing 5 required positional arguments: 'mwp_file', 'max_extent', 'year', 'doy', and 'tile'
2025-10-25 17:54:01,337 - INFO - Verarbeite Tile h12v08 für Jahr 2021
2025-10-25 17:54:01,363 - INFO - Insgesamt 100 passende Dateipaare gefunden
2025-10-25 17:54:01,364 - INFO - 100 passende Dateien für h12v08, 2021 gefunden
2025-10-25 17:54:02,640 - ERROR - Fehler bei der Verarbeitung von h12v08, 2021: process_file_pair() missing 5 required positional arguments: 'mwp_file', 'max_extent', 'year', 'doy', and 'tile'
2025-10-25 17:54:02,641 - INFO - Verarbeite Tile h19v12 für Jahr 2010
2025-10-25 17:54:02,656 - INFO - Insgesamt 100 passende Dateipaare gefunden
2025-10-25 17:54:02,657 - INFO - 100 passende Dateien für h19v12, 2010 gefunden
2025-10-25 17:54:03,944 - ERROR - Fehler bei der Verarbeitung von h19v12, 2010: process_file_pair() missing 5 required positional arguments: 'mwp_file', 'max_extent', 'year', 'doy', and 'tile'
2025-10-25 17:54:03,945 - INFO - Verarbeite Tile h19v12 für Jahr 2021
2025-10-25 17:54:03,960 - INFO - Insgesamt 100 passende Dateipaare gefunden
2025-10-25 17:54:03,961 - INFO - 100 passende Dateien für h19v12, 2021 gefunden
2025-10-25 17:54:05,191 - ERROR - Fehler bei der Verarbeitung von h19v12, 2021: process_file_pair() missing 5 required positional arguments: 'mwp_file', 'max_extent', 'year', 'doy', and 'tile'
2025-10-25 17:54:05,192 - WARNING - Keine Ergebnisse gefunden!
2025-10-25 17:57:02,625 - INFO - Verarbeite Tile h22v04 für Jahr 2010
2025-10-25 17:57:02,667 - INFO - Insgesamt 100 passende Dateipaare gefunden
2025-10-25 17:57:02,667 - INFO - 100 passende Dateien für h22v04, 2010 gefunden
2025-10-25 17:57:59,950 - INFO - Zwischenergebnisse gespeichert in T:\DLR\Analysis3\Output\NasaFlood\intermediate_h22v04_2010.csv
2025-10-25 17:57:59,951 - INFO - Verarbeite Tile h22v04 für Jahr 2021
2025-10-25 17:57:59,971 - INFO - Insgesamt 100 passende Dateipaare gefunden
2025-10-25 17:57:59,971 - INFO - 100 passende Dateien für h22v04, 2021 gefunden
2025-10-25 17:58:58,477 - INFO - Zwischenergebnisse gespeichert in T:\DLR\Analysis3\Output\NasaFlood\intermediate_h22v04_2021.csv
2025-10-25 17:58:58,478 - INFO - Verarbeite Tile h29v06 für Jahr 2010
2025-10-25 17:58:58,500 - INFO - Insgesamt 100 passende Dateipaare gefunden
2025-10-25 17:58:58,501 - INFO - 100 passende Dateien für h29v06, 2010 gefunden
2025-10-25 18:01:02,390 - INFO - Zwischenergebnisse gespeichert in T:\DLR\Analysis3\Output\NasaFlood\intermediate_h29v06_2010.csv
2025-10-25 18:01:02,390 - INFO - Verarbeite Tile h29v06 für Jahr 2021
2025-10-25 18:01:02,416 - INFO - Insgesamt 100 passende Dateipaare gefunden
2025-10-25 18:01:02,416 - INFO - 100 passende Dateien für h29v06, 2021 gefunden
2025-10-25 18:03:03,475 - INFO - Zwischenergebnisse gespeichert in T:\DLR\Analysis3\Output\NasaFlood\intermediate_h29v06_2021.csv
2025-10-25 18:03:03,475 - INFO - Verarbeite Tile h09v05 für Jahr 2010
2025-10-25 18:03:03,529 - INFO - Insgesamt 100 passende Dateipaare gefunden
2025-10-25 18:03:03,530 - INFO - 100 passende Dateien für h09v05, 2010 gefunden
2025-10-25 18:05:10,650 - INFO - Zwischenergebnisse gespeichert in T:\DLR\Analysis3\Output\NasaFlood\intermediate_h09v05_2010.csv
2025-10-25 18:05:10,650 - INFO - Verarbeite Tile h09v05 für Jahr 2021
2025-10-25 18:05:10,678 - INFO - Insgesamt 100 passende Dateipaare gefunden
2025-10-25 18:05:10,678 - INFO - 100 passende Dateien für h09v05, 2021 gefunden
2025-10-25 18:07:12,752 - INFO - Zwischenergebnisse gespeichert in T:\DLR\Analysis3\Output\NasaFlood\intermediate_h09v05_2021.csv
2025-10-25 18:07:12,752 - INFO - Verarbeite Tile h11v10 für Jahr 2010
2025-10-25 18:07:12,768 - INFO - Insgesamt 100 passende Dateipaare gefunden
2025-10-25 18:07:12,769 - INFO - 100 passende Dateien für h11v10, 2010 gefunden
2025-10-25 18:08:09,485 - INFO - Zwischenergebnisse gespeichert in T:\DLR\Analysis3\Output\NasaFlood\intermediate_h11v10_2010.csv
2025-10-25 18:08:09,485 - INFO - Verarbeite Tile h11v10 für Jahr 2021
2025-10-25 18:08:09,505 - INFO - Insgesamt 100 passende Dateipaare gefunden
2025-10-25 18:08:09,506 - INFO - 100 passende Dateien für h11v10, 2021 gefunden
2025-10-25 18:09:06,472 - INFO - Zwischenergebnisse gespeichert in T:\DLR\Analysis3\Output\NasaFlood\intermediate_h11v10_2021.csv
2025-10-25 18:09:06,473 - INFO - Verarbeite Tile h08v05 für Jahr 2010
2025-10-25 18:09:06,512 - INFO - Insgesamt 100 passende Dateipaare gefunden
2025-10-25 18:09:06,513 - INFO - 100 passende Dateien für h08v05, 2010 gefunden
2025-10-25 18:11:10,670 - INFO - Zwischenergebnisse gespeichert in T:\DLR\Analysis3\Output\NasaFlood\intermediate_h08v05_2010.csv
2025-10-25 18:11:10,670 - INFO - Verarbeite Tile h08v05 für Jahr 2021
2025-10-25 18:11:10,701 - INFO - Insgesamt 100 passende Dateipaare gefunden
2025-10-25 18:11:10,702 - INFO - 100 passende Dateien für h08v05, 2021 gefunden
2025-10-25 18:13:15,108 - INFO - Zwischenergebnisse gespeichert in T:\DLR\Analysis3\Output\NasaFlood\intermediate_h08v05_2021.csv
2025-10-25 18:13:15,108 - INFO - Verarbeite Tile h24v04 für Jahr 2010
2025-10-25 18:13:15,129 - INFO - Insgesamt 100 passende Dateipaare gefunden
2025-10-25 18:13:15,130 - INFO - 100 passende Dateien für h24v04, 2010 gefunden
2025-10-25 18:14:15,278 - INFO - Zwischenergebnisse gespeichert in T:\DLR\Analysis3\Output\NasaFlood\intermediate_h24v04_2010.csv
2025-10-25 18:14:15,278 - INFO - Verarbeite Tile h24v04 für Jahr 2021
2025-10-25 18:14:15,300 - INFO - Insgesamt 100 passende Dateipaare gefunden
2025-10-25 18:14:15,300 - INFO - 100 passende Dateien für h24v04, 2021 gefunden
2025-10-25 18:15:19,164 - INFO - Zwischenergebnisse gespeichert in T:\DLR\Analysis3\Output\NasaFlood\intermediate_h24v04_2021.csv
2025-10-25 18:15:19,164 - INFO - Verarbeite Tile h06v04 für Jahr 2010
2025-10-25 18:15:19,185 - INFO - Insgesamt 100 passende Dateipaare gefunden
2025-10-25 18:15:19,186 - INFO - 100 passende Dateien für h06v04, 2010 gefunden
2025-10-25 18:16:42,523 - INFO - Zwischenergebnisse gespeichert in T:\DLR\Analysis3\Output\NasaFlood\intermediate_h06v04_2010.csv
2025-10-25 18:16:42,523 - INFO - Verarbeite Tile h06v04 für Jahr 2021
2025-10-25 18:16:42,548 - INFO - Insgesamt 100 passende Dateipaare gefunden
2025-10-25 18:16:42,549 - INFO - 100 passende Dateien für h06v04, 2021 gefunden
2025-10-25 18:18:07,057 - INFO - Zwischenergebnisse gespeichert in T:\DLR\Analysis3\Output\NasaFlood\intermediate_h06v04_2021.csv
2025-10-25 18:18:07,057 - INFO - Verarbeite Tile h30v10 für Jahr 2010
2025-10-25 18:18:07,075 - INFO - Insgesamt 100 passende Dateipaare gefunden
2025-10-25 18:18:07,076 - INFO - 100 passende Dateien für h30v10, 2010 gefunden
2025-10-25 18:18:45,537 - INFO - Zwischenergebnisse gespeichert in T:\DLR\Analysis3\Output\NasaFlood\intermediate_h30v10_2010.csv
2025-10-25 18:18:45,537 - INFO - Verarbeite Tile h30v10 für Jahr 2021
2025-10-25 18:18:45,555 - INFO - Insgesamt 100 passende Dateipaare gefunden
2025-10-25 18:18:45,555 - INFO - 100 passende Dateien für h30v10, 2021 gefunden
2025-10-25 18:19:22,132 - INFO - Zwischenergebnisse gespeichert in T:\DLR\Analysis3\Output\NasaFlood\intermediate_h30v10_2021.csv
2025-10-25 18:19:22,132 - INFO - Verarbeite Tile h22v04 für Jahr 2010
2025-10-25 18:19:22,147 - INFO - Insgesamt 100 passende Dateipaare gefunden
2025-10-25 18:19:22,148 - INFO - 100 passende Dateien für h22v04, 2010 gefunden
2025-10-25 18:20:26,855 - INFO - Zwischenergebnisse gespeichert in T:\DLR\Analysis3\Output\NasaFlood\intermediate_h22v04_2010.csv
2025-10-25 18:20:26,855 - INFO - Verarbeite Tile h22v04 für Jahr 2021
2025-10-25 18:20:26,878 - INFO - Insgesamt 100 passende Dateipaare gefunden
2025-10-25 18:20:26,879 - INFO - 100 passende Dateien für h22v04, 2021 gefunden
2025-10-25 18:21:31,084 - INFO - Zwischenergebnisse gespeichert in T:\DLR\Analysis3\Output\NasaFlood\intermediate_h22v04_2021.csv
2025-10-25 18:21:31,084 - INFO - Verarbeite Tile h19v07 für Jahr 2010
2025-10-25 18:21:31,105 - INFO - Insgesamt 100 passende Dateipaare gefunden
2025-10-25 18:21:31,105 - INFO - 100 passende Dateien für h19v07, 2010 gefunden
2025-10-25 18:23:27,772 - INFO - Zwischenergebnisse gespeichert in T:\DLR\Analysis3\Output\NasaFlood\intermediate_h19v07_2010.csv
2025-10-25 18:23:27,772 - INFO - Verarbeite Tile h19v07 für Jahr 2021
2025-10-25 18:23:27,797 - INFO - Insgesamt 100 passende Dateipaare gefunden
2025-10-25 18:23:27,798 - INFO - 100 passende Dateien für h19v07, 2021 gefunden
2025-10-25 18:25:22,273 - INFO - Zwischenergebnisse gespeichert in T:\DLR\Analysis3\Output\NasaFlood\intermediate_h19v07_2021.csv
2025-10-25 18:25:22,274 - INFO - Verarbeite Tile h14v09 für Jahr 2010
2025-10-25 18:25:22,287 - INFO - Insgesamt 100 passende Dateipaare gefunden
2025-10-25 18:25:22,288 - INFO - 100 passende Dateien für h14v09, 2010 gefunden
2025-10-25 18:25:58,020 - INFO - Zwischenergebnisse gespeichert in T:\DLR\Analysis3\Output\NasaFlood\intermediate_h14v09_2010.csv
2025-10-25 18:25:58,020 - INFO - Verarbeite Tile h14v09 für Jahr 2021
2025-10-25 18:25:58,038 - INFO - Insgesamt 100 passende Dateipaare gefunden
2025-10-25 18:25:58,039 - INFO - 100 passende Dateien für h14v09, 2021 gefunden
2025-10-25 18:26:32,540 - INFO - Zwischenergebnisse gespeichert in T:\DLR\Analysis3\Output\NasaFlood\intermediate_h14v09_2021.csv
2025-10-25 18:26:32,540 - INFO - Verarbeite Tile h11v11 für Jahr 2010
2025-10-25 18:26:32,554 - INFO - Insgesamt 100 passende Dateipaare gefunden
2025-10-25 18:26:32,555 - INFO - 100 passende Dateien für h11v11, 2010 gefunden
2025-10-25 18:27:15,079 - INFO - Zwischenergebnisse gespeichert in T:\DLR\Analysis3\Output\NasaFlood\intermediate_h11v11_2010.csv
2025-10-25 18:27:15,079 - INFO - Verarbeite Tile h11v11 für Jahr 2021
2025-10-25 18:27:15,098 - INFO - Insgesamt 100 passende Dateipaare gefunden
2025-10-25 18:27:15,098 - INFO - 100 passende Dateien für h11v11, 2021 gefunden
2025-10-25 18:27:56,591 - INFO - Zwischenergebnisse gespeichert in T:\DLR\Analysis3\Output\NasaFlood\intermediate_h11v11_2021.csv
2025-10-25 18:27:56,591 - INFO - Verarbeite Tile h09v04 für Jahr 2010
2025-10-25 18:27:56,618 - INFO - Insgesamt 100 passende Dateipaare gefunden
2025-10-25 18:27:56,618 - INFO - 100 passende Dateien für h09v04, 2010 gefunden
2025-10-25 18:30:57,863 - INFO - Zwischenergebnisse gespeichert in T:\DLR\Analysis3\Output\NasaFlood\intermediate_h09v04_2010.csv
2025-10-25 18:30:57,863 - INFO - Verarbeite Tile h09v04 für Jahr 2021
2025-10-25 18:30:57,895 - INFO - Insgesamt 100 passende Dateipaare gefunden
2025-10-25 18:30:57,895 - INFO - 100 passende Dateien für h09v04, 2021 gefunden
2025-10-25 18:33:59,024 - INFO - Zwischenergebnisse gespeichert in T:\DLR\Analysis3\Output\NasaFlood\intermediate_h09v04_2021.csv
2025-10-25 18:33:59,024 - INFO - Verarbeite Tile h10v05 für Jahr 2010
2025-10-25 18:33:59,038 - INFO - Insgesamt 100 passende Dateipaare gefunden
2025-10-25 18:33:59,039 - INFO - 100 passende Dateien für h10v05, 2010 gefunden
2025-10-25 18:34:37,227 - INFO - Zwischenergebnisse gespeichert in T:\DLR\Analysis3\Output\NasaFlood\intermediate_h10v05_2010.csv
2025-10-25 18:34:37,228 - INFO - Verarbeite Tile h10v05 für Jahr 2021
2025-10-25 18:34:37,255 - INFO - Insgesamt 100 passende Dateipaare gefunden
2025-10-25 18:34:37,256 - INFO - 100 passende Dateien für h10v05, 2021 gefunden
2025-10-25 18:35:20,724 - INFO - Zwischenergebnisse gespeichert in T:\DLR\Analysis3\Output\NasaFlood\intermediate_h10v05_2021.csv
2025-10-25 18:35:20,725 - INFO - Verarbeite Tile h27v06 für Jahr 2010
2025-10-25 18:35:20,738 - INFO - Insgesamt 100 passende Dateipaare gefunden
2025-10-25 18:35:20,738 - INFO - 100 passende Dateien für h27v06, 2010 gefunden
2025-10-25 18:36:04,291 - INFO - Zwischenergebnisse gespeichert in T:\DLR\Analysis3\Output\NasaFlood\intermediate_h27v06_2010.csv
2025-10-25 18:36:04,292 - INFO - Verarbeite Tile h27v06 für Jahr 2021
2025-10-25 18:36:04,311 - INFO - Insgesamt 100 passende Dateipaare gefunden
2025-10-25 18:36:04,312 - INFO - 100 passende Dateien für h27v06, 2021 gefunden
2025-10-25 18:36:50,674 - INFO - Zwischenergebnisse gespeichert in T:\DLR\Analysis3\Output\NasaFlood\intermediate_h27v06_2021.csv
2025-10-25 18:36:50,674 - INFO - Verarbeite Tile h26v06 für Jahr 2010
2025-10-25 18:36:50,692 - INFO - Insgesamt 100 passende Dateipaare gefunden
2025-10-25 18:36:50,693 - INFO - 100 passende Dateien für h26v06, 2010 gefunden
2025-10-25 18:38:04,539 - INFO - Zwischenergebnisse gespeichert in T:\DLR\Analysis3\Output\NasaFlood\intermediate_h26v06_2010.csv
2025-10-25 18:38:04,539 - INFO - Verarbeite Tile h26v06 für Jahr 2021
2025-10-25 18:38:04,562 - INFO - Insgesamt 100 passende Dateipaare gefunden
2025-10-25 18:38:04,562 - INFO - 100 passende Dateien für h26v06, 2021 gefunden
2025-10-25 18:39:18,108 - INFO - Zwischenergebnisse gespeichert in T:\DLR\Analysis3\Output\NasaFlood\intermediate_h26v06_2021.csv
2025-10-25 18:39:18,108 - INFO - Verarbeite Tile h25v02 für Jahr 2010
2025-10-25 18:39:18,136 - INFO - Insgesamt 100 passende Dateipaare gefunden
2025-10-25 18:39:18,136 - INFO - 100 passende Dateien für h25v02, 2010 gefunden
2025-10-25 18:41:58,377 - INFO - Zwischenergebnisse gespeichert in T:\DLR\Analysis3\Output\NasaFlood\intermediate_h25v02_2010.csv
2025-10-25 18:41:58,377 - INFO - Verarbeite Tile h25v02 für Jahr 2021
2025-10-25 18:41:58,408 - INFO - Insgesamt 100 passende Dateipaare gefunden
2025-10-25 18:41:58,408 - INFO - 100 passende Dateien für h25v02, 2021 gefunden
2025-10-25 18:44:29,615 - INFO - Zwischenergebnisse gespeichert in T:\DLR\Analysis3\Output\NasaFlood\intermediate_h25v02_2021.csv
2025-10-25 18:44:29,615 - INFO - Verarbeite Tile h23v04 für Jahr 2010
2025-10-25 18:44:29,640 - INFO - Insgesamt 100 passende Dateipaare gefunden
2025-10-25 18:44:29,641 - INFO - 100 passende Dateien für h23v04, 2010 gefunden
2025-10-25 18:45:59,144 - INFO - Zwischenergebnisse gespeichert in T:\DLR\Analysis3\Output\NasaFlood\intermediate_h23v04_2010.csv
2025-10-25 18:45:59,144 - INFO - Verarbeite Tile h23v04 für Jahr 2021
2025-10-25 18:45:59,168 - INFO - Insgesamt 100 passende Dateipaare gefunden
2025-10-25 18:45:59,168 - INFO - 100 passende Dateien für h23v04, 2021 gefunden
2025-10-25 18:47:20,569 - INFO - Zwischenergebnisse gespeichert in T:\DLR\Analysis3\Output\NasaFlood\intermediate_h23v04_2021.csv
2025-10-25 18:47:20,570 - INFO - Verarbeite Tile h21v09 für Jahr 2010
2025-10-25 18:47:20,585 - INFO - Insgesamt 100 passende Dateipaare gefunden
2025-10-25 18:47:20,585 - INFO - 100 passende Dateien für h21v09, 2010 gefunden
2025-10-25 18:48:01,783 - INFO - Zwischenergebnisse gespeichert in T:\DLR\Analysis3\Output\NasaFlood\intermediate_h21v09_2010.csv
2025-10-25 18:48:01,784 - INFO - Verarbeite Tile h21v09 für Jahr 2021
2025-10-25 18:48:01,804 - INFO - Insgesamt 100 passende Dateipaare gefunden
2025-10-25 18:48:01,804 - INFO - 100 passende Dateien für h21v09, 2021 gefunden
2025-10-25 18:48:43,014 - INFO - Zwischenergebnisse gespeichert in T:\DLR\Analysis3\Output\NasaFlood\intermediate_h21v09_2021.csv
2025-10-25 18:48:43,015 - INFO - Verarbeite Tile h21v05 für Jahr 2010
2025-10-25 18:48:43,030 - INFO - Insgesamt 100 passende Dateipaare gefunden
2025-10-25 18:48:43,031 - INFO - 100 passende Dateien für h21v05, 2010 gefunden
2025-10-25 18:49:15,208 - INFO - Zwischenergebnisse gespeichert in T:\DLR\Analysis3\Output\NasaFlood\intermediate_h21v05_2010.csv
2025-10-25 18:49:15,209 - INFO - Verarbeite Tile h21v05 für Jahr 2021
2025-10-25 18:49:15,227 - INFO - Insgesamt 100 passende Dateipaare gefunden
2025-10-25 18:49:15,228 - INFO - 100 passende Dateien für h21v05, 2021 gefunden
2025-10-25 18:49:47,683 - INFO - Zwischenergebnisse gespeichert in T:\DLR\Analysis3\Output\NasaFlood\intermediate_h21v05_2021.csv
2025-10-25 18:49:47,684 - INFO - Verarbeite Tile h19v02 für Jahr 2010
2025-10-25 18:49:47,706 - INFO - Insgesamt 100 passende Dateipaare gefunden
2025-10-25 18:49:47,707 - INFO - 100 passende Dateien für h19v02, 2010 gefunden
2025-10-25 18:51:05,138 - INFO - Zwischenergebnisse gespeichert in T:\DLR\Analysis3\Output\NasaFlood\intermediate_h19v02_2010.csv
2025-10-25 18:51:05,138 - INFO - Verarbeite Tile h19v02 für Jahr 2021
2025-10-25 18:51:05,165 - INFO - Insgesamt 100 passende Dateipaare gefunden
2025-10-25 18:51:05,165 - INFO - 100 passende Dateien für h19v02, 2021 gefunden
2025-10-25 18:52:26,081 - INFO - Zwischenergebnisse gespeichert in T:\DLR\Analysis3\Output\NasaFlood\intermediate_h19v02_2021.csv
2025-10-25 18:52:26,081 - INFO - Verarbeite Tile h17v07 für Jahr 2010
2025-10-25 18:52:26,094 - INFO - Insgesamt 100 passende Dateipaare gefunden
2025-10-25 18:52:26,095 - INFO - 100 passende Dateien für h17v07, 2010 gefunden
2025-10-25 18:52:56,317 - INFO - Zwischenergebnisse gespeichert in T:\DLR\Analysis3\Output\NasaFlood\intermediate_h17v07_2010.csv
2025-10-25 18:52:56,317 - INFO - Verarbeite Tile h17v07 für Jahr 2021
2025-10-25 18:52:56,334 - INFO - Insgesamt 100 passende Dateipaare gefunden
2025-10-25 18:52:56,335 - INFO - 100 passende Dateien für h17v07, 2021 gefunden
2025-10-25 18:53:25,869 - INFO - Zwischenergebnisse gespeichert in T:\DLR\Analysis3\Output\NasaFlood\intermediate_h17v07_2021.csv
2025-10-25 18:53:25,869 - INFO - Verarbeite Tile h14v02 für Jahr 2010
2025-10-25 18:53:25,879 - INFO - Insgesamt 100 passende Dateipaare gefunden
2025-10-25 18:53:25,880 - INFO - 100 passende Dateien für h14v02, 2010 gefunden
2025-10-25 18:53:47,535 - INFO - Zwischenergebnisse gespeichert in T:\DLR\Analysis3\Output\NasaFlood\intermediate_h14v02_2010.csv
2025-10-25 18:53:47,536 - INFO - Verarbeite Tile h14v02 für Jahr 2021
2025-10-25 18:53:47,550 - INFO - Insgesamt 100 passende Dateipaare gefunden
2025-10-25 18:53:47,551 - INFO - 100 passende Dateien für h14v02, 2021 gefunden
2025-10-25 18:54:09,152 - INFO - Zwischenergebnisse gespeichert in T:\DLR\Analysis3\Output\NasaFlood\intermediate_h14v02_2021.csv
2025-10-25 18:54:09,152 - INFO - Verarbeite Tile h12v12 für Jahr 2010
2025-10-25 18:54:09,166 - INFO - Insgesamt 100 passende Dateipaare gefunden
2025-10-25 18:54:09,167 - INFO - 100 passende Dateien für h12v12, 2010 gefunden
2025-10-25 18:54:51,344 - INFO - Zwischenergebnisse gespeichert in T:\DLR\Analysis3\Output\NasaFlood\intermediate_h12v12_2010.csv
2025-10-25 18:54:51,344 - INFO - Verarbeite Tile h12v12 für Jahr 2021
2025-10-25 18:54:51,361 - INFO - Insgesamt 100 passende Dateipaare gefunden
2025-10-25 18:54:51,361 - INFO - 100 passende Dateien für h12v12, 2021 gefunden
2025-10-25 18:55:32,378 - INFO - Zwischenergebnisse gespeichert in T:\DLR\Analysis3\Output\NasaFlood\intermediate_h12v12_2021.csv
2025-10-25 18:55:32,378 - INFO - Verarbeite Tile h12v08 für Jahr 2010
2025-10-25 18:55:32,390 - INFO - Insgesamt 100 passende Dateipaare gefunden
2025-10-25 18:55:32,391 - INFO - 100 passende Dateien für h12v08, 2010 gefunden
2025-10-25 18:56:06,084 - INFO - Zwischenergebnisse gespeichert in T:\DLR\Analysis3\Output\NasaFlood\intermediate_h12v08_2010.csv
2025-10-25 18:56:06,085 - INFO - Verarbeite Tile h12v08 für Jahr 2021
2025-10-25 18:56:06,101 - INFO - Insgesamt 100 passende Dateipaare gefunden
2025-10-25 18:56:06,101 - INFO - 100 passende Dateien für h12v08, 2021 gefunden
2025-10-25 18:56:40,058 - INFO - Zwischenergebnisse gespeichert in T:\DLR\Analysis3\Output\NasaFlood\intermediate_h12v08_2021.csv
2025-10-25 18:56:40,059 - INFO - Verarbeite Tile h19v12 für Jahr 2010
2025-10-25 18:56:40,069 - INFO - Insgesamt 100 passende Dateipaare gefunden
2025-10-25 18:56:40,069 - INFO - 100 passende Dateien für h19v12, 2010 gefunden
2025-10-25 18:57:01,975 - INFO - Zwischenergebnisse gespeichert in T:\DLR\Analysis3\Output\NasaFlood\intermediate_h19v12_2010.csv
2025-10-25 18:57:01,975 - INFO - Verarbeite Tile h19v12 für Jahr 2021
2025-10-25 18:57:01,991 - INFO - Insgesamt 100 passende Dateipaare gefunden
2025-10-25 18:57:01,991 - INFO - 100 passende Dateien für h19v12, 2021 gefunden
2025-10-25 18:57:23,773 - INFO - Zwischenergebnisse gespeichert in T:\DLR\Analysis3\Output\NasaFlood\intermediate_h19v12_2021.csv
2025-10-25 18:57:23,957 - INFO - Gesamtergebnis: 448200 Zeilen
2025-10-25 18:57:23,957 - INFO - Gruppiere Ergebnisse nach Seen...
2025-10-25 18:57:24,198 - INFO - See 1.0 (Caspian Sea) gespeichert in T:\DLR\Analysis3\Output\NasaFlood\Lake_1.0_Caspian Sea.csv
2025-10-25 18:57:24,205 - INFO - See 5.0 (Superior) gespeichert in T:\DLR\Analysis3\Output\NasaFlood\Lake_5.0_Superior.csv
2025-10-25 18:57:24,211 - INFO - See 6.0 (Michigan) gespeichert in T:\DLR\Analysis3\Output\NasaFlood\Lake_6.0_Michigan.csv
2025-10-25 18:57:24,217 - INFO - See 8.0 (Huron) gespeichert in T:\DLR\Analysis3\Output\NasaFlood\Lake_8.0_Huron.csv
2025-10-25 18:57:24,223 - INFO - See 9.0 (Erie) gespeichert in T:\DLR\Analysis3\Output\NasaFlood\Lake_9.0_Erie.csv
2025-10-25 18:57:24,229 - INFO - See 13.0 (Large Aral Sea) gespeichert in T:\DLR\Analysis3\Output\NasaFlood\Lake_13.0_Large Aral Sea.csv
2025-10-25 18:57:24,235 - INFO - See 14.0 (Kara-Bogaz-Gol) gespeichert in T:\DLR\Analysis3\Output\NasaFlood\Lake_14.0_Kara-Bogaz-Gol.csv
2025-10-25 18:57:24,239 - INFO - See 15.0 (Chad) gespeichert in T:\DLR\Analysis3\Output\NasaFlood\Lake_15.0_Chad.csv
2025-10-25 18:57:24,245 - INFO - See 16.0 (Victoria) gespeichert in T:\DLR\Analysis3\Output\NasaFlood\Lake_16.0_Victoria.csv
2025-10-25 18:57:24,252 - INFO - See 17.0 (Tanganyika) gespeichert in T:\DLR\Analysis3\Output\NasaFlood\Lake_17.0_Tanganyika.csv
2025-10-25 18:57:24,258 - INFO - See 18.0 (Malawi) gespeichert in T:\DLR\Analysis3\Output\NasaFlood\Lake_18.0_Malawi.csv
2025-10-25 18:57:24,264 - INFO - See 58.0 (Nipigon) gespeichert in T:\DLR\Analysis3\Output\NasaFlood\Lake_58.0_Nipigon.csv
2025-10-25 18:57:24,268 - INFO - See 66.0 (Saint Clair) gespeichert in T:\DLR\Analysis3\Output\NasaFlood\Lake_66.0_Saint Clair.csv
2025-10-25 18:57:24,272 - INFO - See 67.0 (Great Salt) gespeichert in T:\DLR\Analysis3\Output\NasaFlood\Lake_67.0_Great Salt.csv
2025-10-25 18:57:24,278 - INFO - See 68.0 (Pontchartrain) gespeichert in T:\DLR\Analysis3\Output\NasaFlood\Lake_68.0_Pontchartrain.csv
2025-10-25 18:57:24,282 - INFO - See 74.0 (Brokopondo Reservoir) gespeichert in T:\DLR\Analysis3\Output\NasaFlood\Lake_74.0_Brokopondo Reservoir.csv
2025-10-25 18:57:24,286 - INFO - See 78.0 (Titicaca) gespeichert in T:\DLR\Analysis3\Output\NasaFlood\Lake_78.0_Titicaca.csv
2025-10-25 18:57:24,291 - INFO - See 79.0 (Poopo) gespeichert in T:\DLR\Analysis3\Output\NasaFlood\Lake_79.0_Poopo.csv
2025-10-25 18:57:24,297 - INFO - See 84.0 (Salinas Grandes) gespeichert in T:\DLR\Analysis3\Output\NasaFlood\Lake_84.0_Salinas Grandes.csv
2025-10-25 18:57:24,301 - INFO - See 86.0 (Mirim) gespeichert in T:\DLR\Analysis3\Output\NasaFlood\Lake_86.0_Mirim.csv
2025-10-25 18:57:24,311 - INFO - See 126.0 (Volgograd Reservoir) gespeichert in T:\DLR\Analysis3\Output\NasaFlood\Lake_126.0_Volgograd Reservoir.csv
2025-10-25 18:57:24,318 - INFO - See 128.0 (Tsimlyanskoye Reservoir) gespeichert in T:\DLR\Analysis3\Output\NasaFlood\Lake_128.0_Tsimlyanskoye Reservoir.csv
2025-10-25 18:57:24,324 - INFO - See 130.0 (Small Aral Sea) gespeichert in T:\DLR\Analysis3\Output\NasaFlood\Lake_130.0_Small Aral Sea.csv
2025-10-25 18:57:24,329 - INFO - See 133.0 (Kaydak) gespeichert in T:\DLR\Analysis3\Output\NasaFlood\Lake_133.0_Kaydak.csv
2025-10-25 18:57:24,333 - INFO - See 137.0 (Sarygamysh) gespeichert in T:\DLR\Analysis3\Output\NasaFlood\Lake_137.0_Sarygamysh.csv
2025-10-25 18:57:24,337 - INFO - See 138.0 (Aydar) gespeichert in T:\DLR\Analysis3\Output\NasaFlood\Lake_138.0_Aydar.csv
2025-10-25 18:57:24,344 - INFO - See 139.0 (Sevan) gespeichert in T:\DLR\Analysis3\Output\NasaFlood\Lake_139.0_Sevan.csv
2025-10-25 18:57:24,348 - INFO - See 140.0 (Tuz) gespeichert in T:\DLR\Analysis3\Output\NasaFlood\Lake_140.0_Tuz.csv
2025-10-25 18:57:24,352 - INFO - See 151.0 (Poyang) gespeichert in T:\DLR\Analysis3\Output\NasaFlood\Lake_151.0_Poyang.csv
2025-10-25 18:57:24,357 - INFO - See 162.0 (Edward) gespeichert in T:\DLR\Analysis3\Output\NasaFlood\Lake_162.0_Edward.csv
2025-10-25 18:57:24,361 - INFO - See 165.0 (Eyasi) gespeichert in T:\DLR\Analysis3\Output\NasaFlood\Lake_165.0_Eyasi.csv
2025-10-25 18:57:24,365 - INFO - See 166.0 (Rukwa) gespeichert in T:\DLR\Analysis3\Output\NasaFlood\Lake_166.0_Rukwa.csv
2025-10-25 18:57:24,369 - INFO - See 168.0 (Mweru wa Ntipa) gespeichert in T:\DLR\Analysis3\Output\NasaFlood\Lake_168.0_Mweru wa Ntipa.csv
2025-10-25 18:57:24,375 - INFO - See 675.0 (None) gespeichert in T:\DLR\Analysis3\Output\NasaFlood\Lake_675.0_None.csv
2025-10-25 18:57:24,379 - INFO - See 684.0 (None) gespeichert in T:\DLR\Analysis3\Output\NasaFlood\Lake_684.0_None.csv
2025-10-25 18:57:24,385 - INFO - See 695.0 (Okanagan) gespeichert in T:\DLR\Analysis3\Output\NasaFlood\Lake_695.0_Okanagan.csv
2025-10-25 18:57:24,391 - INFO - See 696.0 (Kootenay) gespeichert in T:\DLR\Analysis3\Output\NasaFlood\Lake_696.0_Kootenay.csv
2025-10-25 18:57:24,396 - INFO - See 698.0 (Arrow) gespeichert in T:\DLR\Analysis3\Output\NasaFlood\Lake_698.0_Arrow.csv
2025-10-25 18:57:24,400 - INFO - See 703.0 (None) gespeichert in T:\DLR\Analysis3\Output\NasaFlood\Lake_703.0_None.csv
2025-10-25 18:57:24,404 - INFO - See 707.0 (Abitibi) gespeichert in T:\DLR\Analysis3\Output\NasaFlood\Lake_707.0_Abitibi.csv
2025-10-25 18:57:24,408 - INFO - See 709.0 (Dog) gespeichert in T:\DLR\Analysis3\Output\NasaFlood\Lake_709.0_Dog.csv
2025-10-25 18:57:24,411 - INFO - See 712.0 (Nighthawk) gespeichert in T:\DLR\Analysis3\Output\NasaFlood\Lake_712.0_Nighthawk.csv
2025-10-25 18:57:24,416 - INFO - See 715.0 (Lake Koocanusa) gespeichert in T:\DLR\Analysis3\Output\NasaFlood\Lake_715.0_Lake Koocanusa.csv
2025-10-25 18:57:24,421 - INFO - See 719.0 (Pend Oreille Lake) gespeichert in T:\DLR\Analysis3\Output\NasaFlood\Lake_719.0_Pend Oreille Lake.csv
2025-10-25 18:57:24,425 - INFO - See 724.0 (Franklin D. Roosevelt) gespeichert in T:\DLR\Analysis3\Output\NasaFlood\Lake_724.0_Franklin D. Roosevelt.csv
2025-10-25 18:57:24,430 - INFO - See 725.0 (Banks Lake) gespeichert in T:\DLR\Analysis3\Output\NasaFlood\Lake_725.0_Banks Lake.csv
2025-10-25 18:57:24,435 - INFO - See 729.0 (Coeur d'Alene Lake) gespeichert in T:\DLR\Analysis3\Output\NasaFlood\Lake_729.0_Coeur d'Alene Lake.csv
2025-10-25 18:57:24,440 - INFO - See 730.0 (Flathead Lake) gespeichert in T:\DLR\Analysis3\Output\NasaFlood\Lake_730.0_Flathead Lake.csv
2025-10-25 18:57:24,446 - INFO - See 739.0 (Temagam) gespeichert in T:\DLR\Analysis3\Output\NasaFlood\Lake_739.0_Temagam.csv
2025-10-25 18:57:24,450 - INFO - See 742.0 (Wanapitei) gespeichert in T:\DLR\Analysis3\Output\NasaFlood\Lake_742.0_Wanapitei.csv
2025-10-25 18:57:24,455 - INFO - See 743.0 (Canyon Ferry Lake) gespeichert in T:\DLR\Analysis3\Output\NasaFlood\Lake_743.0_Canyon Ferry Lake.csv
2025-10-25 18:57:24,458 - INFO - See 745.0 (Nipissing) gespeichert in T:\DLR\Analysis3\Output\NasaFlood\Lake_745.0_Nipissing.csv
2025-10-25 18:57:24,462 - INFO - See 750.0 (Manitou) gespeichert in T:\DLR\Analysis3\Output\NasaFlood\Lake_750.0_Manitou.csv
2025-10-25 18:57:24,466 - INFO - See 760.0 (Yellowstone Lake) gespeichert in T:\DLR\Analysis3\Output\NasaFlood\Lake_760.0_Yellowstone Lake.csv
2025-10-25 18:57:24,470 - INFO - See 762.0 (Winnebago) gespeichert in T:\DLR\Analysis3\Output\NasaFlood\Lake_762.0_Winnebago.csv
2025-10-25 18:57:24,474 - INFO - See 765.0 (Jackson Lake) gespeichert in T:\DLR\Analysis3\Output\NasaFlood\Lake_765.0_Jackson Lake.csv
2025-10-25 18:57:24,478 - INFO - See 769.0 (Malheur Lake) gespeichert in T:\DLR\Analysis3\Output\NasaFlood\Lake_769.0_Malheur Lake.csv
2025-10-25 18:57:24,482 - INFO - See 771.0 (Harney Lake) gespeichert in T:\DLR\Analysis3\Output\NasaFlood\Lake_771.0_Harney Lake.csv
2025-10-25 18:57:24,486 - INFO - See 775.0 (American Falls) gespeichert in T:\DLR\Analysis3\Output\NasaFlood\Lake_775.0_American Falls.csv
2025-10-25 18:57:24,491 - INFO - See 778.0 (Bear Lake) gespeichert in T:\DLR\Analysis3\Output\NasaFlood\Lake_778.0_Bear Lake.csv
2025-10-25 18:57:24,495 - INFO - See 782.0 (None) gespeichert in T:\DLR\Analysis3\Output\NasaFlood\Lake_782.0_None.csv
2025-10-25 18:57:24,499 - INFO - See 783.0 (Bonneville Salt Flat) gespeichert in T:\DLR\Analysis3\Output\NasaFlood\Lake_783.0_Bonneville Salt Flat.csv
2025-10-25 18:57:24,503 - INFO - See 785.0 (None) gespeichert in T:\DLR\Analysis3\Output\NasaFlood\Lake_785.0_None.csv
2025-10-25 18:57:24,507 - INFO - See 788.0 (Utah Lake) gespeichert in T:\DLR\Analysis3\Output\NasaFlood\Lake_788.0_Utah Lake.csv
2025-10-25 18:57:24,513 - INFO - See 791.0 (Pyramid Lake) gespeichert in T:\DLR\Analysis3\Output\NasaFlood\Lake_791.0_Pyramid Lake.csv
2025-10-25 18:57:24,518 - INFO - See 796.0 (Harry S. Truman Reservoir) gespeichert in T:\DLR\Analysis3\Output\NasaFlood\Lake_796.0_Harry S. Truman Reservoir.csv
2025-10-25 18:57:24,522 - INFO - See 797.0 (Osage) gespeichert in T:\DLR\Analysis3\Output\NasaFlood\Lake_797.0_Osage.csv
2025-10-25 18:57:24,527 - INFO - See 800.0 (Lake Barkley) gespeichert in T:\DLR\Analysis3\Output\NasaFlood\Lake_800.0_Lake Barkley.csv
2025-10-25 18:57:24,532 - INFO - See 801.0 (Kentucky) gespeichert in T:\DLR\Analysis3\Output\NasaFlood\Lake_801.0_Kentucky.csv
2025-10-25 18:57:24,536 - INFO - See 803.0 (Lake Cumberland) gespeichert in T:\DLR\Analysis3\Output\NasaFlood\Lake_803.0_Lake Cumberland.csv
2025-10-25 18:57:24,541 - INFO - See 804.0 (Table Rock Lake) gespeichert in T:\DLR\Analysis3\Output\NasaFlood\Lake_804.0_Table Rock Lake.csv
2025-10-25 18:57:24,545 - INFO - See 805.0 (John H. Kerr Reservoir) gespeichert in T:\DLR\Analysis3\Output\NasaFlood\Lake_805.0_John H. Kerr Reservoir.csv
2025-10-25 18:57:24,549 - INFO - See 806.0 (Grand Lake) gespeichert in T:\DLR\Analysis3\Output\NasaFlood\Lake_806.0_Grand Lake.csv
2025-10-25 18:57:24,554 - INFO - See 807.0 (Oologah Lake) gespeichert in T:\DLR\Analysis3\Output\NasaFlood\Lake_807.0_Oologah Lake.csv
2025-10-25 18:57:24,558 - INFO - See 808.0 (Bull Shoals Lake) gespeichert in T:\DLR\Analysis3\Output\NasaFlood\Lake_808.0_Bull Shoals Lake.csv
2025-10-25 18:57:24,562 - INFO - See 810.0 (Watts Bar Lake) gespeichert in T:\DLR\Analysis3\Output\NasaFlood\Lake_810.0_Watts Bar Lake.csv
2025-10-25 18:57:24,566 - INFO - See 811.0 (Greers Ferry Lake) gespeichert in T:\DLR\Analysis3\Output\NasaFlood\Lake_811.0_Greers Ferry Lake.csv
2025-10-25 18:57:24,569 - INFO - See 812.0 (Lake Mattamuskeet) gespeichert in T:\DLR\Analysis3\Output\NasaFlood\Lake_812.0_Lake Mattamuskeet.csv
2025-10-25 18:57:24,573 - INFO - See 813.0 (Lake Norman) gespeichert in T:\DLR\Analysis3\Output\NasaFlood\Lake_813.0_Lake Norman.csv
2025-10-25 18:57:24,578 - INFO - See 814.0 (Robert S. Kerr Reservoir) gespeichert in T:\DLR\Analysis3\Output\NasaFlood\Lake_814.0_Robert S. Kerr Reservoir.csv
2025-10-25 18:57:24,582 - INFO - See 815.0 (Eufaula Lake) gespeichert in T:\DLR\Analysis3\Output\NasaFlood\Lake_815.0_Eufaula Lake.csv
2025-10-25 18:57:24,586 - INFO - See 816.0 (Chickamauga Lake) gespeichert in T:\DLR\Analysis3\Output\NasaFlood\Lake_816.0_Chickamauga Lake.csv
2025-10-25 18:57:24,590 - INFO - See 817.0 (Pickwick Lake) gespeichert in T:\DLR\Analysis3\Output\NasaFlood\Lake_817.0_Pickwick Lake.csv
2025-10-25 18:57:24,594 - INFO - See 818.0 (Wheeler Lake) gespeichert in T:\DLR\Analysis3\Output\NasaFlood\Lake_818.0_Wheeler Lake.csv
2025-10-25 18:57:24,599 - INFO - See 819.0 (Lake Ouachita) gespeichert in T:\DLR\Analysis3\Output\NasaFlood\Lake_819.0_Lake Ouachita.csv
2025-10-25 18:57:24,602 - INFO - See 820.0 (Guntersville Lake) gespeichert in T:\DLR\Analysis3\Output\NasaFlood\Lake_820.0_Guntersville Lake.csv
2025-10-25 18:57:24,607 - INFO - See 821.0 (Sardis Lake) gespeichert in T:\DLR\Analysis3\Output\NasaFlood\Lake_821.0_Sardis Lake.csv
2025-10-25 18:57:24,611 - INFO - See 822.0 (Hartwell Lake) gespeichert in T:\DLR\Analysis3\Output\NasaFlood\Lake_822.0_Hartwell Lake.csv
2025-10-25 18:57:24,616 - INFO - See 823.0 (Lake Sidney Lanier) gespeichert in T:\DLR\Analysis3\Output\NasaFlood\Lake_823.0_Lake Sidney Lanier.csv
2025-10-25 18:57:24,620 - INFO - See 824.0 (Lake Murray) gespeichert in T:\DLR\Analysis3\Output\NasaFlood\Lake_824.0_Lake Murray.csv
2025-10-25 18:57:24,626 - INFO - See 825.0 (Lake Texoma) gespeichert in T:\DLR\Analysis3\Output\NasaFlood\Lake_825.0_Lake Texoma.csv
2025-10-25 18:57:24,630 - INFO - See 826.0 (Grenada Lake) gespeichert in T:\DLR\Analysis3\Output\NasaFlood\Lake_826.0_Grenada Lake.csv
2025-10-25 18:57:24,634 - INFO - See 827.0 (J. Strom Thurmond Lake) gespeichert in T:\DLR\Analysis3\Output\NasaFlood\Lake_827.0_J. Strom Thurmond Lake.csv
2025-10-25 18:57:24,639 - INFO - See 828.0 (Lake Marion) gespeichert in T:\DLR\Analysis3\Output\NasaFlood\Lake_828.0_Lake Marion.csv
2025-10-25 18:57:24,646 - INFO - See 830.0 (Lake Moultrie) gespeichert in T:\DLR\Analysis3\Output\NasaFlood\Lake_830.0_Lake Moultrie.csv
2025-10-25 18:57:24,650 - INFO - See 832.0 (Lake Tawakoni) gespeichert in T:\DLR\Analysis3\Output\NasaFlood\Lake_832.0_Lake Tawakoni.csv
2025-10-25 18:57:24,655 - INFO - See 833.0 (Lake Martin) gespeichert in T:\DLR\Analysis3\Output\NasaFlood\Lake_833.0_Lake Martin.csv
2025-10-25 18:57:24,659 - INFO - See 835.0 (Cedar Creek Reservoir) gespeichert in T:\DLR\Analysis3\Output\NasaFlood\Lake_835.0_Cedar Creek Reservoir.csv
2025-10-25 18:57:24,664 - INFO - See 836.0 (Richland-Chambers Reservoir) gespeichert in T:\DLR\Analysis3\Output\NasaFlood\Lake_836.0_Richland-Chambers Reservoir.csv
2025-10-25 18:57:24,668 - INFO - See 837.0 (Eufaula) gespeichert in T:\DLR\Analysis3\Output\NasaFlood\Lake_837.0_Eufaula.csv
2025-10-25 18:57:24,675 - INFO - See 838.0 (Toledo Bend Reservoir) gespeichert in T:\DLR\Analysis3\Output\NasaFlood\Lake_838.0_Toledo Bend Reservoir.csv
2025-10-25 18:57:24,679 - INFO - See 839.0 (Sam Rayburn Reservoir) gespeichert in T:\DLR\Analysis3\Output\NasaFlood\Lake_839.0_Sam Rayburn Reservoir.csv
2025-10-25 18:57:24,683 - INFO - See 841.0 (Lake Livingston) gespeichert in T:\DLR\Analysis3\Output\NasaFlood\Lake_841.0_Lake Livingston.csv
2025-10-25 18:57:24,687 - INFO - See 842.0 (Lake Maurepas) gespeichert in T:\DLR\Analysis3\Output\NasaFlood\Lake_842.0_Lake Maurepas.csv
2025-10-25 18:57:24,694 - INFO - See 844.0 (Calcasieu Lake) gespeichert in T:\DLR\Analysis3\Output\NasaFlood\Lake_844.0_Calcasieu Lake.csv
2025-10-25 18:57:24,698 - INFO - See 845.0 (None) gespeichert in T:\DLR\Analysis3\Output\NasaFlood\Lake_845.0_None.csv
2025-10-25 18:57:24,701 - INFO - See 883.0 (Novo) gespeichert in T:\DLR\Analysis3\Output\NasaFlood\Lake_883.0_Novo.csv
2025-10-25 18:57:24,705 - INFO - See 911.0 (None) gespeichert in T:\DLR\Analysis3\Output\NasaFlood\Lake_911.0_None.csv
2025-10-25 18:57:24,709 - INFO - See 912.0 (Lagoa Quixere) gespeichert in T:\DLR\Analysis3\Output\NasaFlood\Lake_912.0_Lagoa Quixere.csv
2025-10-25 18:57:24,713 - INFO - See 915.0 (Itaparica Reservoir) gespeichert in T:\DLR\Analysis3\Output\NasaFlood\Lake_915.0_Itaparica Reservoir.csv
2025-10-25 18:57:24,717 - INFO - See 918.0 (None) gespeichert in T:\DLR\Analysis3\Output\NasaFlood\Lake_918.0_None.csv
2025-10-25 18:57:24,721 - INFO - See 919.0 (None) gespeichert in T:\DLR\Analysis3\Output\NasaFlood\Lake_919.0_None.csv
2025-10-25 18:57:24,726 - INFO - See 920.0 (None) gespeichert in T:\DLR\Analysis3\Output\NasaFlood\Lake_920.0_None.csv
2025-10-25 18:57:24,729 - INFO - See 923.0 (None) gespeichert in T:\DLR\Analysis3\Output\NasaFlood\Lake_923.0_None.csv
2025-10-25 18:57:24,733 - INFO - See 924.0 (Arapa) gespeichert in T:\DLR\Analysis3\Output\NasaFlood\Lake_924.0_Arapa.csv
2025-10-25 18:57:24,737 - INFO - See 933.0 (Lago Coipasa) gespeichert in T:\DLR\Analysis3\Output\NasaFlood\Lake_933.0_Lago Coipasa.csv
2025-10-25 18:57:24,743 - INFO - See 935.0 (None) gespeichert in T:\DLR\Analysis3\Output\NasaFlood\Lake_935.0_None.csv
2025-10-25 18:57:24,752 - INFO - See 937.0 (Salar de Uyuni) gespeichert in T:\DLR\Analysis3\Output\NasaFlood\Lake_937.0_Salar de Uyuni.csv
2025-10-25 18:57:24,756 - INFO - See 941.0 (Salar de Uyuni) gespeichert in T:\DLR\Analysis3\Output\NasaFlood\Lake_941.0_Salar de Uyuni.csv
2025-10-25 18:57:24,760 - INFO - See 959.0 (Hondo) gespeichert in T:\DLR\Analysis3\Output\NasaFlood\Lake_959.0_Hondo.csv
2025-10-25 18:57:24,765 - INFO - See 964.0 (Grande Reservoir) gespeichert in T:\DLR\Analysis3\Output\NasaFlood\Lake_964.0_Grande Reservoir.csv
2025-10-25 18:57:24,769 - INFO - See 966.0 (Negro Reservoir) gespeichert in T:\DLR\Analysis3\Output\NasaFlood\Lake_966.0_Negro Reservoir.csv
2025-10-25 18:57:24,773 - INFO - See 967.0 (None) gespeichert in T:\DLR\Analysis3\Output\NasaFlood\Lake_967.0_None.csv
2025-10-25 18:57:24,777 - INFO - See 968.0 (Lagoa Mangueira) gespeichert in T:\DLR\Analysis3\Output\NasaFlood\Lake_968.0_Lagoa Mangueira.csv
2025-10-25 18:57:24,781 - INFO - See 969.0 (Negra) gespeichert in T:\DLR\Analysis3\Output\NasaFlood\Lake_969.0_Negra.csv
2025-10-25 18:57:24,785 - INFO - See 1019.0 (Mayato and Neyto) gespeichert in T:\DLR\Analysis3\Output\NasaFlood\Lake_1019.0_Mayato and Neyto.csv
2025-10-25 18:57:24,788 - INFO - See 1020.0 (Neyato) gespeichert in T:\DLR\Analysis3\Output\NasaFlood\Lake_1020.0_Neyato.csv
2025-10-25 18:57:24,791 - INFO - See 1038.0 (None) gespeichert in T:\DLR\Analysis3\Output\NasaFlood\Lake_1038.0_None.csv
2025-10-25 18:57:24,796 - INFO - See 1043.0 (Tornetrask) gespeichert in T:\DLR\Analysis3\Output\NasaFlood\Lake_1043.0_Tornetrask.csv
2025-10-25 18:57:24,800 - INFO - See 1045.0 (Vtoroye) gespeichert in T:\DLR\Analysis3\Output\NasaFlood\Lake_1045.0_Vtoroye.csv
2025-10-25 18:57:24,804 - INFO - See 1048.0 (Pervoye) gespeichert in T:\DLR\Analysis3\Output\NasaFlood\Lake_1048.0_Pervoye.csv
2025-10-25 18:57:24,808 - INFO - See 1052.0 (Akkajaure) gespeichert in T:\DLR\Analysis3\Output\NasaFlood\Lake_1052.0_Akkajaure.csv
2025-10-25 18:57:24,812 - INFO - See 1054.0 (Virihaure) gespeichert in T:\DLR\Analysis3\Output\NasaFlood\Lake_1054.0_Virihaure.csv
2025-10-25 18:57:24,816 - INFO - See 1057.0 (Stora Lulevatten) gespeichert in T:\DLR\Analysis3\Output\NasaFlood\Lake_1057.0_Stora Lulevatten.csv
2025-10-25 18:57:24,820 - INFO - See 1061.0 (Parkijaure) gespeichert in T:\DLR\Analysis3\Output\NasaFlood\Lake_1061.0_Parkijaure.csv
2025-10-25 18:57:24,824 - INFO - See 1068.0 (Hornavan) gespeichert in T:\DLR\Analysis3\Output\NasaFlood\Lake_1068.0_Hornavan.csv
2025-10-25 18:57:24,828 - INFO - See 1072.0 (Uddjaur) gespeichert in T:\DLR\Analysis3\Output\NasaFlood\Lake_1072.0_Uddjaur.csv
2025-10-25 18:57:24,832 - INFO - See 1074.0 (Rossvatnet) gespeichert in T:\DLR\Analysis3\Output\NasaFlood\Lake_1074.0_Rossvatnet.csv
2025-10-25 18:57:24,837 - INFO - See 1079.0 (None) gespeichert in T:\DLR\Analysis3\Output\NasaFlood\Lake_1079.0_None.csv
2025-10-25 18:57:24,840 - INFO - See 1081.0 (Storuman) gespeichert in T:\DLR\Analysis3\Output\NasaFlood\Lake_1081.0_Storuman.csv
2025-10-25 18:57:24,844 - INFO - See 1086.0 (None) gespeichert in T:\DLR\Analysis3\Output\NasaFlood\Lake_1086.0_None.csv
2025-10-25 18:57:24,848 - INFO - See 1092.0 (Flasjon) gespeichert in T:\DLR\Analysis3\Output\NasaFlood\Lake_1092.0_Flasjon.csv
2025-10-25 18:57:24,852 - INFO - See 1094.0 (Snasvatnet) gespeichert in T:\DLR\Analysis3\Output\NasaFlood\Lake_1094.0_Snasvatnet.csv
2025-10-25 18:57:24,856 - INFO - See 1097.0 (None) gespeichert in T:\DLR\Analysis3\Output\NasaFlood\Lake_1097.0_None.csv
2025-10-25 18:57:24,860 - INFO - See 1098.0 (Torrojen) gespeichert in T:\DLR\Analysis3\Output\NasaFlood\Lake_1098.0_Torrojen.csv
2025-10-25 18:57:24,864 - INFO - See 1102.0 (Kallsjon) gespeichert in T:\DLR\Analysis3\Output\NasaFlood\Lake_1102.0_Kallsjon.csv
2025-10-25 18:57:24,868 - INFO - See 1104.0 (Storsjon) gespeichert in T:\DLR\Analysis3\Output\NasaFlood\Lake_1104.0_Storsjon.csv
2025-10-25 18:57:24,872 - INFO - See 1127.0 (Femunden) gespeichert in T:\DLR\Analysis3\Output\NasaFlood\Lake_1127.0_Femunden.csv
2025-10-25 18:57:24,876 - INFO - See 1131.0 (Piltanlor) gespeichert in T:\DLR\Analysis3\Output\NasaFlood\Lake_1131.0_Piltanlor.csv
2025-10-25 18:57:24,879 - INFO - See 1142.0 (Tormemtor) gespeichert in T:\DLR\Analysis3\Output\NasaFlood\Lake_1142.0_Tormemtor.csv
2025-10-25 18:57:24,883 - INFO - See 1143.0 (None) gespeichert in T:\DLR\Analysis3\Output\NasaFlood\Lake_1143.0_None.csv
2025-10-25 18:57:24,887 - INFO - See 1147.0 (None) gespeichert in T:\DLR\Analysis3\Output\NasaFlood\Lake_1147.0_None.csv
2025-10-25 18:57:24,890 - INFO - See 1150.0 (Siljan) gespeichert in T:\DLR\Analysis3\Output\NasaFlood\Lake_1150.0_Siljan.csv
2025-10-25 18:57:24,894 - INFO - See 1152.0 (Mjosa) gespeichert in T:\DLR\Analysis3\Output\NasaFlood\Lake_1152.0_Mjosa.csv
2025-10-25 18:57:24,898 - INFO - See 1153.0 (Randsfjorden) gespeichert in T:\DLR\Analysis3\Output\NasaFlood\Lake_1153.0_Randsfjorden.csv
2025-10-25 18:57:24,904 - INFO - See 1155.0 (Tyrifjorden) gespeichert in T:\DLR\Analysis3\Output\NasaFlood\Lake_1155.0_Tyrifjorden.csv
2025-10-25 18:57:24,917 - INFO - See 1222.0 (None) gespeichert in T:\DLR\Analysis3\Output\NasaFlood\Lake_1222.0_None.csv
2025-10-25 18:57:24,923 - INFO - See 1226.0 (None) gespeichert in T:\DLR\Analysis3\Output\NasaFlood\Lake_1226.0_None.csv
2025-10-25 18:57:24,929 - INFO - See 1227.0 (El'ton) gespeichert in T:\DLR\Analysis3\Output\NasaFlood\Lake_1227.0_El'ton.csv
2025-10-25 18:57:24,935 - INFO - See 1229.0 (None) gespeichert in T:\DLR\Analysis3\Output\NasaFlood\Lake_1229.0_None.csv
2025-10-25 18:57:24,939 - INFO - See 1234.0 (Inder) gespeichert in T:\DLR\Analysis3\Output\NasaFlood\Lake_1234.0_Inder.csv
2025-10-25 18:57:24,945 - INFO - See 1235.0 (Sor Khaki) gespeichert in T:\DLR\Analysis3\Output\NasaFlood\Lake_1235.0_Sor Khaki.csv
2025-10-25 18:57:24,952 - INFO - See 1237.0 (None) gespeichert in T:\DLR\Analysis3\Output\NasaFlood\Lake_1237.0_None.csv
2025-10-25 18:57:24,956 - INFO - See 1238.0 (Shalkarteniz) gespeichert in T:\DLR\Analysis3\Output\NasaFlood\Lake_1238.0_Shalkarteniz.csv
2025-10-25 18:57:24,960 - INFO - See 1246.0 (None) gespeichert in T:\DLR\Analysis3\Output\NasaFlood\Lake_1246.0_None.csv
2025-10-25 18:57:24,967 - INFO - See 1247.0 (None) gespeichert in T:\DLR\Analysis3\Output\NasaFlood\Lake_1247.0_None.csv
2025-10-25 18:57:24,978 - INFO - See 1255.0 (Manych-Gudilo) gespeichert in T:\DLR\Analysis3\Output\NasaFlood\Lake_1255.0_Manych-Gudilo.csv
2025-10-25 18:57:24,983 - INFO - See 1262.0 (Kamyshlybas) gespeichert in T:\DLR\Analysis3\Output\NasaFlood\Lake_1262.0_Kamyshlybas.csv
2025-10-25 18:57:24,987 - INFO - See 1263.0 (None) gespeichert in T:\DLR\Analysis3\Output\NasaFlood\Lake_1263.0_None.csv
2025-10-25 18:57:24,992 - INFO - See 1269.0 (None) gespeichert in T:\DLR\Analysis3\Output\NasaFlood\Lake_1269.0_None.csv
2025-10-25 18:57:24,995 - INFO - See 1270.0 (None) gespeichert in T:\DLR\Analysis3\Output\NasaFlood\Lake_1270.0_None.csv
2025-10-25 18:57:25,000 - INFO - See 1271.0 (None) gespeichert in T:\DLR\Analysis3\Output\NasaFlood\Lake_1271.0_None.csv
2025-10-25 18:57:25,006 - INFO - See 1276.0 (None) gespeichert in T:\DLR\Analysis3\Output\NasaFlood\Lake_1276.0_None.csv
2025-10-25 18:57:25,010 - INFO - See 1277.0 (None) gespeichert in T:\DLR\Analysis3\Output\NasaFlood\Lake_1277.0_None.csv
2025-10-25 18:57:25,015 - INFO - See 1280.0 (None) gespeichert in T:\DLR\Analysis3\Output\NasaFlood\Lake_1280.0_None.csv
2025-10-25 18:57:25,021 - INFO - See 1281.0 (Chograyskoye) gespeichert in T:\DLR\Analysis3\Output\NasaFlood\Lake_1281.0_Chograyskoye.csv
2025-10-25 18:57:25,025 - INFO - See 1291.0 (None) gespeichert in T:\DLR\Analysis3\Output\NasaFlood\Lake_1291.0_None.csv
2025-10-25 18:57:25,030 - INFO - See 1299.0 (None) gespeichert in T:\DLR\Analysis3\Output\NasaFlood\Lake_1299.0_None.csv
2025-10-25 18:57:25,034 - INFO - See 1308.0 (None) gespeichert in T:\DLR\Analysis3\Output\NasaFlood\Lake_1308.0_None.csv
2025-10-25 18:57:25,038 - INFO - See 1309.0 (None) gespeichert in T:\DLR\Analysis3\Output\NasaFlood\Lake_1309.0_None.csv
2025-10-25 18:57:25,044 - INFO - See 1311.0 (Cildir) gespeichert in T:\DLR\Analysis3\Output\NasaFlood\Lake_1311.0_Cildir.csv
2025-10-25 18:57:25,051 - INFO - See 1313.0 (Mingechaurskoye) gespeichert in T:\DLR\Analysis3\Output\NasaFlood\Lake_1313.0_Mingechaurskoye.csv
2025-10-25 18:57:25,056 - INFO - See 1316.0 (None) gespeichert in T:\DLR\Analysis3\Output\NasaFlood\Lake_1316.0_None.csv
2025-10-25 18:57:25,060 - INFO - See 1326.0 (Hirfanli) gespeichert in T:\DLR\Analysis3\Output\NasaFlood\Lake_1326.0_Hirfanli.csv
2025-10-25 18:57:25,066 - INFO - See 1332.0 (Keban Baraji) gespeichert in T:\DLR\Analysis3\Output\NasaFlood\Lake_1332.0_Keban Baraji.csv
2025-10-25 18:57:25,071 - INFO - See 1334.0 (Eber) gespeichert in T:\DLR\Analysis3\Output\NasaFlood\Lake_1334.0_Eber.csv
2025-10-25 18:57:25,074 - INFO - See 1335.0 (Aksehir) gespeichert in T:\DLR\Analysis3\Output\NasaFlood\Lake_1335.0_Aksehir.csv
2025-10-25 18:57:25,080 - INFO - See 1337.0 (None) gespeichert in T:\DLR\Analysis3\Output\NasaFlood\Lake_1337.0_None.csv
2025-10-25 18:57:25,083 - INFO - See 1340.0 (Egridir) gespeichert in T:\DLR\Analysis3\Output\NasaFlood\Lake_1340.0_Egridir.csv
2025-10-25 18:57:25,088 - INFO - See 1342.0 (Burdur) gespeichert in T:\DLR\Analysis3\Output\NasaFlood\Lake_1342.0_Burdur.csv
2025-10-25 18:57:25,091 - INFO - See 1343.0 (Beysehir) gespeichert in T:\DLR\Analysis3\Output\NasaFlood\Lake_1343.0_Beysehir.csv
2025-10-25 18:57:25,095 - INFO - See 1348.0 (Ataturk Dam) gespeichert in T:\DLR\Analysis3\Output\NasaFlood\Lake_1348.0_Ataturk Dam.csv
2025-10-25 18:57:25,099 - INFO - See 1356.0 (None) gespeichert in T:\DLR\Analysis3\Output\NasaFlood\Lake_1356.0_None.csv
2025-10-25 18:57:25,103 - INFO - See 1360.0 (None) gespeichert in T:\DLR\Analysis3\Output\NasaFlood\Lake_1360.0_None.csv
2025-10-25 18:57:25,106 - INFO - See 1365.0 (Assad) gespeichert in T:\DLR\Analysis3\Output\NasaFlood\Lake_1365.0_Assad.csv
2025-10-25 18:57:25,110 - INFO - See 1414.0 (Tiberias) gespeichert in T:\DLR\Analysis3\Output\NasaFlood\Lake_1414.0_Tiberias.csv
2025-10-25 18:57:25,114 - INFO - See 1432.0 (Dead Sea) gespeichert in T:\DLR\Analysis3\Output\NasaFlood\Lake_1432.0_Dead Sea.csv
2025-10-25 18:57:25,117 - INFO - See 1455.0 (Great Bitter) gespeichert in T:\DLR\Analysis3\Output\NasaFlood\Lake_1455.0_Great Bitter.csv
2025-10-25 18:57:25,123 - INFO - See 1461.0 (Daguan) gespeichert in T:\DLR\Analysis3\Output\NasaFlood\Lake_1461.0_Daguan.csv
2025-10-25 18:57:25,128 - INFO - See 1462.0 (Futou) gespeichert in T:\DLR\Analysis3\Output\NasaFlood\Lake_1462.0_Futou.csv
2025-10-25 18:57:25,134 - INFO - See 1463.0 (Longgan) gespeichert in T:\DLR\Analysis3\Output\NasaFlood\Lake_1463.0_Longgan.csv
2025-10-25 18:57:25,138 - INFO - See 1464.0 (Hong) gespeichert in T:\DLR\Analysis3\Output\NasaFlood\Lake_1464.0_Hong.csv
2025-10-25 18:57:25,142 - INFO - See 1465.0 (None) gespeichert in T:\DLR\Analysis3\Output\NasaFlood\Lake_1465.0_None.csv
2025-10-25 18:57:25,146 - INFO - See 1467.0 (None) gespeichert in T:\DLR\Analysis3\Output\NasaFlood\Lake_1467.0_None.csv
2025-10-25 18:57:25,150 - INFO - See 1470.0 (Dongting) gespeichert in T:\DLR\Analysis3\Output\NasaFlood\Lake_1470.0_Dongting.csv
2025-10-25 18:57:25,155 - INFO - See 1472.0 (None) gespeichert in T:\DLR\Analysis3\Output\NasaFlood\Lake_1472.0_None.csv
2025-10-25 18:57:25,159 - INFO - See 1473.0 (Yamdrok) gespeichert in T:\DLR\Analysis3\Output\NasaFlood\Lake_1473.0_Yamdrok.csv
2025-10-25 18:57:25,163 - INFO - See 1474.0 (P'ei-k'u t'so) gespeichert in T:\DLR\Analysis3\Output\NasaFlood\Lake_1474.0_P'ei-k'u t'so.csv
2025-10-25 18:57:25,167 - INFO - See 1475.0 (None) gespeichert in T:\DLR\Analysis3\Output\NasaFlood\Lake_1475.0_None.csv
2025-10-25 18:57:25,171 - INFO - See 1476.0 (Junshan) gespeichert in T:\DLR\Analysis3\Output\NasaFlood\Lake_1476.0_Junshan.csv
2025-10-25 18:57:25,175 - INFO - See 1477.0 (P'u-mo-ts'o) gespeichert in T:\DLR\Analysis3\Output\NasaFlood\Lake_1477.0_P'u-mo-ts'o.csv
2025-10-25 18:57:25,179 - INFO - See 1478.0 (None) gespeichert in T:\DLR\Analysis3\Output\NasaFlood\Lake_1478.0_None.csv
2025-10-25 18:57:25,183 - INFO - See 1480.0 (Indawngy) gespeichert in T:\DLR\Analysis3\Output\NasaFlood\Lake_1480.0_Indawngy.csv
2025-10-25 18:57:25,188 - INFO - See 1487.0 (Govind Ballabah Pant) gespeichert in T:\DLR\Analysis3\Output\NasaFlood\Lake_1487.0_Govind Ballabah Pant.csv
2025-10-25 18:57:25,192 - INFO - See 1488.0 (Bansagar Lake) gespeichert in T:\DLR\Analysis3\Output\NasaFlood\Lake_1488.0_Bansagar Lake.csv
2025-10-25 18:57:25,196 - INFO - See 1491.0 (None) gespeichert in T:\DLR\Analysis3\Output\NasaFlood\Lake_1491.0_None.csv
2025-10-25 18:57:25,200 - INFO - See 1493.0 (None) gespeichert in T:\DLR\Analysis3\Output\NasaFlood\Lake_1493.0_None.csv
2025-10-25 18:57:25,205 - INFO - See 1496.0 (None) gespeichert in T:\DLR\Analysis3\Output\NasaFlood\Lake_1496.0_None.csv
2025-10-25 18:57:25,210 - INFO - See 1497.0 (Bango Reservoir) gespeichert in T:\DLR\Analysis3\Output\NasaFlood\Lake_1497.0_Bango Reservoir.csv
2025-10-25 18:57:25,214 - INFO - See 1499.0 (Barkal) gespeichert in T:\DLR\Analysis3\Output\NasaFlood\Lake_1499.0_Barkal.csv
2025-10-25 18:57:25,219 - INFO - See 1502.0 (Hirakud Reservoir) gespeichert in T:\DLR\Analysis3\Output\NasaFlood\Lake_1502.0_Hirakud Reservoir.csv
2025-10-25 18:57:25,224 - INFO - See 1503.0 (None) gespeichert in T:\DLR\Analysis3\Output\NasaFlood\Lake_1503.0_None.csv
2025-10-25 18:57:25,229 - INFO - See 1505.0 (None) gespeichert in T:\DLR\Analysis3\Output\NasaFlood\Lake_1505.0_None.csv
2025-10-25 18:57:25,234 - INFO - See 1525.0 (Debo) gespeichert in T:\DLR\Analysis3\Output\NasaFlood\Lake_1525.0_Debo.csv
2025-10-25 18:57:25,237 - INFO - See 1536.0 (None) gespeichert in T:\DLR\Analysis3\Output\NasaFlood\Lake_1536.0_None.csv
2025-10-25 18:57:25,241 - INFO - See 1538.0 (None) gespeichert in T:\DLR\Analysis3\Output\NasaFlood\Lake_1538.0_None.csv
2025-10-25 18:57:25,245 - INFO - See 1541.0 (Fitri) gespeichert in T:\DLR\Analysis3\Output\NasaFlood\Lake_1541.0_Fitri.csv
2025-10-25 18:57:25,249 - INFO - See 1544.0 (Selingue) gespeichert in T:\DLR\Analysis3\Output\NasaFlood\Lake_1544.0_Selingue.csv
2025-10-25 18:57:25,253 - INFO - See 1545.0 (None) gespeichert in T:\DLR\Analysis3\Output\NasaFlood\Lake_1545.0_None.csv
2025-10-25 18:57:25,258 - INFO - See 1551.0 (Lake Maga) gespeichert in T:\DLR\Analysis3\Output\NasaFlood\Lake_1551.0_Lake Maga.csv
2025-10-25 18:57:25,262 - INFO - See 1552.0 (None) gespeichert in T:\DLR\Analysis3\Output\NasaFlood\Lake_1552.0_None.csv
2025-10-25 18:57:25,266 - INFO - See 1553.0 (Iro) gespeichert in T:\DLR\Analysis3\Output\NasaFlood\Lake_1553.0_Iro.csv
2025-10-25 18:57:25,271 - INFO - See 1586.0 (George) gespeichert in T:\DLR\Analysis3\Output\NasaFlood\Lake_1586.0_George.csv
2025-10-25 18:57:25,275 - INFO - See 1591.0 (Naivasha) gespeichert in T:\DLR\Analysis3\Output\NasaFlood\Lake_1591.0_Naivasha.csv
2025-10-25 18:57:25,279 - INFO - See 1596.0 (Burigi) gespeichert in T:\DLR\Analysis3\Output\NasaFlood\Lake_1596.0_Burigi.csv
2025-10-25 18:57:25,284 - INFO - See 1598.0 (Rweru) gespeichert in T:\DLR\Analysis3\Output\NasaFlood\Lake_1598.0_Rweru.csv
2025-10-25 18:57:25,287 - INFO - See 1601.0 (Natron) gespeichert in T:\DLR\Analysis3\Output\NasaFlood\Lake_1601.0_Natron.csv
2025-10-25 18:57:25,291 - INFO - See 1604.0 (Manyara) gespeichert in T:\DLR\Analysis3\Output\NasaFlood\Lake_1604.0_Manyara.csv
2025-10-25 18:57:25,295 - INFO - See 1605.0 (Kikuletwa) gespeichert in T:\DLR\Analysis3\Output\NasaFlood\Lake_1605.0_Kikuletwa.csv
2025-10-25 18:57:25,300 - INFO - See 1610.0 (None) gespeichert in T:\DLR\Analysis3\Output\NasaFlood\Lake_1610.0_None.csv
2025-10-25 18:57:25,304 - INFO - See 1611.0 (Sulunga) gespeichert in T:\DLR\Analysis3\Output\NasaFlood\Lake_1611.0_Sulunga.csv
2025-10-25 18:57:25,308 - INFO - See 1612.0 (None) gespeichert in T:\DLR\Analysis3\Output\NasaFlood\Lake_1612.0_None.csv
2025-10-25 18:57:25,312 - INFO - See 1628.0 (None) gespeichert in T:\DLR\Analysis3\Output\NasaFlood\Lake_1628.0_None.csv
2025-10-25 18:57:25,316 - INFO - See 1632.0 (Argyle Reservoir) gespeichert in T:\DLR\Analysis3\Output\NasaFlood\Lake_1632.0_Argyle Reservoir.csv
2025-10-25 18:57:25,320 - INFO - See 2337.0 (None) gespeichert in T:\DLR\Analysis3\Output\NasaFlood\Lake_2337.0_None.csv
2025-10-25 18:57:25,323 - INFO - See 3019.0 (None) gespeichert in T:\DLR\Analysis3\Output\NasaFlood\Lake_3019.0_None.csv
2025-10-25 18:57:25,330 - INFO - See 3090.0 (None) gespeichert in T:\DLR\Analysis3\Output\NasaFlood\Lake_3090.0_None.csv
2025-10-25 18:57:25,336 - INFO - See 7943.0 (None) gespeichert in T:\DLR\Analysis3\Output\NasaFlood\Lake_7943.0_None.csv
2025-10-25 18:57:25,341 - INFO - See 7945.0 (None) gespeichert in T:\DLR\Analysis3\Output\NasaFlood\Lake_7945.0_None.csv
2025-10-25 18:57:25,346 - INFO - See 7953.0 (None) gespeichert in T:\DLR\Analysis3\Output\NasaFlood\Lake_7953.0_None.csv
2025-10-25 18:57:25,352 - INFO - See 7954.0 (None) gespeichert in T:\DLR\Analysis3\Output\NasaFlood\Lake_7954.0_None.csv
2025-10-25 18:57:25,357 - INFO - See 7957.0 (None) gespeichert in T:\DLR\Analysis3\Output\NasaFlood\Lake_7957.0_None.csv
2025-10-25 18:57:25,361 - INFO - See 7967.0 (None) gespeichert in T:\DLR\Analysis3\Output\NasaFlood\Lake_7967.0_None.csv
2025-10-25 18:57:25,365 - INFO - See 7970.0 (None) gespeichert in T:\DLR\Analysis3\Output\NasaFlood\Lake_7970.0_None.csv
2025-10-25 18:57:25,371 - INFO - See 7974.0 (Whatshan Lake) gespeichert in T:\DLR\Analysis3\Output\NasaFlood\Lake_7974.0_Whatshan Lake.csv
2025-10-25 18:57:25,375 - INFO - See 7976.0 (None) gespeichert in T:\DLR\Analysis3\Output\NasaFlood\Lake_7976.0_None.csv
2025-10-25 18:57:25,379 - INFO - See 7977.0 (None) gespeichert in T:\DLR\Analysis3\Output\NasaFlood\Lake_7977.0_None.csv
2025-10-25 18:57:25,383 - INFO - See 7978.0 (None) gespeichert in T:\DLR\Analysis3\Output\NasaFlood\Lake_7978.0_None.csv
2025-10-25 18:57:25,387 - INFO - See 7991.0 (None) gespeichert in T:\DLR\Analysis3\Output\NasaFlood\Lake_7991.0_None.csv
2025-10-25 18:57:25,391 - INFO - See 7998.0 (None) gespeichert in T:\DLR\Analysis3\Output\NasaFlood\Lake_7998.0_None.csv
2025-10-25 18:57:25,395 - INFO - See 8000.0 (None) gespeichert in T:\DLR\Analysis3\Output\NasaFlood\Lake_8000.0_None.csv
2025-10-25 18:57:25,399 - INFO - See 8001.0 (None) gespeichert in T:\DLR\Analysis3\Output\NasaFlood\Lake_8001.0_None.csv
2025-10-25 18:57:25,402 - INFO - See 8005.0 (None) gespeichert in T:\DLR\Analysis3\Output\NasaFlood\Lake_8005.0_None.csv
2025-10-25 18:57:25,406 - INFO - See 8010.0 (None) gespeichert in T:\DLR\Analysis3\Output\NasaFlood\Lake_8010.0_None.csv
2025-10-25 18:57:25,411 - INFO - See 8012.0 (None) gespeichert in T:\DLR\Analysis3\Output\NasaFlood\Lake_8012.0_None.csv
2025-10-25 18:57:25,416 - INFO - See 8018.0 (None) gespeichert in T:\DLR\Analysis3\Output\NasaFlood\Lake_8018.0_None.csv
2025-10-25 18:57:25,420 - INFO - See 8020.0 (None) gespeichert in T:\DLR\Analysis3\Output\NasaFlood\Lake_8020.0_None.csv
2025-10-25 18:57:25,425 - INFO - See 8032.0 (None) gespeichert in T:\DLR\Analysis3\Output\NasaFlood\Lake_8032.0_None.csv
2025-10-25 18:57:25,429 - INFO - See 8038.0 (None) gespeichert in T:\DLR\Analysis3\Output\NasaFlood\Lake_8038.0_None.csv
2025-10-25 18:57:25,433 - INFO - See 8039.0 (None) gespeichert in T:\DLR\Analysis3\Output\NasaFlood\Lake_8039.0_None.csv
2025-10-25 18:57:25,438 - INFO - See 8044.0 (None) gespeichert in T:\DLR\Analysis3\Output\NasaFlood\Lake_8044.0_None.csv
2025-10-25 18:57:25,443 - INFO - See 8051.0 (None) gespeichert in T:\DLR\Analysis3\Output\NasaFlood\Lake_8051.0_None.csv
2025-10-25 18:57:25,449 - INFO - See 8057.0 (None) gespeichert in T:\DLR\Analysis3\Output\NasaFlood\Lake_8057.0_None.csv
2025-10-25 18:57:25,453 - INFO - See 8073.0 (None) gespeichert in T:\DLR\Analysis3\Output\NasaFlood\Lake_8073.0_None.csv
2025-10-25 18:57:25,458 - INFO - See 8074.0 (None) gespeichert in T:\DLR\Analysis3\Output\NasaFlood\Lake_8074.0_None.csv
2025-10-25 18:57:25,461 - INFO - See 8075.0 (None) gespeichert in T:\DLR\Analysis3\Output\NasaFlood\Lake_8075.0_None.csv
2025-10-25 18:57:25,465 - INFO - See 8079.0 (None) gespeichert in T:\DLR\Analysis3\Output\NasaFlood\Lake_8079.0_None.csv
2025-10-25 18:57:25,468 - INFO - See 8082.0 (None) gespeichert in T:\DLR\Analysis3\Output\NasaFlood\Lake_8082.0_None.csv
2025-10-25 18:57:25,473 - INFO - See 8083.0 (None) gespeichert in T:\DLR\Analysis3\Output\NasaFlood\Lake_8083.0_None.csv
2025-10-25 18:57:25,477 - INFO - See 8085.0 (None) gespeichert in T:\DLR\Analysis3\Output\NasaFlood\Lake_8085.0_None.csv
2025-10-25 18:57:25,481 - INFO - See 8088.0 (None) gespeichert in T:\DLR\Analysis3\Output\NasaFlood\Lake_8088.0_None.csv
2025-10-25 18:57:25,486 - INFO - See 8097.0 (None) gespeichert in T:\DLR\Analysis3\Output\NasaFlood\Lake_8097.0_None.csv
2025-10-25 18:57:25,490 - INFO - See 8098.0 (None) gespeichert in T:\DLR\Analysis3\Output\NasaFlood\Lake_8098.0_None.csv
2025-10-25 18:57:25,494 - INFO - See 8103.0 (None) gespeichert in T:\DLR\Analysis3\Output\NasaFlood\Lake_8103.0_None.csv
2025-10-25 18:57:25,499 - INFO - See 8105.0 (None) gespeichert in T:\DLR\Analysis3\Output\NasaFlood\Lake_8105.0_None.csv
2025-10-25 18:57:25,502 - INFO - See 8108.0 (None) gespeichert in T:\DLR\Analysis3\Output\NasaFlood\Lake_8108.0_None.csv
2025-10-25 18:57:25,506 - INFO - See 8110.0 (None) gespeichert in T:\DLR\Analysis3\Output\NasaFlood\Lake_8110.0_None.csv
2025-10-25 18:57:25,511 - INFO - See 8113.0 (None) gespeichert in T:\DLR\Analysis3\Output\NasaFlood\Lake_8113.0_None.csv
2025-10-25 18:57:25,515 - INFO - See 8115.0 (None) gespeichert in T:\DLR\Analysis3\Output\NasaFlood\Lake_8115.0_None.csv
2025-10-25 18:57:25,519 - INFO - See 8117.0 (None) gespeichert in T:\DLR\Analysis3\Output\NasaFlood\Lake_8117.0_None.csv
2025-10-25 18:57:25,523 - INFO - See 8120.0 (None) gespeichert in T:\DLR\Analysis3\Output\NasaFlood\Lake_8120.0_None.csv
2025-10-25 18:57:25,527 - INFO - See 8123.0 (None) gespeichert in T:\DLR\Analysis3\Output\NasaFlood\Lake_8123.0_None.csv
2025-10-25 18:57:25,530 - INFO - See 8125.0 (None) gespeichert in T:\DLR\Analysis3\Output\NasaFlood\Lake_8125.0_None.csv
2025-10-25 18:57:25,534 - INFO - See 8127.0 (None) gespeichert in T:\DLR\Analysis3\Output\NasaFlood\Lake_8127.0_None.csv
2025-10-25 18:57:25,539 - INFO - See 8141.0 (None) gespeichert in T:\DLR\Analysis3\Output\NasaFlood\Lake_8141.0_None.csv
2025-10-25 18:57:25,543 - INFO - See 8152.0 (None) gespeichert in T:\DLR\Analysis3\Output\NasaFlood\Lake_8152.0_None.csv
2025-10-25 18:57:25,547 - INFO - See 8155.0 (None) gespeichert in T:\DLR\Analysis3\Output\NasaFlood\Lake_8155.0_None.csv
2025-10-25 18:57:25,550 - INFO - See 8169.0 (None) gespeichert in T:\DLR\Analysis3\Output\NasaFlood\Lake_8169.0_None.csv
2025-10-25 18:57:25,555 - INFO - See 8180.0 (None) gespeichert in T:\DLR\Analysis3\Output\NasaFlood\Lake_8180.0_None.csv
2025-10-25 18:57:25,559 - INFO - See 8185.0 (None) gespeichert in T:\DLR\Analysis3\Output\NasaFlood\Lake_8185.0_None.csv
2025-10-25 18:57:25,563 - INFO - See 8187.0 (None) gespeichert in T:\DLR\Analysis3\Output\NasaFlood\Lake_8187.0_None.csv
2025-10-25 18:57:25,567 - INFO - See 8190.0 (None) gespeichert in T:\DLR\Analysis3\Output\NasaFlood\Lake_8190.0_None.csv
2025-10-25 18:57:25,572 - INFO - See 8191.0 (None) gespeichert in T:\DLR\Analysis3\Output\NasaFlood\Lake_8191.0_None.csv
2025-10-25 18:57:25,576 - INFO - See 8192.0 (None) gespeichert in T:\DLR\Analysis3\Output\NasaFlood\Lake_8192.0_None.csv
2025-10-25 18:57:25,580 - INFO - See 8197.0 (None) gespeichert in T:\DLR\Analysis3\Output\NasaFlood\Lake_8197.0_None.csv
2025-10-25 18:57:25,585 - INFO - See 8203.0 (None) gespeichert in T:\DLR\Analysis3\Output\NasaFlood\Lake_8203.0_None.csv
2025-10-25 18:57:25,589 - INFO - See 8207.0 (None) gespeichert in T:\DLR\Analysis3\Output\NasaFlood\Lake_8207.0_None.csv
2025-10-25 18:57:25,592 - INFO - See 8209.0 (None) gespeichert in T:\DLR\Analysis3\Output\NasaFlood\Lake_8209.0_None.csv
2025-10-25 18:57:25,596 - INFO - See 8210.0 (None) gespeichert in T:\DLR\Analysis3\Output\NasaFlood\Lake_8210.0_None.csv
2025-10-25 18:57:25,600 - INFO - See 8219.0 (Osoyoos Lake) gespeichert in T:\DLR\Analysis3\Output\NasaFlood\Lake_8219.0_Osoyoos Lake.csv
2025-10-25 18:57:25,605 - INFO - See 8247.0 (None) gespeichert in T:\DLR\Analysis3\Output\NasaFlood\Lake_8247.0_None.csv
2025-10-25 18:57:25,609 - INFO - See 8249.0 (None) gespeichert in T:\DLR\Analysis3\Output\NasaFlood\Lake_8249.0_None.csv
2025-10-25 18:57:25,613 - INFO - See 8250.0 (None) gespeichert in T:\DLR\Analysis3\Output\NasaFlood\Lake_8250.0_None.csv
2025-10-25 18:57:25,617 - INFO - See 8261.0 (None) gespeichert in T:\DLR\Analysis3\Output\NasaFlood\Lake_8261.0_None.csv
2025-10-25 18:57:25,621 - INFO - See 8270.0 (None) gespeichert in T:\DLR\Analysis3\Output\NasaFlood\Lake_8270.0_None.csv
2025-10-25 18:57:25,626 - INFO - See 8271.0 (None) gespeichert in T:\DLR\Analysis3\Output\NasaFlood\Lake_8271.0_None.csv
2025-10-25 18:57:25,630 - INFO - See 8278.0 (White Lake) gespeichert in T:\DLR\Analysis3\Output\NasaFlood\Lake_8278.0_White Lake.csv
2025-10-25 18:57:25,634 - INFO - See 8286.0 (Fresno) gespeichert in T:\DLR\Analysis3\Output\NasaFlood\Lake_8286.0_Fresno.csv
2025-10-25 18:57:25,639 - INFO - See 8298.0 (None) gespeichert in T:\DLR\Analysis3\Output\NasaFlood\Lake_8298.0_None.csv
2025-10-25 18:57:25,643 - INFO - See 8300.0 (None) gespeichert in T:\DLR\Analysis3\Output\NasaFlood\Lake_8300.0_None.csv
2025-10-25 18:57:25,647 - INFO - See 8303.0 (None) gespeichert in T:\DLR\Analysis3\Output\NasaFlood\Lake_8303.0_None.csv
2025-10-25 18:57:25,651 - INFO - See 8306.0 (Priest Lake) gespeichert in T:\DLR\Analysis3\Output\NasaFlood\Lake_8306.0_Priest Lake.csv
2025-10-25 18:57:25,655 - INFO - See 8310.0 (None) gespeichert in T:\DLR\Analysis3\Output\NasaFlood\Lake_8310.0_None.csv
2025-10-25 18:57:25,659 - INFO - See 8312.0 (None) gespeichert in T:\DLR\Analysis3\Output\NasaFlood\Lake_8312.0_None.csv
2025-10-25 18:57:25,663 - INFO - See 8326.0 (None) gespeichert in T:\DLR\Analysis3\Output\NasaFlood\Lake_8326.0_None.csv
2025-10-25 18:57:25,667 - INFO - See 8334.0 (None) gespeichert in T:\DLR\Analysis3\Output\NasaFlood\Lake_8334.0_None.csv
2025-10-25 18:57:25,671 - INFO - See 8339.0 (Hungry Horse) gespeichert in T:\DLR\Analysis3\Output\NasaFlood\Lake_8339.0_Hungry Horse.csv
2025-10-25 18:57:25,675 - INFO - See 8340.0 (None) gespeichert in T:\DLR\Analysis3\Output\NasaFlood\Lake_8340.0_None.csv
2025-10-25 18:57:25,680 - INFO - See 8343.0 (Lake Elwell) gespeichert in T:\DLR\Analysis3\Output\NasaFlood\Lake_8343.0_Lake Elwell.csv
2025-10-25 18:57:25,684 - INFO - See 8344.0 (None) gespeichert in T:\DLR\Analysis3\Output\NasaFlood\Lake_8344.0_None.csv
2025-10-25 18:57:25,688 - INFO - See 8352.0 (None) gespeichert in T:\DLR\Analysis3\Output\NasaFlood\Lake_8352.0_None.csv
2025-10-25 18:57:25,691 - INFO - See 8355.0 (None) gespeichert in T:\DLR\Analysis3\Output\NasaFlood\Lake_8355.0_None.csv
2025-10-25 18:57:25,696 - INFO - See 8359.0 (None) gespeichert in T:\DLR\Analysis3\Output\NasaFlood\Lake_8359.0_None.csv
2025-10-25 18:57:25,700 - INFO - See 8362.0 (None) gespeichert in T:\DLR\Analysis3\Output\NasaFlood\Lake_8362.0_None.csv
2025-10-25 18:57:25,703 - INFO - See 8366.0 (None) gespeichert in T:\DLR\Analysis3\Output\NasaFlood\Lake_8366.0_None.csv
2025-10-25 18:57:25,707 - INFO - See 8368.0 (None) gespeichert in T:\DLR\Analysis3\Output\NasaFlood\Lake_8368.0_None.csv
2025-10-25 18:57:25,711 - INFO - See 8373.0 (None) gespeichert in T:\DLR\Analysis3\Output\NasaFlood\Lake_8373.0_None.csv
2025-10-25 18:57:25,715 - INFO - See 8375.0 (None) gespeichert in T:\DLR\Analysis3\Output\NasaFlood\Lake_8375.0_None.csv
2025-10-25 18:57:25,719 - INFO - See 8383.0 (None) gespeichert in T:\DLR\Analysis3\Output\NasaFlood\Lake_8383.0_None.csv
2025-10-25 18:57:25,723 - INFO - See 8396.0 (None) gespeichert in T:\DLR\Analysis3\Output\NasaFlood\Lake_8396.0_None.csv
2025-10-25 18:57:25,726 - INFO - See 8399.0 (None) gespeichert in T:\DLR\Analysis3\Output\NasaFlood\Lake_8399.0_None.csv
2025-10-25 18:57:25,730 - INFO - See 8406.0 (None) gespeichert in T:\DLR\Analysis3\Output\NasaFlood\Lake_8406.0_None.csv
2025-10-25 18:57:25,735 - INFO - See 8410.0 (None) gespeichert in T:\DLR\Analysis3\Output\NasaFlood\Lake_8410.0_None.csv
2025-10-25 18:57:25,740 - INFO - See 8412.0 (None) gespeichert in T:\DLR\Analysis3\Output\NasaFlood\Lake_8412.0_None.csv
2025-10-25 18:57:25,744 - INFO - See 8413.0 (None) gespeichert in T:\DLR\Analysis3\Output\NasaFlood\Lake_8413.0_None.csv
2025-10-25 18:57:25,748 - INFO - See 8416.0 (None) gespeichert in T:\DLR\Analysis3\Output\NasaFlood\Lake_8416.0_None.csv
2025-10-25 18:57:25,752 - INFO - See 8417.0 (None) gespeichert in T:\DLR\Analysis3\Output\NasaFlood\Lake_8417.0_None.csv
2025-10-25 18:57:25,756 - INFO - See 8418.0 (None) gespeichert in T:\DLR\Analysis3\Output\NasaFlood\Lake_8418.0_None.csv
2025-10-25 18:57:25,759 - INFO - See 8422.0 (None) gespeichert in T:\DLR\Analysis3\Output\NasaFlood\Lake_8422.0_None.csv
2025-10-25 18:57:25,763 - INFO - See 8423.0 (None) gespeichert in T:\DLR\Analysis3\Output\NasaFlood\Lake_8423.0_None.csv
2025-10-25 18:57:25,767 - INFO - See 8425.0 (None) gespeichert in T:\DLR\Analysis3\Output\NasaFlood\Lake_8425.0_None.csv
2025-10-25 18:57:25,771 - INFO - See 8427.0 (None) gespeichert in T:\DLR\Analysis3\Output\NasaFlood\Lake_8427.0_None.csv
2025-10-25 18:57:25,775 - INFO - See 8428.0 (None) gespeichert in T:\DLR\Analysis3\Output\NasaFlood\Lake_8428.0_None.csv
2025-10-25 18:57:25,780 - INFO - See 8429.0 (None) gespeichert in T:\DLR\Analysis3\Output\NasaFlood\Lake_8429.0_None.csv
2025-10-25 18:57:25,784 - INFO - See 8435.0 (None) gespeichert in T:\DLR\Analysis3\Output\NasaFlood\Lake_8435.0_None.csv
2025-10-25 18:57:25,787 - INFO - See 8441.0 (None) gespeichert in T:\DLR\Analysis3\Output\NasaFlood\Lake_8441.0_None.csv
2025-10-25 18:57:25,791 - INFO - See 8442.0 (None) gespeichert in T:\DLR\Analysis3\Output\NasaFlood\Lake_8442.0_None.csv
2025-10-25 18:57:25,794 - INFO - See 8443.0 (None) gespeichert in T:\DLR\Analysis3\Output\NasaFlood\Lake_8443.0_None.csv
2025-10-25 18:57:25,799 - INFO - See 8448.0 (None) gespeichert in T:\DLR\Analysis3\Output\NasaFlood\Lake_8448.0_None.csv
2025-10-25 18:57:25,802 - INFO - See 8457.0 (None) gespeichert in T:\DLR\Analysis3\Output\NasaFlood\Lake_8457.0_None.csv
2025-10-25 18:57:25,806 - INFO - See 8458.0 (None) gespeichert in T:\DLR\Analysis3\Output\NasaFlood\Lake_8458.0_None.csv
2025-10-25 18:57:25,810 - INFO - See 8462.0 (None) gespeichert in T:\DLR\Analysis3\Output\NasaFlood\Lake_8462.0_None.csv
2025-10-25 18:57:25,814 - INFO - See 8464.0 (None) gespeichert in T:\DLR\Analysis3\Output\NasaFlood\Lake_8464.0_None.csv
2025-10-25 18:57:25,817 - INFO - See 8466.0 (None) gespeichert in T:\DLR\Analysis3\Output\NasaFlood\Lake_8466.0_None.csv
2025-10-25 18:57:25,821 - INFO - See 8467.0 (None) gespeichert in T:\DLR\Analysis3\Output\NasaFlood\Lake_8467.0_None.csv
2025-10-25 18:57:25,824 - INFO - See 8468.0 (None) gespeichert in T:\DLR\Analysis3\Output\NasaFlood\Lake_8468.0_None.csv
2025-10-25 18:57:25,829 - INFO - See 8469.0 (None) gespeichert in T:\DLR\Analysis3\Output\NasaFlood\Lake_8469.0_None.csv
2025-10-25 18:57:25,833 - INFO - See 8471.0 (None) gespeichert in T:\DLR\Analysis3\Output\NasaFlood\Lake_8471.0_None.csv
2025-10-25 18:57:25,837 - INFO - See 8473.0 (None) gespeichert in T:\DLR\Analysis3\Output\NasaFlood\Lake_8473.0_None.csv
2025-10-25 18:57:25,841 - INFO - See 8474.0 (None) gespeichert in T:\DLR\Analysis3\Output\NasaFlood\Lake_8474.0_None.csv
2025-10-25 18:57:25,846 - INFO - See 8477.0 (None) gespeichert in T:\DLR\Analysis3\Output\NasaFlood\Lake_8477.0_None.csv
2025-10-25 18:57:25,849 - INFO - See 8480.0 (None) gespeichert in T:\DLR\Analysis3\Output\NasaFlood\Lake_8480.0_None.csv
2025-10-25 18:57:25,853 - INFO - See 8490.0 (None) gespeichert in T:\DLR\Analysis3\Output\NasaFlood\Lake_8490.0_None.csv
2025-10-25 18:57:25,857 - INFO - See 8500.0 (None) gespeichert in T:\DLR\Analysis3\Output\NasaFlood\Lake_8500.0_None.csv
2025-10-25 18:57:25,861 - INFO - See 8504.0 (None) gespeichert in T:\DLR\Analysis3\Output\NasaFlood\Lake_8504.0_None.csv
2025-10-25 18:57:25,866 - INFO - See 8507.0 (None) gespeichert in T:\DLR\Analysis3\Output\NasaFlood\Lake_8507.0_None.csv
2025-10-25 18:57:25,870 - INFO - See 8519.0 (None) gespeichert in T:\DLR\Analysis3\Output\NasaFlood\Lake_8519.0_None.csv
2025-10-25 18:57:25,874 - INFO - See 8522.0 (None) gespeichert in T:\DLR\Analysis3\Output\NasaFlood\Lake_8522.0_None.csv
2025-10-25 18:57:25,878 - INFO - See 8528.0 (None) gespeichert in T:\DLR\Analysis3\Output\NasaFlood\Lake_8528.0_None.csv
2025-10-25 18:57:25,882 - INFO - See 8530.0 (None) gespeichert in T:\DLR\Analysis3\Output\NasaFlood\Lake_8530.0_None.csv
2025-10-25 18:57:25,886 - INFO - See 8536.0 (None) gespeichert in T:\DLR\Analysis3\Output\NasaFlood\Lake_8536.0_None.csv
2025-10-25 18:57:25,890 - INFO - See 8539.0 (None) gespeichert in T:\DLR\Analysis3\Output\NasaFlood\Lake_8539.0_None.csv
2025-10-25 18:57:25,894 - INFO - See 8540.0 (None) gespeichert in T:\DLR\Analysis3\Output\NasaFlood\Lake_8540.0_None.csv
2025-10-25 18:57:25,898 - INFO - See 8541.0 (None) gespeichert in T:\DLR\Analysis3\Output\NasaFlood\Lake_8541.0_None.csv
2025-10-25 18:57:25,902 - INFO - See 8552.0 (None) gespeichert in T:\DLR\Analysis3\Output\NasaFlood\Lake_8552.0_None.csv
2025-10-25 18:57:25,906 - INFO - See 8553.0 (None) gespeichert in T:\DLR\Analysis3\Output\NasaFlood\Lake_8553.0_None.csv
2025-10-25 18:57:25,911 - INFO - See 8556.0 (Moses Lake) gespeichert in T:\DLR\Analysis3\Output\NasaFlood\Lake_8556.0_Moses Lake.csv
2025-10-25 18:57:25,916 - INFO - See 8567.0 (None) gespeichert in T:\DLR\Analysis3\Output\NasaFlood\Lake_8567.0_None.csv
2025-10-25 18:57:25,920 - INFO - See 8578.0 (None) gespeichert in T:\DLR\Analysis3\Output\NasaFlood\Lake_8578.0_None.csv
2025-10-25 18:57:25,924 - INFO - See 8580.0 (Potholes) gespeichert in T:\DLR\Analysis3\Output\NasaFlood\Lake_8580.0_Potholes.csv
2025-10-25 18:57:25,928 - INFO - See 8581.0 (None) gespeichert in T:\DLR\Analysis3\Output\NasaFlood\Lake_8581.0_None.csv
2025-10-25 18:57:25,932 - INFO - See 8587.0 (None) gespeichert in T:\DLR\Analysis3\Output\NasaFlood\Lake_8587.0_None.csv
2025-10-25 18:57:25,936 - INFO - See 8591.0 (None) gespeichert in T:\DLR\Analysis3\Output\NasaFlood\Lake_8591.0_None.csv
2025-10-25 18:57:25,939 - INFO - See 8592.0 (None) gespeichert in T:\DLR\Analysis3\Output\NasaFlood\Lake_8592.0_None.csv
2025-10-25 18:57:25,943 - INFO - See 8593.0 (None) gespeichert in T:\DLR\Analysis3\Output\NasaFlood\Lake_8593.0_None.csv
2025-10-25 18:57:25,947 - INFO - See 8595.0 (None) gespeichert in T:\DLR\Analysis3\Output\NasaFlood\Lake_8595.0_None.csv
2025-10-25 18:57:25,950 - INFO - See 8596.0 (None) gespeichert in T:\DLR\Analysis3\Output\NasaFlood\Lake_8596.0_None.csv
2025-10-25 18:57:25,954 - INFO - See 8600.0 (None) gespeichert in T:\DLR\Analysis3\Output\NasaFlood\Lake_8600.0_None.csv
2025-10-25 18:57:25,958 - INFO - See 8601.0 (None) gespeichert in T:\DLR\Analysis3\Output\NasaFlood\Lake_8601.0_None.csv
2025-10-25 18:57:25,962 - INFO - See 8604.0 (None) gespeichert in T:\DLR\Analysis3\Output\NasaFlood\Lake_8604.0_None.csv
2025-10-25 18:57:25,966 - INFO - See 8610.0 (None) gespeichert in T:\DLR\Analysis3\Output\NasaFlood\Lake_8610.0_None.csv
2025-10-25 18:57:25,970 - INFO - See 8614.0 (None) gespeichert in T:\DLR\Analysis3\Output\NasaFlood\Lake_8614.0_None.csv
2025-10-25 18:57:25,974 - INFO - See 8619.0 (None) gespeichert in T:\DLR\Analysis3\Output\NasaFlood\Lake_8619.0_None.csv
2025-10-25 18:57:25,978 - INFO - See 8620.0 (None) gespeichert in T:\DLR\Analysis3\Output\NasaFlood\Lake_8620.0_None.csv
2025-10-25 18:57:25,982 - INFO - See 8621.0 (None) gespeichert in T:\DLR\Analysis3\Output\NasaFlood\Lake_8621.0_None.csv
2025-10-25 18:57:25,986 - INFO - See 8625.0 (None) gespeichert in T:\DLR\Analysis3\Output\NasaFlood\Lake_8625.0_None.csv
2025-10-25 18:57:25,990 - INFO - See 8627.0 (None) gespeichert in T:\DLR\Analysis3\Output\NasaFlood\Lake_8627.0_None.csv
2025-10-25 18:57:25,994 - INFO - See 8634.0 (None) gespeichert in T:\DLR\Analysis3\Output\NasaFlood\Lake_8634.0_None.csv
2025-10-25 18:57:25,997 - INFO - See 8642.0 (None) gespeichert in T:\DLR\Analysis3\Output\NasaFlood\Lake_8642.0_None.csv
2025-10-25 18:57:26,001 - INFO - See 8645.0 (None) gespeichert in T:\DLR\Analysis3\Output\NasaFlood\Lake_8645.0_None.csv
2025-10-25 18:57:26,005 - INFO - See 8647.0 (None) gespeichert in T:\DLR\Analysis3\Output\NasaFlood\Lake_8647.0_None.csv
2025-10-25 18:57:26,008 - INFO - See 8651.0 (None) gespeichert in T:\DLR\Analysis3\Output\NasaFlood\Lake_8651.0_None.csv
2025-10-25 18:57:26,012 - INFO - See 8654.0 (None) gespeichert in T:\DLR\Analysis3\Output\NasaFlood\Lake_8654.0_None.csv
2025-10-25 18:57:26,019 - INFO - See 8656.0 (Dworshak Reservoir) gespeichert in T:\DLR\Analysis3\Output\NasaFlood\Lake_8656.0_Dworshak Reservoir.csv
2025-10-25 18:57:26,022 - INFO - See 8660.0 (None) gespeichert in T:\DLR\Analysis3\Output\NasaFlood\Lake_8660.0_None.csv
2025-10-25 18:57:26,026 - INFO - See 8664.0 (None) gespeichert in T:\DLR\Analysis3\Output\NasaFlood\Lake_8664.0_None.csv
2025-10-25 18:57:26,029 - INFO - See 8665.0 (None) gespeichert in T:\DLR\Analysis3\Output\NasaFlood\Lake_8665.0_None.csv
2025-10-25 18:57:26,033 - INFO - See 8666.0 (None) gespeichert in T:\DLR\Analysis3\Output\NasaFlood\Lake_8666.0_None.csv
2025-10-25 18:57:26,037 - INFO - See 8672.0 (None) gespeichert in T:\DLR\Analysis3\Output\NasaFlood\Lake_8672.0_None.csv
2025-10-25 18:57:26,041 - INFO - See 8673.0 (None) gespeichert in T:\DLR\Analysis3\Output\NasaFlood\Lake_8673.0_None.csv
2025-10-25 18:57:26,045 - INFO - See 8676.0 (None) gespeichert in T:\DLR\Analysis3\Output\NasaFlood\Lake_8676.0_None.csv
2025-10-25 18:57:26,049 - INFO - See 8678.0 (None) gespeichert in T:\DLR\Analysis3\Output\NasaFlood\Lake_8678.0_None.csv
2025-10-25 18:57:26,054 - INFO - See 8686.0 (None) gespeichert in T:\DLR\Analysis3\Output\NasaFlood\Lake_8686.0_None.csv
2025-10-25 18:57:26,057 - INFO - See 8688.0 (None) gespeichert in T:\DLR\Analysis3\Output\NasaFlood\Lake_8688.0_None.csv
2025-10-25 18:57:26,061 - INFO - See 8692.0 (None) gespeichert in T:\DLR\Analysis3\Output\NasaFlood\Lake_8692.0_None.csv
2025-10-25 18:57:26,065 - INFO - See 8693.0 (None) gespeichert in T:\DLR\Analysis3\Output\NasaFlood\Lake_8693.0_None.csv
2025-10-25 18:57:26,070 - INFO - See 8700.0 (None) gespeichert in T:\DLR\Analysis3\Output\NasaFlood\Lake_8700.0_None.csv
2025-10-25 18:57:26,073 - INFO - See 8701.0 (None) gespeichert in T:\DLR\Analysis3\Output\NasaFlood\Lake_8701.0_None.csv
2025-10-25 18:57:26,077 - INFO - See 8706.0 (Georgetown Lake) gespeichert in T:\DLR\Analysis3\Output\NasaFlood\Lake_8706.0_Georgetown Lake.csv
2025-10-25 18:57:26,082 - INFO - See 8707.0 (None) gespeichert in T:\DLR\Analysis3\Output\NasaFlood\Lake_8707.0_None.csv
2025-10-25 18:57:26,086 - INFO - See 8708.0 (None) gespeichert in T:\DLR\Analysis3\Output\NasaFlood\Lake_8708.0_None.csv
2025-10-25 18:57:26,091 - INFO - See 8709.0 (None) gespeichert in T:\DLR\Analysis3\Output\NasaFlood\Lake_8709.0_None.csv
2025-10-25 18:57:26,094 - INFO - See 8711.0 (None) gespeichert in T:\DLR\Analysis3\Output\NasaFlood\Lake_8711.0_None.csv
2025-10-25 18:57:26,098 - INFO - See 8714.0 (None) gespeichert in T:\DLR\Analysis3\Output\NasaFlood\Lake_8714.0_None.csv
2025-10-25 18:57:26,102 - INFO - See 8715.0 (Michigamme Reservoir) gespeichert in T:\DLR\Analysis3\Output\NasaFlood\Lake_8715.0_Michigamme Reservoir.csv
2025-10-25 18:57:26,106 - INFO - See 8719.0 (None) gespeichert in T:\DLR\Analysis3\Output\NasaFlood\Lake_8719.0_None.csv
2025-10-25 18:57:26,109 - INFO - See 8720.0 (None) gespeichert in T:\DLR\Analysis3\Output\NasaFlood\Lake_8720.0_None.csv
2025-10-25 18:57:26,113 - INFO - See 8721.0 (None) gespeichert in T:\DLR\Analysis3\Output\NasaFlood\Lake_8721.0_None.csv
2025-10-25 18:57:26,118 - INFO - See 8727.0 (None) gespeichert in T:\DLR\Analysis3\Output\NasaFlood\Lake_8727.0_None.csv
2025-10-25 18:57:26,122 - INFO - See 8736.0 (None) gespeichert in T:\DLR\Analysis3\Output\NasaFlood\Lake_8736.0_None.csv
2025-10-25 18:57:26,126 - INFO - See 8739.0 (None) gespeichert in T:\DLR\Analysis3\Output\NasaFlood\Lake_8739.0_None.csv
2025-10-25 18:57:26,129 - INFO - See 8740.0 (None) gespeichert in T:\DLR\Analysis3\Output\NasaFlood\Lake_8740.0_None.csv
2025-10-25 18:57:26,135 - INFO - See 8743.0 (Indian Lake) gespeichert in T:\DLR\Analysis3\Output\NasaFlood\Lake_8743.0_Indian Lake.csv
2025-10-25 18:57:26,139 - INFO - See 8744.0 (Peavy Pond) gespeichert in T:\DLR\Analysis3\Output\NasaFlood\Lake_8744.0_Peavy Pond.csv
2025-10-25 18:57:26,144 - INFO - See 8745.0 (None) gespeichert in T:\DLR\Analysis3\Output\NasaFlood\Lake_8745.0_None.csv
2025-10-25 18:57:26,148 - INFO - See 8747.0 (Brevoort Lake) gespeichert in T:\DLR\Analysis3\Output\NasaFlood\Lake_8747.0_Brevoort Lake.csv
2025-10-25 18:57:26,152 - INFO - See 8752.0 (None) gespeichert in T:\DLR\Analysis3\Output\NasaFlood\Lake_8752.0_None.csv
2025-10-25 18:57:26,156 - INFO - See 8753.0 (None) gespeichert in T:\DLR\Analysis3\Output\NasaFlood\Lake_8753.0_None.csv
2025-10-25 18:57:26,160 - INFO - See 8761.0 (None) gespeichert in T:\DLR\Analysis3\Output\NasaFlood\Lake_8761.0_None.csv
2025-10-25 18:57:26,164 - INFO - See 8765.0 (None) gespeichert in T:\DLR\Analysis3\Output\NasaFlood\Lake_8765.0_None.csv
2025-10-25 18:57:26,168 - INFO - See 8770.0 (None) gespeichert in T:\DLR\Analysis3\Output\NasaFlood\Lake_8770.0_None.csv
2025-10-25 18:57:26,172 - INFO - See 8772.0 (None) gespeichert in T:\DLR\Analysis3\Output\NasaFlood\Lake_8772.0_None.csv
2025-10-25 18:57:26,175 - INFO - See 8775.0 (None) gespeichert in T:\DLR\Analysis3\Output\NasaFlood\Lake_8775.0_None.csv
2025-10-25 18:57:26,178 - INFO - See 8777.0 (None) gespeichert in T:\DLR\Analysis3\Output\NasaFlood\Lake_8777.0_None.csv
2025-10-25 18:57:26,183 - INFO - See 8788.0 (None) gespeichert in T:\DLR\Analysis3\Output\NasaFlood\Lake_8788.0_None.csv
2025-10-25 18:57:26,187 - INFO - See 8793.0 (None) gespeichert in T:\DLR\Analysis3\Output\NasaFlood\Lake_8793.0_None.csv
2025-10-25 18:57:26,191 - INFO - See 8794.0 (None) gespeichert in T:\DLR\Analysis3\Output\NasaFlood\Lake_8794.0_None.csv
2025-10-25 18:57:26,195 - INFO - See 8817.0 (None) gespeichert in T:\DLR\Analysis3\Output\NasaFlood\Lake_8817.0_None.csv
2025-10-25 18:57:26,199 - INFO - See 8819.0 (Mullet Lake) gespeichert in T:\DLR\Analysis3\Output\NasaFlood\Lake_8819.0_Mullet Lake.csv
2025-10-25 18:57:26,203 - INFO - See 8824.0 (None) gespeichert in T:\DLR\Analysis3\Output\NasaFlood\Lake_8824.0_None.csv
2025-10-25 18:57:26,207 - INFO - See 8826.0 (None) gespeichert in T:\DLR\Analysis3\Output\NasaFlood\Lake_8826.0_None.csv
2025-10-25 18:57:26,211 - INFO - See 8835.0 (None) gespeichert in T:\DLR\Analysis3\Output\NasaFlood\Lake_8835.0_None.csv
2025-10-25 18:57:26,215 - INFO - See 8838.0 (Burt Lake) gespeichert in T:\DLR\Analysis3\Output\NasaFlood\Lake_8838.0_Burt Lake.csv
2025-10-25 18:57:26,219 - INFO - See 8844.0 (None) gespeichert in T:\DLR\Analysis3\Output\NasaFlood\Lake_8844.0_None.csv
2025-10-25 18:57:26,225 - INFO - See 8848.0 (Lake Charlevoix) gespeichert in T:\DLR\Analysis3\Output\NasaFlood\Lake_8848.0_Lake Charlevoix.csv
2025-10-25 18:57:26,229 - INFO - See 8862.0 (None) gespeichert in T:\DLR\Analysis3\Output\NasaFlood\Lake_8862.0_None.csv
2025-10-25 18:57:26,232 - INFO - See 8880.0 (None) gespeichert in T:\DLR\Analysis3\Output\NasaFlood\Lake_8880.0_None.csv
2025-10-25 18:57:26,236 - INFO - See 8893.0 (None) gespeichert in T:\DLR\Analysis3\Output\NasaFlood\Lake_8893.0_None.csv
2025-10-25 18:57:26,240 - INFO - See 8895.0 (None) gespeichert in T:\DLR\Analysis3\Output\NasaFlood\Lake_8895.0_None.csv
2025-10-25 18:57:26,245 - INFO - See 8897.0 (Clark Canyon) gespeichert in T:\DLR\Analysis3\Output\NasaFlood\Lake_8897.0_Clark Canyon.csv
2025-10-25 18:57:26,249 - INFO - See 8901.0 (None) gespeichert in T:\DLR\Analysis3\Output\NasaFlood\Lake_8901.0_None.csv
2025-10-25 18:57:26,254 - INFO - See 8916.0 (None) gespeichert in T:\DLR\Analysis3\Output\NasaFlood\Lake_8916.0_None.csv
2025-10-25 18:57:26,258 - INFO - See 8918.0 (None) gespeichert in T:\DLR\Analysis3\Output\NasaFlood\Lake_8918.0_None.csv
2025-10-25 18:57:26,261 - INFO - See 8919.0 (None) gespeichert in T:\DLR\Analysis3\Output\NasaFlood\Lake_8919.0_None.csv
2025-10-25 18:57:26,266 - INFO - See 8924.0 (Hebgen Lake) gespeichert in T:\DLR\Analysis3\Output\NasaFlood\Lake_8924.0_Hebgen Lake.csv
2025-10-25 18:57:26,270 - INFO - See 8926.0 (None) gespeichert in T:\DLR\Analysis3\Output\NasaFlood\Lake_8926.0_None.csv
2025-10-25 18:57:26,274 - INFO - See 8928.0 (Torch Lake) gespeichert in T:\DLR\Analysis3\Output\NasaFlood\Lake_8928.0_Torch Lake.csv
2025-10-25 18:57:26,278 - INFO - See 8933.0 (Brownlee) gespeichert in T:\DLR\Analysis3\Output\NasaFlood\Lake_8933.0_Brownlee.csv
2025-10-25 18:57:26,282 - INFO - See 8939.0 (None) gespeichert in T:\DLR\Analysis3\Output\NasaFlood\Lake_8939.0_None.csv
2025-10-25 18:57:26,286 - INFO - See 8946.0 (None) gespeichert in T:\DLR\Analysis3\Output\NasaFlood\Lake_8946.0_None.csv
2025-10-25 18:57:26,290 - INFO - See 8947.0 (None) gespeichert in T:\DLR\Analysis3\Output\NasaFlood\Lake_8947.0_None.csv
2025-10-25 18:57:26,295 - INFO - See 8952.0 (None) gespeichert in T:\DLR\Analysis3\Output\NasaFlood\Lake_8952.0_None.csv
2025-10-25 18:57:26,299 - INFO - See 8953.0 (None) gespeichert in T:\DLR\Analysis3\Output\NasaFlood\Lake_8953.0_None.csv
2025-10-25 18:57:26,303 - INFO - See 8957.0 (None) gespeichert in T:\DLR\Analysis3\Output\NasaFlood\Lake_8957.0_None.csv
2025-10-25 18:57:26,307 - INFO - See 8960.0 (None) gespeichert in T:\DLR\Analysis3\Output\NasaFlood\Lake_8960.0_None.csv
2025-10-25 18:57:26,311 - INFO - See 8962.0 (None) gespeichert in T:\DLR\Analysis3\Output\NasaFlood\Lake_8962.0_None.csv
2025-10-25 18:57:26,315 - INFO - See 8978.0 (Lake Cascade) gespeichert in T:\DLR\Analysis3\Output\NasaFlood\Lake_8978.0_Lake Cascade.csv
2025-10-25 18:57:26,319 - INFO - See 8988.0 (None) gespeichert in T:\DLR\Analysis3\Output\NasaFlood\Lake_8988.0_None.csv
2025-10-25 18:57:26,323 - INFO - See 8991.0 (Island Park) gespeichert in T:\DLR\Analysis3\Output\NasaFlood\Lake_8991.0_Island Park.csv
2025-10-25 18:57:26,327 - INFO - See 8992.0 (None) gespeichert in T:\DLR\Analysis3\Output\NasaFlood\Lake_8992.0_None.csv
2025-10-25 18:57:26,331 - INFO - See 8993.0 (Houghton Lake) gespeichert in T:\DLR\Analysis3\Output\NasaFlood\Lake_8993.0_Houghton Lake.csv
2025-10-25 18:57:26,334 - INFO - See 8998.0 (None) gespeichert in T:\DLR\Analysis3\Output\NasaFlood\Lake_8998.0_None.csv
2025-10-25 18:57:26,338 - INFO - See 8999.0 (None) gespeichert in T:\DLR\Analysis3\Output\NasaFlood\Lake_8999.0_None.csv
2025-10-25 18:57:26,342 - INFO - See 9004.0 (Deadwood) gespeichert in T:\DLR\Analysis3\Output\NasaFlood\Lake_9004.0_Deadwood.csv
2025-10-25 18:57:26,346 - INFO - See 9008.0 (None) gespeichert in T:\DLR\Analysis3\Output\NasaFlood\Lake_9008.0_None.csv
2025-10-25 18:57:26,350 - INFO - See 9012.0 (None) gespeichert in T:\DLR\Analysis3\Output\NasaFlood\Lake_9012.0_None.csv
2025-10-25 18:57:26,354 - INFO - See 9023.0 (Petenwell Lake) gespeichert in T:\DLR\Analysis3\Output\NasaFlood\Lake_9023.0_Petenwell Lake.csv
2025-10-25 18:57:26,358 - INFO - See 9025.0 (None) gespeichert in T:\DLR\Analysis3\Output\NasaFlood\Lake_9025.0_None.csv
2025-10-25 18:57:26,362 - INFO - See 9027.0 (None) gespeichert in T:\DLR\Analysis3\Output\NasaFlood\Lake_9027.0_None.csv
2025-10-25 18:57:26,367 - INFO - See 9028.0 (None) gespeichert in T:\DLR\Analysis3\Output\NasaFlood\Lake_9028.0_None.csv
2025-10-25 18:57:26,371 - INFO - See 9036.0 (None) gespeichert in T:\DLR\Analysis3\Output\NasaFlood\Lake_9036.0_None.csv
2025-10-25 18:57:26,374 - INFO - See 9038.0 (Castle Rock Lake) gespeichert in T:\DLR\Analysis3\Output\NasaFlood\Lake_9038.0_Castle Rock Lake.csv
2025-10-25 18:57:26,379 - INFO - See 9039.0 (None) gespeichert in T:\DLR\Analysis3\Output\NasaFlood\Lake_9039.0_None.csv
2025-10-25 18:57:26,383 - INFO - See 9040.0 (Princeton) gespeichert in T:\DLR\Analysis3\Output\NasaFlood\Lake_9040.0_Princeton.csv
2025-10-25 18:57:26,387 - INFO - See 9050.0 (Lake Owyhee) gespeichert in T:\DLR\Analysis3\Output\NasaFlood\Lake_9050.0_Lake Owyhee.csv
2025-10-25 18:57:26,392 - INFO - See 9055.0 (Warm Springs) gespeichert in T:\DLR\Analysis3\Output\NasaFlood\Lake_9055.0_Warm Springs.csv
2025-10-25 18:57:26,396 - INFO - See 9056.0 (Lake Lowell) gespeichert in T:\DLR\Analysis3\Output\NasaFlood\Lake_9056.0_Lake Lowell.csv
2025-10-25 18:57:26,400 - INFO - See 9057.0 (None) gespeichert in T:\DLR\Analysis3\Output\NasaFlood\Lake_9057.0_None.csv
2025-10-25 18:57:26,404 - INFO - See 9060.0 (None) gespeichert in T:\DLR\Analysis3\Output\NasaFlood\Lake_9060.0_None.csv
2025-10-25 18:57:26,408 - INFO - See 9064.0 (None) gespeichert in T:\DLR\Analysis3\Output\NasaFlood\Lake_9064.0_None.csv
2025-10-25 18:57:26,413 - INFO - See 9070.0 (Anderson Ranch) gespeichert in T:\DLR\Analysis3\Output\NasaFlood\Lake_9070.0_Anderson Ranch.csv
2025-10-25 18:57:26,417 - INFO - See 9071.0 (None) gespeichert in T:\DLR\Analysis3\Output\NasaFlood\Lake_9071.0_None.csv
2025-10-25 18:57:26,421 - INFO - See 9073.0 (Palisades) gespeichert in T:\DLR\Analysis3\Output\NasaFlood\Lake_9073.0_Palisades.csv
2025-10-25 18:57:26,425 - INFO - See 9076.0 (None) gespeichert in T:\DLR\Analysis3\Output\NasaFlood\Lake_9076.0_None.csv
2025-10-25 18:57:26,429 - INFO - See 9077.0 (None) gespeichert in T:\DLR\Analysis3\Output\NasaFlood\Lake_9077.0_None.csv
2025-10-25 18:57:26,433 - INFO - See 9078.0 (None) gespeichert in T:\DLR\Analysis3\Output\NasaFlood\Lake_9078.0_None.csv
2025-10-25 18:57:26,438 - INFO - See 9086.0 (Tenny Park Locks) gespeichert in T:\DLR\Analysis3\Output\NasaFlood\Lake_9086.0_Tenny Park Locks.csv
2025-10-25 18:57:26,442 - INFO - See 9087.0 (None) gespeichert in T:\DLR\Analysis3\Output\NasaFlood\Lake_9087.0_None.csv
2025-10-25 18:57:26,446 - INFO - See 9088.0 (Blackfoot River Reservoir) gespeichert in T:\DLR\Analysis3\Output\NasaFlood\Lake_9088.0_Blackfoot River Reservoir.csv
2025-10-25 18:57:26,450 - INFO - See 9091.0 (None) gespeichert in T:\DLR\Analysis3\Output\NasaFlood\Lake_9091.0_None.csv
2025-10-25 18:57:26,456 - INFO - See 9093.0 (None) gespeichert in T:\DLR\Analysis3\Output\NasaFlood\Lake_9093.0_None.csv
2025-10-25 18:57:26,459 - INFO - See 9100.0 (None) gespeichert in T:\DLR\Analysis3\Output\NasaFlood\Lake_9100.0_None.csv
2025-10-25 18:57:26,463 - INFO - See 9103.0 (None) gespeichert in T:\DLR\Analysis3\Output\NasaFlood\Lake_9103.0_None.csv
2025-10-25 18:57:26,468 - INFO - See 9105.0 (Lake Walcott) gespeichert in T:\DLR\Analysis3\Output\NasaFlood\Lake_9105.0_Lake Walcott.csv
2025-10-25 18:57:26,471 - INFO - See 9108.0 (None) gespeichert in T:\DLR\Analysis3\Output\NasaFlood\Lake_9108.0_None.csv
2025-10-25 18:57:26,476 - INFO - See 9109.0 (None) gespeichert in T:\DLR\Analysis3\Output\NasaFlood\Lake_9109.0_None.csv
2025-10-25 18:57:26,480 - INFO - See 9110.0 (None) gespeichert in T:\DLR\Analysis3\Output\NasaFlood\Lake_9110.0_None.csv
2025-10-25 18:57:26,484 - INFO - See 9111.0 (None) gespeichert in T:\DLR\Analysis3\Output\NasaFlood\Lake_9111.0_None.csv
2025-10-25 18:57:26,488 - INFO - See 9113.0 (None) gespeichert in T:\DLR\Analysis3\Output\NasaFlood\Lake_9113.0_None.csv
2025-10-25 18:57:26,492 - INFO - See 9118.0 (Hart Lake) gespeichert in T:\DLR\Analysis3\Output\NasaFlood\Lake_9118.0_Hart Lake.csv
2025-10-25 18:57:26,496 - INFO - See 9120.0 (None) gespeichert in T:\DLR\Analysis3\Output\NasaFlood\Lake_9120.0_None.csv
2025-10-25 18:57:26,501 - INFO - See 9121.0 (None) gespeichert in T:\DLR\Analysis3\Output\NasaFlood\Lake_9121.0_None.csv
2025-10-25 18:57:26,505 - INFO - See 9132.0 (Fontenelle) gespeichert in T:\DLR\Analysis3\Output\NasaFlood\Lake_9132.0_Fontenelle.csv
2025-10-25 18:57:26,509 - INFO - See 9142.0 (None) gespeichert in T:\DLR\Analysis3\Output\NasaFlood\Lake_9142.0_None.csv
2025-10-25 18:57:26,512 - INFO - See 9147.0 (Wild Horse Reservoir) gespeichert in T:\DLR\Analysis3\Output\NasaFlood\Lake_9147.0_Wild Horse Reservoir.csv
2025-10-25 18:57:26,516 - INFO - See 9148.0 (None) gespeichert in T:\DLR\Analysis3\Output\NasaFlood\Lake_9148.0_None.csv
2025-10-25 18:57:26,519 - INFO - See 9149.0 (None) gespeichert in T:\DLR\Analysis3\Output\NasaFlood\Lake_9149.0_None.csv
2025-10-25 18:57:26,523 - INFO - See 9151.0 (Pymatuning Reservoir) gespeichert in T:\DLR\Analysis3\Output\NasaFlood\Lake_9151.0_Pymatuning Reservoir.csv
2025-10-25 18:57:26,527 - INFO - See 9155.0 (None) gespeichert in T:\DLR\Analysis3\Output\NasaFlood\Lake_9155.0_None.csv
2025-10-25 18:57:26,531 - INFO - See 9156.0 (Willard) gespeichert in T:\DLR\Analysis3\Output\NasaFlood\Lake_9156.0_Willard.csv
2025-10-25 18:57:26,534 - INFO - See 9159.0 (None) gespeichert in T:\DLR\Analysis3\Output\NasaFlood\Lake_9159.0_None.csv
2025-10-25 18:57:26,538 - INFO - See 9160.0 (Mosquito Creek Lake) gespeichert in T:\DLR\Analysis3\Output\NasaFlood\Lake_9160.0_Mosquito Creek Lake.csv
2025-10-25 18:57:26,542 - INFO - See 9161.0 (Shenango River Lake) gespeichert in T:\DLR\Analysis3\Output\NasaFlood\Lake_9161.0_Shenango River Lake.csv
2025-10-25 18:57:26,546 - INFO - See 9163.0 (Braidwood Station Cooling Pond) gespeichert in T:\DLR\Analysis3\Output\NasaFlood\Lake_9163.0_Braidwood Station Cooling Pond.csv
2025-10-25 18:57:26,550 - INFO - See 9167.0 (Berlin Lake) gespeichert in T:\DLR\Analysis3\Output\NasaFlood\Lake_9167.0_Berlin Lake.csv
2025-10-25 18:57:26,553 - INFO - See 9168.0 (Lake Arthur) gespeichert in T:\DLR\Analysis3\Output\NasaFlood\Lake_9168.0_Lake Arthur.csv
2025-10-25 18:57:26,557 - INFO - See 9171.0 (None) gespeichert in T:\DLR\Analysis3\Output\NasaFlood\Lake_9171.0_None.csv
2025-10-25 18:57:26,562 - INFO - See 9173.0 (None) gespeichert in T:\DLR\Analysis3\Output\NasaFlood\Lake_9173.0_None.csv
2025-10-25 18:57:26,565 - INFO - See 9174.0 (None) gespeichert in T:\DLR\Analysis3\Output\NasaFlood\Lake_9174.0_None.csv
2025-10-25 18:57:26,569 - INFO - See 9175.0 (None) gespeichert in T:\DLR\Analysis3\Output\NasaFlood\Lake_9175.0_None.csv
2025-10-25 18:57:26,573 - INFO - See 9176.0 (Mississinewa Lake) gespeichert in T:\DLR\Analysis3\Output\NasaFlood\Lake_9176.0_Mississinewa Lake.csv
2025-10-25 18:57:26,577 - INFO - See 9177.0 (None) gespeichert in T:\DLR\Analysis3\Output\NasaFlood\Lake_9177.0_None.csv
2025-10-25 18:57:26,581 - INFO - See 9179.0 (None) gespeichert in T:\DLR\Analysis3\Output\NasaFlood\Lake_9179.0_None.csv
2025-10-25 18:57:26,585 - INFO - See 9181.0 (None) gespeichert in T:\DLR\Analysis3\Output\NasaFlood\Lake_9181.0_None.csv
2025-10-25 18:57:26,589 - INFO - See 9182.0 (None) gespeichert in T:\DLR\Analysis3\Output\NasaFlood\Lake_9182.0_None.csv
2025-10-25 18:57:26,594 - INFO - See 9183.0 (None) gespeichert in T:\DLR\Analysis3\Output\NasaFlood\Lake_9183.0_None.csv
2025-10-25 18:57:26,600 - INFO - See 9184.0 (Rye Patch Reservoir) gespeichert in T:\DLR\Analysis3\Output\NasaFlood\Lake_9184.0_Rye Patch Reservoir.csv
2025-10-25 18:57:26,604 - INFO - See 9185.0 (None) gespeichert in T:\DLR\Analysis3\Output\NasaFlood\Lake_9185.0_None.csv
2025-10-25 18:57:26,609 - INFO - See 9189.0 (None) gespeichert in T:\DLR\Analysis3\Output\NasaFlood\Lake_9189.0_None.csv
2025-10-25 18:57:26,613 - INFO - See 9190.0 (Alum Creek Lake) gespeichert in T:\DLR\Analysis3\Output\NasaFlood\Lake_9190.0_Alum Creek Lake.csv
2025-10-25 18:57:26,617 - INFO - See 9192.0 (Clinton Lake) gespeichert in T:\DLR\Analysis3\Output\NasaFlood\Lake_9192.0_Clinton Lake.csv
2025-10-25 18:57:26,621 - INFO - See 9194.0 (Strawberry) gespeichert in T:\DLR\Analysis3\Output\NasaFlood\Lake_9194.0_Strawberry.csv
2025-10-25 18:57:26,624 - INFO - See 9195.0 (None) gespeichert in T:\DLR\Analysis3\Output\NasaFlood\Lake_9195.0_None.csv
2025-10-25 18:57:26,629 - INFO - See 9196.0 (None) gespeichert in T:\DLR\Analysis3\Output\NasaFlood\Lake_9196.0_None.csv
2025-10-25 18:57:26,632 - INFO - See 9198.0 (None) gespeichert in T:\DLR\Analysis3\Output\NasaFlood\Lake_9198.0_None.csv
2025-10-25 18:57:26,636 - INFO - See 9199.0 (Senecaville Lake) gespeichert in T:\DLR\Analysis3\Output\NasaFlood\Lake_9199.0_Senecaville Lake.csv
2025-10-25 18:57:26,640 - INFO - See 9201.0 (Lake Decatur) gespeichert in T:\DLR\Analysis3\Output\NasaFlood\Lake_9201.0_Lake Decatur.csv
2025-10-25 18:57:26,643 - INFO - See 9204.0 (Lake Springfield) gespeichert in T:\DLR\Analysis3\Output\NasaFlood\Lake_9204.0_Lake Springfield.csv
2025-10-25 18:57:26,648 - INFO - See 9205.0 (Kirwin) gespeichert in T:\DLR\Analysis3\Output\NasaFlood\Lake_9205.0_Kirwin.csv
2025-10-25 18:57:26,652 - INFO - See 9207.0 (None) gespeichert in T:\DLR\Analysis3\Output\NasaFlood\Lake_9207.0_None.csv
2025-10-25 18:57:26,657 - INFO - See 9209.0 (Mark Twain Lake) gespeichert in T:\DLR\Analysis3\Output\NasaFlood\Lake_9209.0_Mark Twain Lake.csv
2025-10-25 18:57:26,661 - INFO - See 9210.0 (None) gespeichert in T:\DLR\Analysis3\Output\NasaFlood\Lake_9210.0_None.csv
2025-10-25 18:57:26,666 - INFO - See 9211.0 (Caesar Creek Lake) gespeichert in T:\DLR\Analysis3\Output\NasaFlood\Lake_9211.0_Caesar Creek Lake.csv
2025-10-25 18:57:26,670 - INFO - See 9213.0 (Waconda Lake) gespeichert in T:\DLR\Analysis3\Output\NasaFlood\Lake_9213.0_Waconda Lake.csv
2025-10-25 18:57:26,674 - INFO - See 9216.0 (Brookville Lake) gespeichert in T:\DLR\Analysis3\Output\NasaFlood\Lake_9216.0_Brookville Lake.csv
2025-10-25 18:57:26,678 - INFO - See 9217.0 (Lake Shelbyville) gespeichert in T:\DLR\Analysis3\Output\NasaFlood\Lake_9217.0_Lake Shelbyville.csv
2025-10-25 18:57:26,682 - INFO - See 9218.0 (Webster) gespeichert in T:\DLR\Analysis3\Output\NasaFlood\Lake_9218.0_Webster.csv
2025-10-25 18:57:26,687 - INFO - See 9219.0 (Smithville Lake) gespeichert in T:\DLR\Analysis3\Output\NasaFlood\Lake_9219.0_Smithville Lake.csv
2025-10-25 18:57:26,690 - INFO - See 9222.0 (None) gespeichert in T:\DLR\Analysis3\Output\NasaFlood\Lake_9222.0_None.csv
2025-10-25 18:57:26,695 - INFO - See 9224.0 (Tuttle Creek Lake) gespeichert in T:\DLR\Analysis3\Output\NasaFlood\Lake_9224.0_Tuttle Creek Lake.csv
2025-10-25 18:57:26,699 - INFO - See 9226.0 (Perry Lake) gespeichert in T:\DLR\Analysis3\Output\NasaFlood\Lake_9226.0_Perry Lake.csv
2025-10-25 18:57:26,703 - INFO - See 9228.0 (Milford Lake) gespeichert in T:\DLR\Analysis3\Output\NasaFlood\Lake_9228.0_Milford Lake.csv
2025-10-25 18:57:26,707 - INFO - See 9229.0 (Monroe Lake) gespeichert in T:\DLR\Analysis3\Output\NasaFlood\Lake_9229.0_Monroe Lake.csv
2025-10-25 18:57:26,711 - INFO - See 9230.0 (None) gespeichert in T:\DLR\Analysis3\Output\NasaFlood\Lake_9230.0_None.csv
2025-10-25 18:57:26,715 - INFO - See 9231.0 (Wilson Lake) gespeichert in T:\DLR\Analysis3\Output\NasaFlood\Lake_9231.0_Wilson Lake.csv
2025-10-25 18:57:26,719 - INFO - See 9232.0 (Clinton Lake) gespeichert in T:\DLR\Analysis3\Output\NasaFlood\Lake_9232.0_Clinton Lake.csv
2025-10-25 18:57:26,724 - INFO - See 9234.0 (Cedar Bluff) gespeichert in T:\DLR\Analysis3\Output\NasaFlood\Lake_9234.0_Cedar Bluff.csv
2025-10-25 18:57:26,727 - INFO - See 9236.0 (None) gespeichert in T:\DLR\Analysis3\Output\NasaFlood\Lake_9236.0_None.csv
2025-10-25 18:57:26,732 - INFO - See 9237.0 (Hillsdale Lake) gespeichert in T:\DLR\Analysis3\Output\NasaFlood\Lake_9237.0_Hillsdale Lake.csv
2025-10-25 18:57:26,736 - INFO - See 9238.0 (Pomona Lake) gespeichert in T:\DLR\Analysis3\Output\NasaFlood\Lake_9238.0_Pomona Lake.csv
2025-10-25 18:57:26,740 - INFO - See 9239.0 (Carlyle Lake) gespeichert in T:\DLR\Analysis3\Output\NasaFlood\Lake_9239.0_Carlyle Lake.csv
2025-10-25 18:57:26,745 - INFO - See 9240.0 (Kanopolis Lake) gespeichert in T:\DLR\Analysis3\Output\NasaFlood\Lake_9240.0_Kanopolis Lake.csv
2025-10-25 18:57:26,750 - INFO - See 9242.0 (Melvern Lake) gespeichert in T:\DLR\Analysis3\Output\NasaFlood\Lake_9242.0_Melvern Lake.csv
2025-10-25 18:57:26,754 - INFO - See 9245.0 (None) gespeichert in T:\DLR\Analysis3\Output\NasaFlood\Lake_9245.0_None.csv
2025-10-25 18:57:26,758 - INFO - See 9246.0 (Patoka Lake) gespeichert in T:\DLR\Analysis3\Output\NasaFlood\Lake_9246.0_Patoka Lake.csv
2025-10-25 18:57:26,762 - INFO - See 9247.0 (None) gespeichert in T:\DLR\Analysis3\Output\NasaFlood\Lake_9247.0_None.csv
2025-10-25 18:57:26,767 - INFO - See 9248.0 (Marion Lake) gespeichert in T:\DLR\Analysis3\Output\NasaFlood\Lake_9248.0_Marion Lake.csv
2025-10-25 18:57:26,771 - INFO - See 9249.0 (None) gespeichert in T:\DLR\Analysis3\Output\NasaFlood\Lake_9249.0_None.csv
2025-10-25 18:57:26,776 - INFO - See 9254.0 (John Redmond Lake) gespeichert in T:\DLR\Analysis3\Output\NasaFlood\Lake_9254.0_John Redmond Lake.csv
2025-10-25 18:57:26,780 - INFO - See 9257.0 (None) gespeichert in T:\DLR\Analysis3\Output\NasaFlood\Lake_9257.0_None.csv
2025-10-25 18:57:26,784 - INFO - See 9260.0 (Cave Run Lake) gespeichert in T:\DLR\Analysis3\Output\NasaFlood\Lake_9260.0_Cave Run Lake.csv
2025-10-25 18:57:26,790 - INFO - See 9264.0 (Rend Lake) gespeichert in T:\DLR\Analysis3\Output\NasaFlood\Lake_9264.0_Rend Lake.csv
2025-10-25 18:57:26,794 - INFO - See 9265.0 (Lake Anna) gespeichert in T:\DLR\Analysis3\Output\NasaFlood\Lake_9265.0_Lake Anna.csv
2025-10-25 18:57:26,799 - INFO - See 9266.0 (Taylorsville Lake) gespeichert in T:\DLR\Analysis3\Output\NasaFlood\Lake_9266.0_Taylorsville Lake.csv
2025-10-25 18:57:26,803 - INFO - See 9268.0 (Pomme de Terre Lake) gespeichert in T:\DLR\Analysis3\Output\NasaFlood\Lake_9268.0_Pomme de Terre Lake.csv
2025-10-25 18:57:26,807 - INFO - See 9269.0 (El Dorado Lake) gespeichert in T:\DLR\Analysis3\Output\NasaFlood\Lake_9269.0_El Dorado Lake.csv
2025-10-25 18:57:26,812 - INFO - See 9270.0 (Cheney) gespeichert in T:\DLR\Analysis3\Output\NasaFlood\Lake_9270.0_Cheney.csv
2025-10-25 18:57:26,817 - INFO - See 9271.0 (Crab Orchard Lake) gespeichert in T:\DLR\Analysis3\Output\NasaFlood\Lake_9271.0_Crab Orchard Lake.csv
2025-10-25 18:57:26,821 - INFO - See 9273.0 (Stockton Lake) gespeichert in T:\DLR\Analysis3\Output\NasaFlood\Lake_9273.0_Stockton Lake.csv
2025-10-25 18:57:26,825 - INFO - See 9274.0 (Rough River Lake) gespeichert in T:\DLR\Analysis3\Output\NasaFlood\Lake_9274.0_Rough River Lake.csv
2025-10-25 18:57:26,829 - INFO - See 9282.0 (Nolin Lake) gespeichert in T:\DLR\Analysis3\Output\NasaFlood\Lake_9282.0_Nolin Lake.csv
2025-10-25 18:57:26,834 - INFO - See 9283.0 (None) gespeichert in T:\DLR\Analysis3\Output\NasaFlood\Lake_9283.0_None.csv
2025-10-25 18:57:26,838 - INFO - See 9284.0 (Green River Lake) gespeichert in T:\DLR\Analysis3\Output\NasaFlood\Lake_9284.0_Green River Lake.csv
2025-10-25 18:57:26,843 - INFO - See 9287.0 (None) gespeichert in T:\DLR\Analysis3\Output\NasaFlood\Lake_9287.0_None.csv
2025-10-25 18:57:26,847 - INFO - See 9288.0 (None) gespeichert in T:\DLR\Analysis3\Output\NasaFlood\Lake_9288.0_None.csv
2025-10-25 18:57:26,851 - INFO - See 9290.0 (Smith Mountain Lake) gespeichert in T:\DLR\Analysis3\Output\NasaFlood\Lake_9290.0_Smith Mountain Lake.csv
2025-10-25 18:57:26,855 - INFO - See 9292.0 (Laurel Lake) gespeichert in T:\DLR\Analysis3\Output\NasaFlood\Lake_9292.0_Laurel Lake.csv
2025-10-25 18:57:26,859 - INFO - See 9293.0 (None) gespeichert in T:\DLR\Analysis3\Output\NasaFlood\Lake_9293.0_None.csv
2025-10-25 18:57:26,864 - INFO - See 9294.0 (Wappapello Lake) gespeichert in T:\DLR\Analysis3\Output\NasaFlood\Lake_9294.0_Wappapello Lake.csv
2025-10-25 18:57:26,868 - INFO - See 9295.0 (Barren River Lake) gespeichert in T:\DLR\Analysis3\Output\NasaFlood\Lake_9295.0_Barren River Lake.csv
2025-10-25 18:57:26,872 - INFO - See 9296.0 (Copan Lake) gespeichert in T:\DLR\Analysis3\Output\NasaFlood\Lake_9296.0_Copan Lake.csv
2025-10-25 18:57:26,876 - INFO - See 9299.0 (Great Salt Plains Lake) gespeichert in T:\DLR\Analysis3\Output\NasaFlood\Lake_9299.0_Great Salt Plains Lake.csv
2025-10-25 18:57:26,880 - INFO - See 9300.0 (Kaw Lake) gespeichert in T:\DLR\Analysis3\Output\NasaFlood\Lake_9300.0_Kaw Lake.csv
2025-10-25 18:57:26,884 - INFO - See 9302.0 (None) gespeichert in T:\DLR\Analysis3\Output\NasaFlood\Lake_9302.0_None.csv
2025-10-25 18:57:26,888 - INFO - See 9303.0 (None) gespeichert in T:\DLR\Analysis3\Output\NasaFlood\Lake_9303.0_None.csv
2025-10-25 18:57:26,892 - INFO - See 9305.0 (Dale Hollow Lake) gespeichert in T:\DLR\Analysis3\Output\NasaFlood\Lake_9305.0_Dale Hollow Lake.csv
2025-10-25 18:57:26,897 - INFO - See 9306.0 (South Holston Lake) gespeichert in T:\DLR\Analysis3\Output\NasaFlood\Lake_9306.0_South Holston Lake.csv
2025-10-25 18:57:26,901 - INFO - See 9307.0 (None) gespeichert in T:\DLR\Analysis3\Output\NasaFlood\Lake_9307.0_None.csv
2025-10-25 18:57:26,905 - INFO - See 9308.0 (Lake Gaston) gespeichert in T:\DLR\Analysis3\Output\NasaFlood\Lake_9308.0_Lake Gaston.csv
2025-10-25 18:57:26,910 - INFO - See 9309.0 (None) gespeichert in T:\DLR\Analysis3\Output\NasaFlood\Lake_9309.0_None.csv
2025-10-25 18:57:26,914 - INFO - See 9311.0 (None) gespeichert in T:\DLR\Analysis3\Output\NasaFlood\Lake_9311.0_None.csv
2025-10-25 18:57:26,918 - INFO - See 9312.0 (Boone Lake) gespeichert in T:\DLR\Analysis3\Output\NasaFlood\Lake_9312.0_Boone Lake.csv
2025-10-25 18:57:26,922 - INFO - See 9313.0 (Beaver Lake) gespeichert in T:\DLR\Analysis3\Output\NasaFlood\Lake_9313.0_Beaver Lake.csv
2025-10-25 18:57:26,925 - INFO - See 9314.0 (None) gespeichert in T:\DLR\Analysis3\Output\NasaFlood\Lake_9314.0_None.csv
2025-10-25 18:57:26,929 - INFO - See 9315.0 (Skiatook Lake) gespeichert in T:\DLR\Analysis3\Output\NasaFlood\Lake_9315.0_Skiatook Lake.csv
2025-10-25 18:57:26,933 - INFO - See 9316.0 (None) gespeichert in T:\DLR\Analysis3\Output\NasaFlood\Lake_9316.0_None.csv
2025-10-25 18:57:26,937 - INFO - See 9317.0 (Watauga Lake) gespeichert in T:\DLR\Analysis3\Output\NasaFlood\Lake_9317.0_Watauga Lake.csv
2025-10-25 18:57:26,941 - INFO - See 9318.0 (None) gespeichert in T:\DLR\Analysis3\Output\NasaFlood\Lake_9318.0_None.csv
2025-10-25 18:57:26,944 - INFO - See 9319.0 (Lake Hudson) gespeichert in T:\DLR\Analysis3\Output\NasaFlood\Lake_9319.0_Lake Hudson.csv
2025-10-25 18:57:26,948 - INFO - See 9320.0 (None) gespeichert in T:\DLR\Analysis3\Output\NasaFlood\Lake_9320.0_None.csv
2025-10-25 18:57:26,952 - INFO - See 9321.0 (Old Hickory Lake) gespeichert in T:\DLR\Analysis3\Output\NasaFlood\Lake_9321.0_Old Hickory Lake.csv
2025-10-25 18:57:26,955 - INFO - See 9322.0 (Norfork Lake) gespeichert in T:\DLR\Analysis3\Output\NasaFlood\Lake_9322.0_Norfork Lake.csv
2025-10-25 18:57:26,960 - INFO - See 9324.0 (Lake Hudson) gespeichert in T:\DLR\Analysis3\Output\NasaFlood\Lake_9324.0_Lake Hudson.csv
2025-10-25 18:57:26,964 - INFO - See 9325.0 (Norris Lake) gespeichert in T:\DLR\Analysis3\Output\NasaFlood\Lake_9325.0_Norris Lake.csv
2025-10-25 18:57:26,968 - INFO - See 9326.0 (Cherokee Lake) gespeichert in T:\DLR\Analysis3\Output\NasaFlood\Lake_9326.0_Cherokee Lake.csv
2025-10-25 18:57:26,973 - INFO - See 9327.0 (J. Percy Priest Lake) gespeichert in T:\DLR\Analysis3\Output\NasaFlood\Lake_9327.0_J. Percy Priest Lake.csv
2025-10-25 18:57:26,977 - INFO - See 9328.0 (Keystone Lake) gespeichert in T:\DLR\Analysis3\Output\NasaFlood\Lake_9328.0_Keystone Lake.csv
2025-10-25 18:57:26,981 - INFO - See 9329.0 (None) gespeichert in T:\DLR\Analysis3\Output\NasaFlood\Lake_9329.0_None.csv
2025-10-25 18:57:26,985 - INFO - See 9330.0 (Center Hill Lake) gespeichert in T:\DLR\Analysis3\Output\NasaFlood\Lake_9330.0_Center Hill Lake.csv
2025-10-25 18:57:26,989 - INFO - See 9331.0 (Canton Lake) gespeichert in T:\DLR\Analysis3\Output\NasaFlood\Lake_9331.0_Canton Lake.csv
2025-10-25 18:57:26,993 - INFO - See 9332.0 (Douglas Lake) gespeichert in T:\DLR\Analysis3\Output\NasaFlood\Lake_9332.0_Douglas Lake.csv
2025-10-25 18:57:26,998 - INFO - See 9333.0 (Falls Lake) gespeichert in T:\DLR\Analysis3\Output\NasaFlood\Lake_9333.0_Falls Lake.csv
2025-10-25 18:57:27,001 - INFO - See 9334.0 (Melton Hill Lake) gespeichert in T:\DLR\Analysis3\Output\NasaFlood\Lake_9334.0_Melton Hill Lake.csv
2025-10-25 18:57:27,005 - INFO - See 9335.0 (Fort Gibson Lake) gespeichert in T:\DLR\Analysis3\Output\NasaFlood\Lake_9335.0_Fort Gibson Lake.csv
2025-10-25 18:57:27,009 - INFO - See 9336.0 (Lake Hickory) gespeichert in T:\DLR\Analysis3\Output\NasaFlood\Lake_9336.0_Lake Hickory.csv
2025-10-25 18:57:27,013 - INFO - See 9338.0 (None) gespeichert in T:\DLR\Analysis3\Output\NasaFlood\Lake_9338.0_None.csv
2025-10-25 18:57:27,017 - INFO - See 9339.0 (Tellico Lake) gespeichert in T:\DLR\Analysis3\Output\NasaFlood\Lake_9339.0_Tellico Lake.csv
2025-10-25 18:57:27,020 - INFO - See 9340.0 (Phelps Lake) gespeichert in T:\DLR\Analysis3\Output\NasaFlood\Lake_9340.0_Phelps Lake.csv
2025-10-25 18:57:27,025 - INFO - See 9342.0 (Bridgewater) gespeichert in T:\DLR\Analysis3\Output\NasaFlood\Lake_9342.0_Bridgewater.csv
2025-10-25 18:57:27,029 - INFO - See 9344.0 (B. Everett Jordan Lake) gespeichert in T:\DLR\Analysis3\Output\NasaFlood\Lake_9344.0_B. Everett Jordan Lake.csv
2025-10-25 18:57:27,032 - INFO - See 9346.0 (None) gespeichert in T:\DLR\Analysis3\Output\NasaFlood\Lake_9346.0_None.csv
2025-10-25 18:57:27,036 - INFO - See 9347.0 (High Rock Lake) gespeichert in T:\DLR\Analysis3\Output\NasaFlood\Lake_9347.0_High Rock Lake.csv
2025-10-25 18:57:27,040 - INFO - See 9348.0 (Tenkiller Lake) gespeichert in T:\DLR\Analysis3\Output\NasaFlood\Lake_9348.0_Tenkiller Lake.csv
2025-10-25 18:57:27,044 - INFO - See 9349.0 (None) gespeichert in T:\DLR\Analysis3\Output\NasaFlood\Lake_9349.0_None.csv
2025-10-25 18:57:27,049 - INFO - See 9350.0 (Foss) gespeichert in T:\DLR\Analysis3\Output\NasaFlood\Lake_9350.0_Foss.csv
2025-10-25 18:57:27,052 - INFO - See 9351.0 (Normandy Lake) gespeichert in T:\DLR\Analysis3\Output\NasaFlood\Lake_9351.0_Normandy Lake.csv
2025-10-25 18:57:27,056 - INFO - See 9352.0 (Fontana Lake) gespeichert in T:\DLR\Analysis3\Output\NasaFlood\Lake_9352.0_Fontana Lake.csv
2025-10-25 18:57:27,061 - INFO - See 9353.0 (Lake Badin) gespeichert in T:\DLR\Analysis3\Output\NasaFlood\Lake_9353.0_Lake Badin.csv
2025-10-25 18:57:27,066 - INFO - See 9356.0 (Woods Reservoir) gespeichert in T:\DLR\Analysis3\Output\NasaFlood\Lake_9356.0_Woods Reservoir.csv
2025-10-25 18:57:27,070 - INFO - See 9357.0 (Dardanelle Lake) gespeichert in T:\DLR\Analysis3\Output\NasaFlood\Lake_9357.0_Dardanelle Lake.csv
2025-10-25 18:57:27,075 - INFO - See 9358.0 (Lake Thunderbird) gespeichert in T:\DLR\Analysis3\Output\NasaFlood\Lake_9358.0_Lake Thunderbird.csv
2025-10-25 18:57:27,079 - INFO - See 9359.0 (None) gespeichert in T:\DLR\Analysis3\Output\NasaFlood\Lake_9359.0_None.csv
2025-10-25 18:57:27,082 - INFO - See 9361.0 (None) gespeichert in T:\DLR\Analysis3\Output\NasaFlood\Lake_9361.0_None.csv
2025-10-25 18:57:27,087 - INFO - See 9362.0 (Fort Cobb) gespeichert in T:\DLR\Analysis3\Output\NasaFlood\Lake_9362.0_Fort Cobb.csv
2025-10-25 18:57:27,091 - INFO - See 9363.0 (Hiwassee Lake) gespeichert in T:\DLR\Analysis3\Output\NasaFlood\Lake_9363.0_Hiwassee Lake.csv
2025-10-25 18:57:27,095 - INFO - See 9364.0 (Blue Mountain Lake) gespeichert in T:\DLR\Analysis3\Output\NasaFlood\Lake_9364.0_Blue Mountain Lake.csv
2025-10-25 18:57:27,099 - INFO - See 9366.0 (Wylie) gespeichert in T:\DLR\Analysis3\Output\NasaFlood\Lake_9366.0_Wylie.csv
2025-10-25 18:57:27,103 - INFO - See 9367.0 (Chatuge Lake) gespeichert in T:\DLR\Analysis3\Output\NasaFlood\Lake_9367.0_Chatuge Lake.csv
2025-10-25 18:57:27,110 - INFO - See 9368.0 (Nickajack Lake) gespeichert in T:\DLR\Analysis3\Output\NasaFlood\Lake_9368.0_Nickajack Lake.csv
2025-10-25 18:57:27,114 - INFO - See 9369.0 (None) gespeichert in T:\DLR\Analysis3\Output\NasaFlood\Lake_9369.0_None.csv
2025-10-25 18:57:27,119 - INFO - See 9370.0 (Jocassee) gespeichert in T:\DLR\Analysis3\Output\NasaFlood\Lake_9370.0_Jocassee.csv
2025-10-25 18:57:27,122 - INFO - See 9371.0 (Wister Lake) gespeichert in T:\DLR\Analysis3\Output\NasaFlood\Lake_9371.0_Wister Lake.csv
2025-10-25 18:57:27,127 - INFO - See 9372.0 (Lake Altus) gespeichert in T:\DLR\Analysis3\Output\NasaFlood\Lake_9372.0_Lake Altus.csv
2025-10-25 18:57:27,132 - INFO - See 9373.0 (None) gespeichert in T:\DLR\Analysis3\Output\NasaFlood\Lake_9373.0_None.csv
2025-10-25 18:57:27,136 - INFO - See 9374.0 (None) gespeichert in T:\DLR\Analysis3\Output\NasaFlood\Lake_9374.0_None.csv
2025-10-25 18:57:27,141 - INFO - See 9375.0 (Lake Keowee) gespeichert in T:\DLR\Analysis3\Output\NasaFlood\Lake_9375.0_Lake Keowee.csv
2025-10-25 18:57:27,144 - INFO - See 9376.0 (None) gespeichert in T:\DLR\Analysis3\Output\NasaFlood\Lake_9376.0_None.csv
2025-10-25 18:57:27,148 - INFO - See 9377.0 (None) gespeichert in T:\DLR\Analysis3\Output\NasaFlood\Lake_9377.0_None.csv
2025-10-25 18:57:27,154 - INFO - See 9378.0 (Arkabutla Lake) gespeichert in T:\DLR\Analysis3\Output\NasaFlood\Lake_9378.0_Arkabutla Lake.csv
2025-10-25 18:57:27,158 - INFO - See 9379.0 (None) gespeichert in T:\DLR\Analysis3\Output\NasaFlood\Lake_9379.0_None.csv
2025-10-25 18:57:27,162 - INFO - See 9380.0 (Tom Steed) gespeichert in T:\DLR\Analysis3\Output\NasaFlood\Lake_9380.0_Tom Steed.csv
2025-10-25 18:57:27,165 - INFO - See 9381.0 (None) gespeichert in T:\DLR\Analysis3\Output\NasaFlood\Lake_9381.0_None.csv
2025-10-25 18:57:27,169 - INFO - See 9382.0 (None) gespeichert in T:\DLR\Analysis3\Output\NasaFlood\Lake_9382.0_None.csv
2025-10-25 18:57:27,173 - INFO - See 9383.0 (None) gespeichert in T:\DLR\Analysis3\Output\NasaFlood\Lake_9383.0_None.csv
2025-10-25 18:57:27,177 - INFO - See 9384.0 (Cedar Creek Reservoir) gespeichert in T:\DLR\Analysis3\Output\NasaFlood\Lake_9384.0_Cedar Creek Reservoir.csv
2025-10-25 18:57:27,181 - INFO - See 9385.0 (Bay Springs Lake) gespeichert in T:\DLR\Analysis3\Output\NasaFlood\Lake_9385.0_Bay Springs Lake.csv
2025-10-25 18:57:27,186 - INFO - See 9386.0 (None) gespeichert in T:\DLR\Analysis3\Output\NasaFlood\Lake_9386.0_None.csv
2025-10-25 18:57:27,190 - INFO - See 9387.0 (Lake Hamilton) gespeichert in T:\DLR\Analysis3\Output\NasaFlood\Lake_9387.0_Lake Hamilton.csv
2025-10-25 18:57:27,194 - INFO - See 9388.0 (None) gespeichert in T:\DLR\Analysis3\Output\NasaFlood\Lake_9388.0_None.csv
2025-10-25 18:57:27,198 - INFO - See 9389.0 (Wateree Lake) gespeichert in T:\DLR\Analysis3\Output\NasaFlood\Lake_9389.0_Wateree Lake.csv
2025-10-25 18:57:27,202 - INFO - See 9390.0 (McGee Creek) gespeichert in T:\DLR\Analysis3\Output\NasaFlood\Lake_9390.0_McGee Creek.csv
2025-10-25 18:57:27,206 - INFO - See 9391.0 (None) gespeichert in T:\DLR\Analysis3\Output\NasaFlood\Lake_9391.0_None.csv
2025-10-25 18:57:27,210 - INFO - See 9393.0 (Parr) gespeichert in T:\DLR\Analysis3\Output\NasaFlood\Lake_9393.0_Parr.csv
2025-10-25 18:57:27,215 - INFO - See 9394.0 (None) gespeichert in T:\DLR\Analysis3\Output\NasaFlood\Lake_9394.0_None.csv
2025-10-25 18:57:27,219 - INFO - See 9396.0 (Waurika Lake) gespeichert in T:\DLR\Analysis3\Output\NasaFlood\Lake_9396.0_Waurika Lake.csv
2025-10-25 18:57:27,223 - INFO - See 9398.0 (Degray Lake) gespeichert in T:\DLR\Analysis3\Output\NasaFlood\Lake_9398.0_Degray Lake.csv
2025-10-25 18:57:27,227 - INFO - See 9399.0 (None) gespeichert in T:\DLR\Analysis3\Output\NasaFlood\Lake_9399.0_None.csv
2025-10-25 18:57:27,231 - INFO - See 9400.0 (Weiss Lake) gespeichert in T:\DLR\Analysis3\Output\NasaFlood\Lake_9400.0_Weiss Lake.csv
2025-10-25 18:57:27,235 - INFO - See 9401.0 (None) gespeichert in T:\DLR\Analysis3\Output\NasaFlood\Lake_9401.0_None.csv
2025-10-25 18:57:27,239 - INFO - See 9402.0 (None) gespeichert in T:\DLR\Analysis3\Output\NasaFlood\Lake_9402.0_None.csv
2025-10-25 18:57:27,245 - INFO - See 9403.0 (Allatoona Lake) gespeichert in T:\DLR\Analysis3\Output\NasaFlood\Lake_9403.0_Allatoona Lake.csv
2025-10-25 18:57:27,250 - INFO - See 9404.0 (Enid Lake) gespeichert in T:\DLR\Analysis3\Output\NasaFlood\Lake_9404.0_Enid Lake.csv
2025-10-25 18:57:27,254 - INFO - See 9405.0 (Lake Greeson) gespeichert in T:\DLR\Analysis3\Output\NasaFlood\Lake_9405.0_Lake Greeson.csv
2025-10-25 18:57:27,258 - INFO - See 9406.0 (Broken Bow Lake) gespeichert in T:\DLR\Analysis3\Output\NasaFlood\Lake_9406.0_Broken Bow Lake.csv
2025-10-25 18:57:27,262 - INFO - See 9407.0 (Pine Creek Lake) gespeichert in T:\DLR\Analysis3\Output\NasaFlood\Lake_9407.0_Pine Creek Lake.csv
2025-10-25 18:57:27,266 - INFO - See 9409.0 (None) gespeichert in T:\DLR\Analysis3\Output\NasaFlood\Lake_9409.0_None.csv
2025-10-25 18:57:27,270 - INFO - See 9410.0 (Richard B. Russell Lake) gespeichert in T:\DLR\Analysis3\Output\NasaFlood\Lake_9410.0_Richard B. Russell Lake.csv
2025-10-25 18:57:27,274 - INFO - See 9411.0 (Hugo Lake) gespeichert in T:\DLR\Analysis3\Output\NasaFlood\Lake_9411.0_Hugo Lake.csv
2025-10-25 18:57:27,279 - INFO - See 9412.0 (Smith) gespeichert in T:\DLR\Analysis3\Output\NasaFlood\Lake_9412.0_Smith.csv
2025-10-25 18:57:27,284 - INFO - See 9413.0 (None) gespeichert in T:\DLR\Analysis3\Output\NasaFlood\Lake_9413.0_None.csv
2025-10-25 18:57:27,289 - INFO - See 9414.0 (Pat Mayse Lake) gespeichert in T:\DLR\Analysis3\Output\NasaFlood\Lake_9414.0_Pat Mayse Lake.csv
2025-10-25 18:57:27,293 - INFO - See 9416.0 (None) gespeichert in T:\DLR\Analysis3\Output\NasaFlood\Lake_9416.0_None.csv
2025-10-25 18:57:27,297 - INFO - See 9417.0 (Henry) gespeichert in T:\DLR\Analysis3\Output\NasaFlood\Lake_9417.0_Henry.csv
2025-10-25 18:57:27,301 - INFO - See 9418.0 (None) gespeichert in T:\DLR\Analysis3\Output\NasaFlood\Lake_9418.0_None.csv
2025-10-25 18:57:27,305 - INFO - See 9419.0 (Lake Kemp) gespeichert in T:\DLR\Analysis3\Output\NasaFlood\Lake_9419.0_Lake Kemp.csv
2025-10-25 18:57:27,309 - INFO - See 9420.0 (Millwood Lake) gespeichert in T:\DLR\Analysis3\Output\NasaFlood\Lake_9420.0_Millwood Lake.csv
2025-10-25 18:57:27,313 - INFO - See 9421.0 (None) gespeichert in T:\DLR\Analysis3\Output\NasaFlood\Lake_9421.0_None.csv
2025-10-25 18:57:27,318 - INFO - See 9424.0 (None) gespeichert in T:\DLR\Analysis3\Output\NasaFlood\Lake_9424.0_None.csv
2025-10-25 18:57:27,322 - INFO - See 9425.0 (None) gespeichert in T:\DLR\Analysis3\Output\NasaFlood\Lake_9425.0_None.csv
2025-10-25 18:57:27,327 - INFO - See 9426.0 (None) gespeichert in T:\DLR\Analysis3\Output\NasaFlood\Lake_9426.0_None.csv
2025-10-25 18:57:27,331 - INFO - See 9427.0 (None) gespeichert in T:\DLR\Analysis3\Output\NasaFlood\Lake_9427.0_None.csv
2025-10-25 18:57:27,335 - INFO - See 9428.0 (Logan Martin Lake) gespeichert in T:\DLR\Analysis3\Output\NasaFlood\Lake_9428.0_Logan Martin Lake.csv
2025-10-25 18:57:27,339 - INFO - See 9429.0 (None) gespeichert in T:\DLR\Analysis3\Output\NasaFlood\Lake_9429.0_None.csv
2025-10-25 18:57:27,343 - INFO - See 9430.0 (Ray Roberts Lake) gespeichert in T:\DLR\Analysis3\Output\NasaFlood\Lake_9430.0_Ray Roberts Lake.csv
2025-10-25 18:57:27,347 - INFO - See 9431.0 (Laurens Shoals) gespeichert in T:\DLR\Analysis3\Output\NasaFlood\Lake_9431.0_Laurens Shoals.csv
2025-10-25 18:57:27,353 - INFO - See 9432.0 (None) gespeichert in T:\DLR\Analysis3\Output\NasaFlood\Lake_9432.0_None.csv
2025-10-25 18:57:27,358 - INFO - See 9433.0 (None) gespeichert in T:\DLR\Analysis3\Output\NasaFlood\Lake_9433.0_None.csv
2025-10-25 18:57:27,362 - INFO - See 9434.0 (Texarkana Lake) gespeichert in T:\DLR\Analysis3\Output\NasaFlood\Lake_9434.0_Texarkana Lake.csv
2025-10-25 18:57:27,366 - INFO - See 9435.0 (None) gespeichert in T:\DLR\Analysis3\Output\NasaFlood\Lake_9435.0_None.csv
2025-10-25 18:57:27,370 - INFO - See 9436.0 (Lake Tuscaloosa) gespeichert in T:\DLR\Analysis3\Output\NasaFlood\Lake_9436.0_Lake Tuscaloosa.csv
2025-10-25 18:57:27,374 - INFO - See 9437.0 (R.L. Harris Reservoir) gespeichert in T:\DLR\Analysis3\Output\NasaFlood\Lake_9437.0_R.L. Harris Reservoir.csv
2025-10-25 18:57:27,378 - INFO - See 9438.0 (None) gespeichert in T:\DLR\Analysis3\Output\NasaFlood\Lake_9438.0_None.csv
2025-10-25 18:57:27,382 - INFO - See 9439.0 (None) gespeichert in T:\DLR\Analysis3\Output\NasaFlood\Lake_9439.0_None.csv
2025-10-25 18:57:27,385 - INFO - See 9441.0 (Furman Shoals) gespeichert in T:\DLR\Analysis3\Output\NasaFlood\Lake_9441.0_Furman Shoals.csv
2025-10-25 18:57:27,389 - INFO - See 9442.0 (None) gespeichert in T:\DLR\Analysis3\Output\NasaFlood\Lake_9442.0_None.csv
2025-10-25 18:57:27,393 - INFO - See 9443.0 (Lewisville Lake) gespeichert in T:\DLR\Analysis3\Output\NasaFlood\Lake_9443.0_Lewisville Lake.csv
2025-10-25 18:57:27,398 - INFO - See 9444.0 (None) gespeichert in T:\DLR\Analysis3\Output\NasaFlood\Lake_9444.0_None.csv
2025-10-25 18:57:27,402 - INFO - See 9445.0 (Lake Erling) gespeichert in T:\DLR\Analysis3\Output\NasaFlood\Lake_9445.0_Lake Erling.csv
2025-10-25 18:57:27,406 - INFO - See 9446.0 (Lavon Lake) gespeichert in T:\DLR\Analysis3\Output\NasaFlood\Lake_9446.0_Lavon Lake.csv
2025-10-25 18:57:27,410 - INFO - See 9447.0 (None) gespeichert in T:\DLR\Analysis3\Output\NasaFlood\Lake_9447.0_None.csv
2025-10-25 18:57:27,415 - INFO - See 9448.0 (None) gespeichert in T:\DLR\Analysis3\Output\NasaFlood\Lake_9448.0_None.csv
2025-10-25 18:57:27,419 - INFO - See 9449.0 (None) gespeichert in T:\DLR\Analysis3\Output\NasaFlood\Lake_9449.0_None.csv
2025-10-25 18:57:27,423 - INFO - See 9450.0 (None) gespeichert in T:\DLR\Analysis3\Output\NasaFlood\Lake_9450.0_None.csv
2025-10-25 18:57:27,427 - INFO - See 9451.0 (None) gespeichert in T:\DLR\Analysis3\Output\NasaFlood\Lake_9451.0_None.csv
2025-10-25 18:57:27,431 - INFO - See 9452.0 (West Point Lake) gespeichert in T:\DLR\Analysis3\Output\NasaFlood\Lake_9452.0_West Point Lake.csv
2025-10-25 18:57:27,435 - INFO - See 9454.0 (None) gespeichert in T:\DLR\Analysis3\Output\NasaFlood\Lake_9454.0_None.csv
2025-10-25 18:57:27,439 - INFO - See 9455.0 (Possum Kingdom) gespeichert in T:\DLR\Analysis3\Output\NasaFlood\Lake_9455.0_Possum Kingdom.csv
2025-10-25 18:57:27,444 - INFO - See 9456.0 (Hubbard Creek Lake) gespeichert in T:\DLR\Analysis3\Output\NasaFlood\Lake_9456.0_Hubbard Creek Lake.csv
2025-10-25 18:57:27,449 - INFO - See 9457.0 (Lake Fork Reservoir) gespeichert in T:\DLR\Analysis3\Output\NasaFlood\Lake_9457.0_Lake Fork Reservoir.csv
2025-10-25 18:57:27,453 - INFO - See 9458.0 (Mitchell Lake) gespeichert in T:\DLR\Analysis3\Output\NasaFlood\Lake_9458.0_Mitchell Lake.csv
2025-10-25 18:57:27,458 - INFO - See 9460.0 (Lake Ray Hubbard) gespeichert in T:\DLR\Analysis3\Output\NasaFlood\Lake_9460.0_Lake Ray Hubbard.csv
2025-10-25 18:57:27,462 - INFO - See 9461.0 (None) gespeichert in T:\DLR\Analysis3\Output\NasaFlood\Lake_9461.0_None.csv
2025-10-25 18:57:27,466 - INFO - See 9462.0 (Lake of the Pines) gespeichert in T:\DLR\Analysis3\Output\NasaFlood\Lake_9462.0_Lake of the Pines.csv
2025-10-25 18:57:27,470 - INFO - See 9463.0 (Lake Claiborne) gespeichert in T:\DLR\Analysis3\Output\NasaFlood\Lake_9463.0_Lake Claiborne.csv
2025-10-25 18:57:27,474 - INFO - See 9464.0 (Bayou Darbonne Reservoir) gespeichert in T:\DLR\Analysis3\Output\NasaFlood\Lake_9464.0_Bayou Darbonne Reservoir.csv
2025-10-25 18:57:27,478 - INFO - See 9465.0 (Caddo Lake) gespeichert in T:\DLR\Analysis3\Output\NasaFlood\Lake_9465.0_Caddo Lake.csv
2025-10-25 18:57:27,482 - INFO - See 9466.0 (Lake Harding) gespeichert in T:\DLR\Analysis3\Output\NasaFlood\Lake_9466.0_Lake Harding.csv
2025-10-25 18:57:27,486 - INFO - See 9467.0 (None) gespeichert in T:\DLR\Analysis3\Output\NasaFlood\Lake_9467.0_None.csv
2025-10-25 18:57:27,490 - INFO - See 9468.0 (None) gespeichert in T:\DLR\Analysis3\Output\NasaFlood\Lake_9468.0_None.csv
2025-10-25 18:57:27,495 - INFO - See 9469.0 (Lake Jordan) gespeichert in T:\DLR\Analysis3\Output\NasaFlood\Lake_9469.0_Lake Jordan.csv
2025-10-25 18:57:27,499 - INFO - See 9471.0 (None) gespeichert in T:\DLR\Analysis3\Output\NasaFlood\Lake_9471.0_None.csv
2025-10-25 18:57:27,503 - INFO - See 9472.0 (None) gespeichert in T:\DLR\Analysis3\Output\NasaFlood\Lake_9472.0_None.csv
2025-10-25 18:57:27,508 - INFO - See 9473.0 (Cross Lake) gespeichert in T:\DLR\Analysis3\Output\NasaFlood\Lake_9473.0_Cross Lake.csv
2025-10-25 18:57:27,512 - INFO - See 9474.0 (Okatibbee Lake) gespeichert in T:\DLR\Analysis3\Output\NasaFlood\Lake_9474.0_Okatibbee Lake.csv
2025-10-25 18:57:27,519 - INFO - See 9475.0 (Ross R. Barnett Reservoir) gespeichert in T:\DLR\Analysis3\Output\NasaFlood\Lake_9475.0_Ross R. Barnett Reservoir.csv
2025-10-25 18:57:27,524 - INFO - See 9477.0 (None) gespeichert in T:\DLR\Analysis3\Output\NasaFlood\Lake_9477.0_None.csv
2025-10-25 18:57:27,528 - INFO - See 9478.0 (Lake Bistineau) gespeichert in T:\DLR\Analysis3\Output\NasaFlood\Lake_9478.0_Lake Bistineau.csv
2025-10-25 18:57:27,533 - INFO - See 9479.0 (None) gespeichert in T:\DLR\Analysis3\Output\NasaFlood\Lake_9479.0_None.csv
2025-10-25 18:57:27,537 - INFO - See 9480.0 (None) gespeichert in T:\DLR\Analysis3\Output\NasaFlood\Lake_9480.0_None.csv
2025-10-25 18:57:27,543 - INFO - See 9481.0 (None) gespeichert in T:\DLR\Analysis3\Output\NasaFlood\Lake_9481.0_None.csv
2025-10-25 18:57:27,547 - INFO - See 9482.0 (None) gespeichert in T:\DLR\Analysis3\Output\NasaFlood\Lake_9482.0_None.csv
2025-10-25 18:57:27,551 - INFO - See 9483.0 (Caney Lake) gespeichert in T:\DLR\Analysis3\Output\NasaFlood\Lake_9483.0_Caney Lake.csv
2025-10-25 18:57:27,555 - INFO - See 9484.0 (Palestine) gespeichert in T:\DLR\Analysis3\Output\NasaFlood\Lake_9484.0_Palestine.csv
2025-10-25 18:57:27,560 - INFO - See 9485.0 (None) gespeichert in T:\DLR\Analysis3\Output\NasaFlood\Lake_9485.0_None.csv
2025-10-25 18:57:27,565 - INFO - See 9486.0 (Lake Murvaul) gespeichert in T:\DLR\Analysis3\Output\NasaFlood\Lake_9486.0_Lake Murvaul.csv
2025-10-25 18:57:27,568 - INFO - See 9487.0 (None) gespeichert in T:\DLR\Analysis3\Output\NasaFlood\Lake_9487.0_None.csv
2025-10-25 18:57:27,573 - INFO - See 9491.0 (Black Lake Bayou Reservoir) gespeichert in T:\DLR\Analysis3\Output\NasaFlood\Lake_9491.0_Black Lake Bayou Reservoir.csv
2025-10-25 18:57:27,577 - INFO - See 9492.0 (Lake Whitney) gespeichert in T:\DLR\Analysis3\Output\NasaFlood\Lake_9492.0_Lake Whitney.csv
2025-10-25 18:57:27,581 - INFO - See 9493.0 (Lake Blackshear) gespeichert in T:\DLR\Analysis3\Output\NasaFlood\Lake_9493.0_Lake Blackshear.csv
2025-10-25 18:57:27,585 - INFO - See 9495.0 (Lake Brownwood) gespeichert in T:\DLR\Analysis3\Output\NasaFlood\Lake_9495.0_Lake Brownwood.csv
2025-10-25 18:57:27,590 - INFO - See 9496.0 (None) gespeichert in T:\DLR\Analysis3\Output\NasaFlood\Lake_9496.0_None.csv
2025-10-25 18:57:27,594 - INFO - See 9498.0 (None) gespeichert in T:\DLR\Analysis3\Output\NasaFlood\Lake_9498.0_None.csv
2025-10-25 18:57:27,598 - INFO - See 9500.0 (Catahoula Lake) gespeichert in T:\DLR\Analysis3\Output\NasaFlood\Lake_9500.0_Catahoula Lake.csv
2025-10-25 18:57:27,602 - INFO - See 9502.0 (None) gespeichert in T:\DLR\Analysis3\Output\NasaFlood\Lake_9502.0_None.csv
2025-10-25 18:57:27,607 - INFO - See 9504.0 (Lake Limestone) gespeichert in T:\DLR\Analysis3\Output\NasaFlood\Lake_9504.0_Lake Limestone.csv
2025-10-25 18:57:27,611 - INFO - See 9505.0 (Vernon Lake) gespeichert in T:\DLR\Analysis3\Output\NasaFlood\Lake_9505.0_Vernon Lake.csv
2025-10-25 18:57:27,615 - INFO - See 9506.0 (None) gespeichert in T:\DLR\Analysis3\Output\NasaFlood\Lake_9506.0_None.csv
2025-10-25 18:57:27,620 - INFO - See 9507.0 (None) gespeichert in T:\DLR\Analysis3\Output\NasaFlood\Lake_9507.0_None.csv
2025-10-25 18:57:27,624 - INFO - See 9508.0 (None) gespeichert in T:\DLR\Analysis3\Output\NasaFlood\Lake_9508.0_None.csv
2025-10-25 18:57:27,628 - INFO - See 9509.0 (None) gespeichert in T:\DLR\Analysis3\Output\NasaFlood\Lake_9509.0_None.csv
2025-10-25 18:57:27,631 - INFO - See 9510.0 (None) gespeichert in T:\DLR\Analysis3\Output\NasaFlood\Lake_9510.0_None.csv
2025-10-25 18:57:27,635 - INFO - See 9511.0 (None) gespeichert in T:\DLR\Analysis3\Output\NasaFlood\Lake_9511.0_None.csv
2025-10-25 18:57:27,639 - INFO - See 9512.0 (None) gespeichert in T:\DLR\Analysis3\Output\NasaFlood\Lake_9512.0_None.csv
2025-10-25 18:57:27,643 - INFO - See 9513.0 (B.A. Steinhagen Lake) gespeichert in T:\DLR\Analysis3\Output\NasaFlood\Lake_9513.0_B.A. Steinhagen Lake.csv
2025-10-25 18:57:27,647 - INFO - See 9514.0 (Lake Buchanan) gespeichert in T:\DLR\Analysis3\Output\NasaFlood\Lake_9514.0_Lake Buchanan.csv
2025-10-25 18:57:27,651 - INFO - See 9515.0 (None) gespeichert in T:\DLR\Analysis3\Output\NasaFlood\Lake_9515.0_None.csv
2025-10-25 18:57:27,655 - INFO - See 9516.0 (Lake Seminole) gespeichert in T:\DLR\Analysis3\Output\NasaFlood\Lake_9516.0_Lake Seminole.csv
2025-10-25 18:57:27,659 - INFO - See 9517.0 (Laneport Reservoir) gespeichert in T:\DLR\Analysis3\Output\NasaFlood\Lake_9517.0_Laneport Reservoir.csv
2025-10-25 18:57:27,663 - INFO - See 9518.0 (None) gespeichert in T:\DLR\Analysis3\Output\NasaFlood\Lake_9518.0_None.csv
2025-10-25 18:57:27,668 - INFO - See 9519.0 (None) gespeichert in T:\DLR\Analysis3\Output\NasaFlood\Lake_9519.0_None.csv
2025-10-25 18:57:27,672 - INFO - See 9520.0 (None) gespeichert in T:\DLR\Analysis3\Output\NasaFlood\Lake_9520.0_None.csv
2025-10-25 18:57:27,676 - INFO - See 9521.0 (None) gespeichert in T:\DLR\Analysis3\Output\NasaFlood\Lake_9521.0_None.csv
2025-10-25 18:57:27,680 - INFO - See 9523.0 (None) gespeichert in T:\DLR\Analysis3\Output\NasaFlood\Lake_9523.0_None.csv
2025-10-25 18:57:27,685 - INFO - See 9524.0 (Lake Travis) gespeichert in T:\DLR\Analysis3\Output\NasaFlood\Lake_9524.0_Lake Travis.csv
2025-10-25 18:57:27,689 - INFO - See 9525.0 (Lake Talquin) gespeichert in T:\DLR\Analysis3\Output\NasaFlood\Lake_9525.0_Lake Talquin.csv
2025-10-25 18:57:27,692 - INFO - See 9526.0 (Lake Conroe) gespeichert in T:\DLR\Analysis3\Output\NasaFlood\Lake_9526.0_Lake Conroe.csv
2025-10-25 18:57:27,696 - INFO - See 9528.0 (None) gespeichert in T:\DLR\Analysis3\Output\NasaFlood\Lake_9528.0_None.csv
2025-10-25 18:57:27,700 - INFO - See 9529.0 (None) gespeichert in T:\DLR\Analysis3\Output\NasaFlood\Lake_9529.0_None.csv
2025-10-25 18:57:27,704 - INFO - See 9530.0 (None) gespeichert in T:\DLR\Analysis3\Output\NasaFlood\Lake_9530.0_None.csv
2025-10-25 18:57:27,709 - INFO - See 9531.0 (None) gespeichert in T:\DLR\Analysis3\Output\NasaFlood\Lake_9531.0_None.csv
2025-10-25 18:57:27,712 - INFO - See 9532.0 (None) gespeichert in T:\DLR\Analysis3\Output\NasaFlood\Lake_9532.0_None.csv
2025-10-25 18:57:27,718 - INFO - See 9533.0 (None) gespeichert in T:\DLR\Analysis3\Output\NasaFlood\Lake_9533.0_None.csv
2025-10-25 18:57:27,723 - INFO - See 9534.0 (None) gespeichert in T:\DLR\Analysis3\Output\NasaFlood\Lake_9534.0_None.csv
2025-10-25 18:57:27,727 - INFO - See 9535.0 (None) gespeichert in T:\DLR\Analysis3\Output\NasaFlood\Lake_9535.0_None.csv
2025-10-25 18:57:27,732 - INFO - See 9537.0 (None) gespeichert in T:\DLR\Analysis3\Output\NasaFlood\Lake_9537.0_None.csv
2025-10-25 18:57:27,736 - INFO - See 9538.0 (None) gespeichert in T:\DLR\Analysis3\Output\NasaFlood\Lake_9538.0_None.csv
2025-10-25 18:57:27,741 - INFO - See 9540.0 (None) gespeichert in T:\DLR\Analysis3\Output\NasaFlood\Lake_9540.0_None.csv
2025-10-25 18:57:27,745 - INFO - See 9946.0 (None) gespeichert in T:\DLR\Analysis3\Output\NasaFlood\Lake_9946.0_None.csv
2025-10-25 18:57:27,749 - INFO - See 9948.0 (None) gespeichert in T:\DLR\Analysis3\Output\NasaFlood\Lake_9948.0_None.csv
2025-10-25 18:57:27,752 - INFO - See 9953.0 (None) gespeichert in T:\DLR\Analysis3\Output\NasaFlood\Lake_9953.0_None.csv
2025-10-25 18:57:27,756 - INFO - See 9954.0 (None) gespeichert in T:\DLR\Analysis3\Output\NasaFlood\Lake_9954.0_None.csv
2025-10-25 18:57:27,760 - INFO - See 9955.0 (None) gespeichert in T:\DLR\Analysis3\Output\NasaFlood\Lake_9955.0_None.csv
2025-10-25 18:57:27,763 - INFO - See 9956.0 (None) gespeichert in T:\DLR\Analysis3\Output\NasaFlood\Lake_9956.0_None.csv
2025-10-25 18:57:27,767 - INFO - See 9957.0 (None) gespeichert in T:\DLR\Analysis3\Output\NasaFlood\Lake_9957.0_None.csv
2025-10-25 18:57:27,771 - INFO - See 9958.0 (None) gespeichert in T:\DLR\Analysis3\Output\NasaFlood\Lake_9958.0_None.csv
2025-10-25 18:57:27,774 - INFO - See 9959.0 (None) gespeichert in T:\DLR\Analysis3\Output\NasaFlood\Lake_9959.0_None.csv
2025-10-25 18:57:27,777 - INFO - See 9960.0 (None) gespeichert in T:\DLR\Analysis3\Output\NasaFlood\Lake_9960.0_None.csv
2025-10-25 18:57:27,781 - INFO - See 9962.0 (None) gespeichert in T:\DLR\Analysis3\Output\NasaFlood\Lake_9962.0_None.csv
2025-10-25 18:57:27,785 - INFO - See 10114.0 (None) gespeichert in T:\DLR\Analysis3\Output\NasaFlood\Lake_10114.0_None.csv
2025-10-25 18:57:27,789 - INFO - See 10120.0 (None) gespeichert in T:\DLR\Analysis3\Output\NasaFlood\Lake_10120.0_None.csv
2025-10-25 18:57:27,792 - INFO - See 10122.0 (None) gespeichert in T:\DLR\Analysis3\Output\NasaFlood\Lake_10122.0_None.csv
2025-10-25 18:57:27,796 - INFO - See 10123.0 (None) gespeichert in T:\DLR\Analysis3\Output\NasaFlood\Lake_10123.0_None.csv
2025-10-25 18:57:27,799 - INFO - See 10124.0 (None) gespeichert in T:\DLR\Analysis3\Output\NasaFlood\Lake_10124.0_None.csv
2025-10-25 18:57:27,803 - INFO - See 10125.0 (None) gespeichert in T:\DLR\Analysis3\Output\NasaFlood\Lake_10125.0_None.csv
2025-10-25 18:57:27,806 - INFO - See 10126.0 (None) gespeichert in T:\DLR\Analysis3\Output\NasaFlood\Lake_10126.0_None.csv
2025-10-25 18:57:27,811 - INFO - See 10127.0 (None) gespeichert in T:\DLR\Analysis3\Output\NasaFlood\Lake_10127.0_None.csv
2025-10-25 18:57:27,814 - INFO - See 10129.0 (None) gespeichert in T:\DLR\Analysis3\Output\NasaFlood\Lake_10129.0_None.csv
2025-10-25 18:57:27,819 - INFO - See 10130.0 (None) gespeichert in T:\DLR\Analysis3\Output\NasaFlood\Lake_10130.0_None.csv
2025-10-25 18:57:27,823 - INFO - See 10140.0 (Oros) gespeichert in T:\DLR\Analysis3\Output\NasaFlood\Lake_10140.0_Oros.csv
2025-10-25 18:57:27,827 - INFO - See 10142.0 (None) gespeichert in T:\DLR\Analysis3\Output\NasaFlood\Lake_10142.0_None.csv
2025-10-25 18:57:27,831 - INFO - See 10147.0 (None) gespeichert in T:\DLR\Analysis3\Output\NasaFlood\Lake_10147.0_None.csv
2025-10-25 18:57:27,835 - INFO - See 10148.0 (Mae d'Agua) gespeichert in T:\DLR\Analysis3\Output\NasaFlood\Lake_10148.0_Mae d'Agua.csv
2025-10-25 18:57:27,838 - INFO - See 10151.0 (Boqueirao) gespeichert in T:\DLR\Analysis3\Output\NasaFlood\Lake_10151.0_Boqueirao.csv
2025-10-25 18:57:27,842 - INFO - See 10158.0 (None) gespeichert in T:\DLR\Analysis3\Output\NasaFlood\Lake_10158.0_None.csv
2025-10-25 18:57:27,845 - INFO - See 10159.0 (None) gespeichert in T:\DLR\Analysis3\Output\NasaFlood\Lake_10159.0_None.csv
2025-10-25 18:57:27,849 - INFO - See 10160.0 (None) gespeichert in T:\DLR\Analysis3\Output\NasaFlood\Lake_10160.0_None.csv
2025-10-25 18:57:27,853 - INFO - See 10161.0 (None) gespeichert in T:\DLR\Analysis3\Output\NasaFlood\Lake_10161.0_None.csv
2025-10-25 18:57:27,857 - INFO - See 10162.0 (None) gespeichert in T:\DLR\Analysis3\Output\NasaFlood\Lake_10162.0_None.csv
2025-10-25 18:57:27,861 - INFO - See 10163.0 (None) gespeichert in T:\DLR\Analysis3\Output\NasaFlood\Lake_10163.0_None.csv
2025-10-25 18:57:27,866 - INFO - See 10164.0 (None) gespeichert in T:\DLR\Analysis3\Output\NasaFlood\Lake_10164.0_None.csv
2025-10-25 18:57:27,870 - INFO - See 10175.0 (None) gespeichert in T:\DLR\Analysis3\Output\NasaFlood\Lake_10175.0_None.csv
2025-10-25 18:57:27,874 - INFO - See 10179.0 (None) gespeichert in T:\DLR\Analysis3\Output\NasaFlood\Lake_10179.0_None.csv
2025-10-25 18:57:27,877 - INFO - See 10181.0 (None) gespeichert in T:\DLR\Analysis3\Output\NasaFlood\Lake_10181.0_None.csv
2025-10-25 18:57:27,881 - INFO - See 10182.0 (None) gespeichert in T:\DLR\Analysis3\Output\NasaFlood\Lake_10182.0_None.csv
2025-10-25 18:57:27,884 - INFO - See 10183.0 (None) gespeichert in T:\DLR\Analysis3\Output\NasaFlood\Lake_10183.0_None.csv
2025-10-25 18:57:27,888 - INFO - See 10184.0 (None) gespeichert in T:\DLR\Analysis3\Output\NasaFlood\Lake_10184.0_None.csv
2025-10-25 18:57:27,892 - INFO - See 10185.0 (None) gespeichert in T:\DLR\Analysis3\Output\NasaFlood\Lake_10185.0_None.csv
2025-10-25 18:57:27,896 - INFO - See 10186.0 (None) gespeichert in T:\DLR\Analysis3\Output\NasaFlood\Lake_10186.0_None.csv
2025-10-25 18:57:27,900 - INFO - See 10187.0 (None) gespeichert in T:\DLR\Analysis3\Output\NasaFlood\Lake_10187.0_None.csv
2025-10-25 18:57:27,904 - INFO - See 10188.0 (None) gespeichert in T:\DLR\Analysis3\Output\NasaFlood\Lake_10188.0_None.csv
2025-10-25 18:57:27,908 - INFO - See 10189.0 (None) gespeichert in T:\DLR\Analysis3\Output\NasaFlood\Lake_10189.0_None.csv
2025-10-25 18:57:27,912 - INFO - See 10190.0 (None) gespeichert in T:\DLR\Analysis3\Output\NasaFlood\Lake_10190.0_None.csv
2025-10-25 18:57:27,916 - INFO - See 10191.0 (None) gespeichert in T:\DLR\Analysis3\Output\NasaFlood\Lake_10191.0_None.csv
2025-10-25 18:57:27,920 - INFO - See 10192.0 (None) gespeichert in T:\DLR\Analysis3\Output\NasaFlood\Lake_10192.0_None.csv
2025-10-25 18:57:27,924 - INFO - See 10193.0 (None) gespeichert in T:\DLR\Analysis3\Output\NasaFlood\Lake_10193.0_None.csv
2025-10-25 18:57:27,927 - INFO - See 10194.0 (None) gespeichert in T:\DLR\Analysis3\Output\NasaFlood\Lake_10194.0_None.csv
2025-10-25 18:57:27,931 - INFO - See 10195.0 (None) gespeichert in T:\DLR\Analysis3\Output\NasaFlood\Lake_10195.0_None.csv
2025-10-25 18:57:27,935 - INFO - See 10196.0 (None) gespeichert in T:\DLR\Analysis3\Output\NasaFlood\Lake_10196.0_None.csv
2025-10-25 18:57:27,939 - INFO - See 10197.0 (None) gespeichert in T:\DLR\Analysis3\Output\NasaFlood\Lake_10197.0_None.csv
2025-10-25 18:57:27,942 - INFO - See 10198.0 (None) gespeichert in T:\DLR\Analysis3\Output\NasaFlood\Lake_10198.0_None.csv
2025-10-25 18:57:27,946 - INFO - See 10200.0 (None) gespeichert in T:\DLR\Analysis3\Output\NasaFlood\Lake_10200.0_None.csv
2025-10-25 18:57:27,949 - INFO - See 10202.0 (None) gespeichert in T:\DLR\Analysis3\Output\NasaFlood\Lake_10202.0_None.csv
2025-10-25 18:57:27,953 - INFO - See 10203.0 (None) gespeichert in T:\DLR\Analysis3\Output\NasaFlood\Lake_10203.0_None.csv
2025-10-25 18:57:27,956 - INFO - See 10204.0 (None) gespeichert in T:\DLR\Analysis3\Output\NasaFlood\Lake_10204.0_None.csv
2025-10-25 18:57:27,960 - INFO - See 10205.0 (None) gespeichert in T:\DLR\Analysis3\Output\NasaFlood\Lake_10205.0_None.csv
2025-10-25 18:57:27,964 - INFO - See 10206.0 (None) gespeichert in T:\DLR\Analysis3\Output\NasaFlood\Lake_10206.0_None.csv
2025-10-25 18:57:27,968 - INFO - See 10207.0 (None) gespeichert in T:\DLR\Analysis3\Output\NasaFlood\Lake_10207.0_None.csv
2025-10-25 18:57:27,971 - INFO - See 10208.0 (None) gespeichert in T:\DLR\Analysis3\Output\NasaFlood\Lake_10208.0_None.csv
2025-10-25 18:57:27,975 - INFO - See 10209.0 (None) gespeichert in T:\DLR\Analysis3\Output\NasaFlood\Lake_10209.0_None.csv
2025-10-25 18:57:27,979 - INFO - See 10210.0 (None) gespeichert in T:\DLR\Analysis3\Output\NasaFlood\Lake_10210.0_None.csv
2025-10-25 18:57:27,982 - INFO - See 10211.0 (None) gespeichert in T:\DLR\Analysis3\Output\NasaFlood\Lake_10211.0_None.csv
2025-10-25 18:57:27,985 - INFO - See 10212.0 (None) gespeichert in T:\DLR\Analysis3\Output\NasaFlood\Lake_10212.0_None.csv
2025-10-25 18:57:27,990 - INFO - See 10214.0 (None) gespeichert in T:\DLR\Analysis3\Output\NasaFlood\Lake_10214.0_None.csv
2025-10-25 18:57:27,994 - INFO - See 10216.0 (None) gespeichert in T:\DLR\Analysis3\Output\NasaFlood\Lake_10216.0_None.csv
2025-10-25 18:57:27,998 - INFO - See 10217.0 (None) gespeichert in T:\DLR\Analysis3\Output\NasaFlood\Lake_10217.0_None.csv
2025-10-25 18:57:28,003 - INFO - See 10219.0 (None) gespeichert in T:\DLR\Analysis3\Output\NasaFlood\Lake_10219.0_None.csv
2025-10-25 18:57:28,006 - INFO - See 10220.0 (None) gespeichert in T:\DLR\Analysis3\Output\NasaFlood\Lake_10220.0_None.csv
2025-10-25 18:57:28,010 - INFO - See 10221.0 (None) gespeichert in T:\DLR\Analysis3\Output\NasaFlood\Lake_10221.0_None.csv
2025-10-25 18:57:28,014 - INFO - See 10222.0 (None) gespeichert in T:\DLR\Analysis3\Output\NasaFlood\Lake_10222.0_None.csv
2025-10-25 18:57:28,017 - INFO - See 10223.0 (None) gespeichert in T:\DLR\Analysis3\Output\NasaFlood\Lake_10223.0_None.csv
2025-10-25 18:57:28,021 - INFO - See 10224.0 (None) gespeichert in T:\DLR\Analysis3\Output\NasaFlood\Lake_10224.0_None.csv
2025-10-25 18:57:28,025 - INFO - See 10225.0 (None) gespeichert in T:\DLR\Analysis3\Output\NasaFlood\Lake_10225.0_None.csv
2025-10-25 18:57:28,030 - INFO - See 10226.0 (None) gespeichert in T:\DLR\Analysis3\Output\NasaFlood\Lake_10226.0_None.csv
2025-10-25 18:57:28,033 - INFO - See 10227.0 (None) gespeichert in T:\DLR\Analysis3\Output\NasaFlood\Lake_10227.0_None.csv
2025-10-25 18:57:28,037 - INFO - See 10228.0 (None) gespeichert in T:\DLR\Analysis3\Output\NasaFlood\Lake_10228.0_None.csv
2025-10-25 18:57:28,040 - INFO - See 10229.0 (None) gespeichert in T:\DLR\Analysis3\Output\NasaFlood\Lake_10229.0_None.csv
2025-10-25 18:57:28,044 - INFO - See 10230.0 (None) gespeichert in T:\DLR\Analysis3\Output\NasaFlood\Lake_10230.0_None.csv
2025-10-25 18:57:28,047 - INFO - See 10231.0 (None) gespeichert in T:\DLR\Analysis3\Output\NasaFlood\Lake_10231.0_None.csv
2025-10-25 18:57:28,051 - INFO - See 10232.0 (None) gespeichert in T:\DLR\Analysis3\Output\NasaFlood\Lake_10232.0_None.csv
2025-10-25 18:57:28,054 - INFO - See 10234.0 (None) gespeichert in T:\DLR\Analysis3\Output\NasaFlood\Lake_10234.0_None.csv
2025-10-25 18:57:28,058 - INFO - See 10237.0 (None) gespeichert in T:\DLR\Analysis3\Output\NasaFlood\Lake_10237.0_None.csv
2025-10-25 18:57:28,062 - INFO - See 10238.0 (None) gespeichert in T:\DLR\Analysis3\Output\NasaFlood\Lake_10238.0_None.csv
2025-10-25 18:57:28,065 - INFO - See 10239.0 (None) gespeichert in T:\DLR\Analysis3\Output\NasaFlood\Lake_10239.0_None.csv
2025-10-25 18:57:28,069 - INFO - See 10240.0 (None) gespeichert in T:\DLR\Analysis3\Output\NasaFlood\Lake_10240.0_None.csv
2025-10-25 18:57:28,072 - INFO - See 10241.0 (None) gespeichert in T:\DLR\Analysis3\Output\NasaFlood\Lake_10241.0_None.csv
2025-10-25 18:57:28,076 - INFO - See 10244.0 (None) gespeichert in T:\DLR\Analysis3\Output\NasaFlood\Lake_10244.0_None.csv
2025-10-25 18:57:28,080 - INFO - See 10245.0 (None) gespeichert in T:\DLR\Analysis3\Output\NasaFlood\Lake_10245.0_None.csv
2025-10-25 18:57:28,083 - INFO - See 10247.0 (None) gespeichert in T:\DLR\Analysis3\Output\NasaFlood\Lake_10247.0_None.csv
2025-10-25 18:57:28,087 - INFO - See 10248.0 (None) gespeichert in T:\DLR\Analysis3\Output\NasaFlood\Lake_10248.0_None.csv
2025-10-25 18:57:28,091 - INFO - See 10250.0 (None) gespeichert in T:\DLR\Analysis3\Output\NasaFlood\Lake_10250.0_None.csv
2025-10-25 18:57:28,094 - INFO - See 10252.0 (None) gespeichert in T:\DLR\Analysis3\Output\NasaFlood\Lake_10252.0_None.csv
2025-10-25 18:57:28,097 - INFO - See 10253.0 (None) gespeichert in T:\DLR\Analysis3\Output\NasaFlood\Lake_10253.0_None.csv
2025-10-25 18:57:28,101 - INFO - See 10255.0 (Baia Grande) gespeichert in T:\DLR\Analysis3\Output\NasaFlood\Lake_10255.0_Baia Grande.csv
2025-10-25 18:57:28,104 - INFO - See 10257.0 (None) gespeichert in T:\DLR\Analysis3\Output\NasaFlood\Lake_10257.0_None.csv
2025-10-25 18:57:28,108 - INFO - See 10258.0 (None) gespeichert in T:\DLR\Analysis3\Output\NasaFlood\Lake_10258.0_None.csv
2025-10-25 18:57:28,111 - INFO - See 10259.0 (None) gespeichert in T:\DLR\Analysis3\Output\NasaFlood\Lake_10259.0_None.csv
2025-10-25 18:57:28,115 - INFO - See 10262.0 (None) gespeichert in T:\DLR\Analysis3\Output\NasaFlood\Lake_10262.0_None.csv
2025-10-25 18:57:28,119 - INFO - See 10263.0 (None) gespeichert in T:\DLR\Analysis3\Output\NasaFlood\Lake_10263.0_None.csv
2025-10-25 18:57:28,123 - INFO - See 10265.0 (None) gespeichert in T:\DLR\Analysis3\Output\NasaFlood\Lake_10265.0_None.csv
2025-10-25 18:57:28,127 - INFO - See 10266.0 (None) gespeichert in T:\DLR\Analysis3\Output\NasaFlood\Lake_10266.0_None.csv
2025-10-25 18:57:28,130 - INFO - See 10270.0 (None) gespeichert in T:\DLR\Analysis3\Output\NasaFlood\Lake_10270.0_None.csv
2025-10-25 18:57:28,134 - INFO - See 10271.0 (None) gespeichert in T:\DLR\Analysis3\Output\NasaFlood\Lake_10271.0_None.csv
2025-10-25 18:57:28,139 - INFO - See 10272.0 (None) gespeichert in T:\DLR\Analysis3\Output\NasaFlood\Lake_10272.0_None.csv
2025-10-25 18:57:28,143 - INFO - See 10273.0 (None) gespeichert in T:\DLR\Analysis3\Output\NasaFlood\Lake_10273.0_None.csv
2025-10-25 18:57:28,147 - INFO - See 10275.0 (None) gespeichert in T:\DLR\Analysis3\Output\NasaFlood\Lake_10275.0_None.csv
2025-10-25 18:57:28,150 - INFO - See 10276.0 (None) gespeichert in T:\DLR\Analysis3\Output\NasaFlood\Lake_10276.0_None.csv
2025-10-25 18:57:28,154 - INFO - See 10277.0 (None) gespeichert in T:\DLR\Analysis3\Output\NasaFlood\Lake_10277.0_None.csv
2025-10-25 18:57:28,158 - INFO - See 10278.0 (None) gespeichert in T:\DLR\Analysis3\Output\NasaFlood\Lake_10278.0_None.csv
2025-10-25 18:57:28,162 - INFO - See 10279.0 (None) gespeichert in T:\DLR\Analysis3\Output\NasaFlood\Lake_10279.0_None.csv
2025-10-25 18:57:28,166 - INFO - See 10280.0 (None) gespeichert in T:\DLR\Analysis3\Output\NasaFlood\Lake_10280.0_None.csv
2025-10-25 18:57:28,170 - INFO - See 10281.0 (None) gespeichert in T:\DLR\Analysis3\Output\NasaFlood\Lake_10281.0_None.csv
2025-10-25 18:57:28,174 - INFO - See 10283.0 (None) gespeichert in T:\DLR\Analysis3\Output\NasaFlood\Lake_10283.0_None.csv
2025-10-25 18:57:28,179 - INFO - See 10289.0 (None) gespeichert in T:\DLR\Analysis3\Output\NasaFlood\Lake_10289.0_None.csv
2025-10-25 18:57:28,183 - INFO - See 10299.0 (None) gespeichert in T:\DLR\Analysis3\Output\NasaFlood\Lake_10299.0_None.csv
2025-10-25 18:57:28,187 - INFO - See 10300.0 (Lago del Eden) gespeichert in T:\DLR\Analysis3\Output\NasaFlood\Lake_10300.0_Lago del Eden.csv
2025-10-25 18:57:28,190 - INFO - See 10301.0 (None) gespeichert in T:\DLR\Analysis3\Output\NasaFlood\Lake_10301.0_None.csv
2025-10-25 18:57:28,195 - INFO - See 10304.0 (None) gespeichert in T:\DLR\Analysis3\Output\NasaFlood\Lake_10304.0_None.csv
2025-10-25 18:57:28,199 - INFO - See 10308.0 (None) gespeichert in T:\DLR\Analysis3\Output\NasaFlood\Lake_10308.0_None.csv
2025-10-25 18:57:28,203 - INFO - See 10309.0 (None) gespeichert in T:\DLR\Analysis3\Output\NasaFlood\Lake_10309.0_None.csv
2025-10-25 18:57:28,207 - INFO - See 10312.0 (None) gespeichert in T:\DLR\Analysis3\Output\NasaFlood\Lake_10312.0_None.csv
2025-10-25 18:57:28,211 - INFO - See 10318.0 (None) gespeichert in T:\DLR\Analysis3\Output\NasaFlood\Lake_10318.0_None.csv
2025-10-25 18:57:28,215 - INFO - See 10319.0 (None) gespeichert in T:\DLR\Analysis3\Output\NasaFlood\Lake_10319.0_None.csv
2025-10-25 18:57:28,219 - INFO - See 10322.0 (None) gespeichert in T:\DLR\Analysis3\Output\NasaFlood\Lake_10322.0_None.csv
2025-10-25 18:57:28,223 - INFO - See 10334.0 (None) gespeichert in T:\DLR\Analysis3\Output\NasaFlood\Lake_10334.0_None.csv
2025-10-25 18:57:28,228 - INFO - See 10335.0 (None) gespeichert in T:\DLR\Analysis3\Output\NasaFlood\Lake_10335.0_None.csv
2025-10-25 18:57:28,231 - INFO - See 10337.0 (None) gespeichert in T:\DLR\Analysis3\Output\NasaFlood\Lake_10337.0_None.csv
2025-10-25 18:57:28,236 - INFO - See 10338.0 (Pozuelos) gespeichert in T:\DLR\Analysis3\Output\NasaFlood\Lake_10338.0_Pozuelos.csv
2025-10-25 18:57:28,240 - INFO - See 10339.0 (None) gespeichert in T:\DLR\Analysis3\Output\NasaFlood\Lake_10339.0_None.csv
2025-10-25 18:57:28,244 - INFO - See 10340.0 (None) gespeichert in T:\DLR\Analysis3\Output\NasaFlood\Lake_10340.0_None.csv
2025-10-25 18:57:28,248 - INFO - See 10341.0 (None) gespeichert in T:\DLR\Analysis3\Output\NasaFlood\Lake_10341.0_None.csv
2025-10-25 18:57:28,252 - INFO - See 10344.0 (Vilama) gespeichert in T:\DLR\Analysis3\Output\NasaFlood\Lake_10344.0_Vilama.csv
2025-10-25 18:57:28,255 - INFO - See 10346.0 (None) gespeichert in T:\DLR\Analysis3\Output\NasaFlood\Lake_10346.0_None.csv
2025-10-25 18:57:28,259 - INFO - See 10347.0 (None) gespeichert in T:\DLR\Analysis3\Output\NasaFlood\Lake_10347.0_None.csv
2025-10-25 18:57:28,263 - INFO - See 10355.0 (None) gespeichert in T:\DLR\Analysis3\Output\NasaFlood\Lake_10355.0_None.csv
2025-10-25 18:57:28,267 - INFO - See 10365.0 (None) gespeichert in T:\DLR\Analysis3\Output\NasaFlood\Lake_10365.0_None.csv
2025-10-25 18:57:28,270 - INFO - See 10366.0 (None) gespeichert in T:\DLR\Analysis3\Output\NasaFlood\Lake_10366.0_None.csv
2025-10-25 18:57:28,275 - INFO - See 10367.0 (None) gespeichert in T:\DLR\Analysis3\Output\NasaFlood\Lake_10367.0_None.csv
2025-10-25 18:57:28,279 - INFO - See 10369.0 (General Belgrano) gespeichert in T:\DLR\Analysis3\Output\NasaFlood\Lake_10369.0_General Belgrano.csv
2025-10-25 18:57:28,283 - INFO - See 10371.0 (None) gespeichert in T:\DLR\Analysis3\Output\NasaFlood\Lake_10371.0_None.csv
2025-10-25 18:57:28,286 - INFO - See 10372.0 (None) gespeichert in T:\DLR\Analysis3\Output\NasaFlood\Lake_10372.0_None.csv
2025-10-25 18:57:28,290 - INFO - See 10379.0 (None) gespeichert in T:\DLR\Analysis3\Output\NasaFlood\Lake_10379.0_None.csv
2025-10-25 18:57:28,293 - INFO - See 10382.0 (None) gespeichert in T:\DLR\Analysis3\Output\NasaFlood\Lake_10382.0_None.csv
2025-10-25 18:57:28,297 - INFO - See 10383.0 (None) gespeichert in T:\DLR\Analysis3\Output\NasaFlood\Lake_10383.0_None.csv
2025-10-25 18:57:28,301 - INFO - See 10384.0 (None) gespeichert in T:\DLR\Analysis3\Output\NasaFlood\Lake_10384.0_None.csv
2025-10-25 18:57:28,305 - INFO - See 10385.0 (None) gespeichert in T:\DLR\Analysis3\Output\NasaFlood\Lake_10385.0_None.csv
2025-10-25 18:57:28,309 - INFO - See 10387.0 (None) gespeichert in T:\DLR\Analysis3\Output\NasaFlood\Lake_10387.0_None.csv
2025-10-25 18:57:28,313 - INFO - See 10388.0 (None) gespeichert in T:\DLR\Analysis3\Output\NasaFlood\Lake_10388.0_None.csv
2025-10-25 18:57:28,318 - INFO - See 10392.0 (None) gespeichert in T:\DLR\Analysis3\Output\NasaFlood\Lake_10392.0_None.csv
2025-10-25 18:57:28,322 - INFO - See 10394.0 (None) gespeichert in T:\DLR\Analysis3\Output\NasaFlood\Lake_10394.0_None.csv
2025-10-25 18:57:28,326 - INFO - See 10395.0 (None) gespeichert in T:\DLR\Analysis3\Output\NasaFlood\Lake_10395.0_None.csv
2025-10-25 18:57:28,331 - INFO - See 10398.0 (None) gespeichert in T:\DLR\Analysis3\Output\NasaFlood\Lake_10398.0_None.csv
2025-10-25 18:57:28,335 - INFO - See 10399.0 (None) gespeichert in T:\DLR\Analysis3\Output\NasaFlood\Lake_10399.0_None.csv
2025-10-25 18:57:28,339 - INFO - See 10403.0 (None) gespeichert in T:\DLR\Analysis3\Output\NasaFlood\Lake_10403.0_None.csv
2025-10-25 18:57:28,343 - INFO - See 10405.0 (None) gespeichert in T:\DLR\Analysis3\Output\NasaFlood\Lake_10405.0_None.csv
2025-10-25 18:57:28,346 - INFO - See 10408.0 (None) gespeichert in T:\DLR\Analysis3\Output\NasaFlood\Lake_10408.0_None.csv
2025-10-25 18:57:28,350 - INFO - See 10409.0 (None) gespeichert in T:\DLR\Analysis3\Output\NasaFlood\Lake_10409.0_None.csv
2025-10-25 18:57:28,354 - INFO - See 10410.0 (None) gespeichert in T:\DLR\Analysis3\Output\NasaFlood\Lake_10410.0_None.csv
2025-10-25 18:57:28,358 - INFO - See 10412.0 (None) gespeichert in T:\DLR\Analysis3\Output\NasaFlood\Lake_10412.0_None.csv
2025-10-25 18:57:28,362 - INFO - See 10419.0 (None) gespeichert in T:\DLR\Analysis3\Output\NasaFlood\Lake_10419.0_None.csv
2025-10-25 18:57:28,366 - INFO - See 10420.0 (None) gespeichert in T:\DLR\Analysis3\Output\NasaFlood\Lake_10420.0_None.csv
2025-10-25 18:57:28,370 - INFO - See 10421.0 (None) gespeichert in T:\DLR\Analysis3\Output\NasaFlood\Lake_10421.0_None.csv
2025-10-25 18:57:28,374 - INFO - See 10422.0 (None) gespeichert in T:\DLR\Analysis3\Output\NasaFlood\Lake_10422.0_None.csv
2025-10-25 18:57:28,378 - INFO - See 10424.0 (None) gespeichert in T:\DLR\Analysis3\Output\NasaFlood\Lake_10424.0_None.csv
2025-10-25 18:57:28,381 - INFO - See 10425.0 (None) gespeichert in T:\DLR\Analysis3\Output\NasaFlood\Lake_10425.0_None.csv
2025-10-25 18:57:28,385 - INFO - See 10426.0 (None) gespeichert in T:\DLR\Analysis3\Output\NasaFlood\Lake_10426.0_None.csv
2025-10-25 18:57:28,389 - INFO - See 10427.0 (None) gespeichert in T:\DLR\Analysis3\Output\NasaFlood\Lake_10427.0_None.csv
2025-10-25 18:57:28,393 - INFO - See 10428.0 (None) gespeichert in T:\DLR\Analysis3\Output\NasaFlood\Lake_10428.0_None.csv
2025-10-25 18:57:28,397 - INFO - See 10429.0 (None) gespeichert in T:\DLR\Analysis3\Output\NasaFlood\Lake_10429.0_None.csv
2025-10-25 18:57:28,402 - INFO - See 10430.0 (None) gespeichert in T:\DLR\Analysis3\Output\NasaFlood\Lake_10430.0_None.csv
2025-10-25 18:57:28,406 - INFO - See 10433.0 (None) gespeichert in T:\DLR\Analysis3\Output\NasaFlood\Lake_10433.0_None.csv
2025-10-25 18:57:28,410 - INFO - See 10434.0 (None) gespeichert in T:\DLR\Analysis3\Output\NasaFlood\Lake_10434.0_None.csv
2025-10-25 18:57:28,414 - INFO - See 10435.0 (None) gespeichert in T:\DLR\Analysis3\Output\NasaFlood\Lake_10435.0_None.csv
2025-10-25 18:57:28,418 - INFO - See 10437.0 (None) gespeichert in T:\DLR\Analysis3\Output\NasaFlood\Lake_10437.0_None.csv
2025-10-25 18:57:28,423 - INFO - See 10438.0 (None) gespeichert in T:\DLR\Analysis3\Output\NasaFlood\Lake_10438.0_None.csv
2025-10-25 18:57:28,426 - INFO - See 10439.0 (None) gespeichert in T:\DLR\Analysis3\Output\NasaFlood\Lake_10439.0_None.csv
2025-10-25 18:57:28,432 - INFO - See 10440.0 (None) gespeichert in T:\DLR\Analysis3\Output\NasaFlood\Lake_10440.0_None.csv
2025-10-25 18:57:28,438 - INFO - See 10442.0 (None) gespeichert in T:\DLR\Analysis3\Output\NasaFlood\Lake_10442.0_None.csv
2025-10-25 18:57:28,441 - INFO - See 10447.0 (None) gespeichert in T:\DLR\Analysis3\Output\NasaFlood\Lake_10447.0_None.csv
2025-10-25 18:57:28,445 - INFO - See 10448.0 (None) gespeichert in T:\DLR\Analysis3\Output\NasaFlood\Lake_10448.0_None.csv
2025-10-25 18:57:28,448 - INFO - See 10450.0 (None) gespeichert in T:\DLR\Analysis3\Output\NasaFlood\Lake_10450.0_None.csv
2025-10-25 18:57:28,452 - INFO - See 10452.0 (None) gespeichert in T:\DLR\Analysis3\Output\NasaFlood\Lake_10452.0_None.csv
2025-10-25 18:57:28,456 - INFO - See 10453.0 (None) gespeichert in T:\DLR\Analysis3\Output\NasaFlood\Lake_10453.0_None.csv
2025-10-25 18:57:28,460 - INFO - See 10454.0 (None) gespeichert in T:\DLR\Analysis3\Output\NasaFlood\Lake_10454.0_None.csv
2025-10-25 18:57:28,519 - INFO - See 10455.0 (None) gespeichert in T:\DLR\Analysis3\Output\NasaFlood\Lake_10455.0_None.csv
2025-10-25 18:57:28,576 - INFO - See 10456.0 (None) gespeichert in T:\DLR\Analysis3\Output\NasaFlood\Lake_10456.0_None.csv
2025-10-25 18:57:28,614 - INFO - See 10459.0 (None) gespeichert in T:\DLR\Analysis3\Output\NasaFlood\Lake_10459.0_None.csv
2025-10-25 18:57:28,703 - INFO - See 10460.0 (None) gespeichert in T:\DLR\Analysis3\Output\NasaFlood\Lake_10460.0_None.csv
2025-10-25 18:57:28,741 - INFO - See 10461.0 (None) gespeichert in T:\DLR\Analysis3\Output\NasaFlood\Lake_10461.0_None.csv
2025-10-25 18:57:28,798 - INFO - See 10469.0 (None) gespeichert in T:\DLR\Analysis3\Output\NasaFlood\Lake_10469.0_None.csv
2025-10-25 18:57:28,827 - INFO - See 10472.0 (None) gespeichert in T:\DLR\Analysis3\Output\NasaFlood\Lake_10472.0_None.csv
2025-10-25 18:57:28,840 - INFO - See 10474.0 (None) gespeichert in T:\DLR\Analysis3\Output\NasaFlood\Lake_10474.0_None.csv
2025-10-25 18:57:28,845 - INFO - See 10477.0 (None) gespeichert in T:\DLR\Analysis3\Output\NasaFlood\Lake_10477.0_None.csv
2025-10-25 18:57:28,849 - INFO - See 10480.0 (None) gespeichert in T:\DLR\Analysis3\Output\NasaFlood\Lake_10480.0_None.csv
2025-10-25 18:57:28,853 - INFO - See 10481.0 (None) gespeichert in T:\DLR\Analysis3\Output\NasaFlood\Lake_10481.0_None.csv
2025-10-25 18:57:28,857 - INFO - See 10482.0 (None) gespeichert in T:\DLR\Analysis3\Output\NasaFlood\Lake_10482.0_None.csv
2025-10-25 18:57:28,861 - INFO - See 10493.0 (None) gespeichert in T:\DLR\Analysis3\Output\NasaFlood\Lake_10493.0_None.csv
2025-10-25 18:57:28,865 - INFO - See 10500.0 (None) gespeichert in T:\DLR\Analysis3\Output\NasaFlood\Lake_10500.0_None.csv
2025-10-25 18:57:28,869 - INFO - See 10511.0 (None) gespeichert in T:\DLR\Analysis3\Output\NasaFlood\Lake_10511.0_None.csv
2025-10-25 18:57:28,873 - INFO - See 10520.0 (None) gespeichert in T:\DLR\Analysis3\Output\NasaFlood\Lake_10520.0_None.csv
2025-10-25 18:57:28,877 - INFO - See 10521.0 (None) gespeichert in T:\DLR\Analysis3\Output\NasaFlood\Lake_10521.0_None.csv
2025-10-25 18:57:28,881 - INFO - See 10526.0 (None) gespeichert in T:\DLR\Analysis3\Output\NasaFlood\Lake_10526.0_None.csv
2025-10-25 18:57:28,884 - INFO - See 10538.0 (None) gespeichert in T:\DLR\Analysis3\Output\NasaFlood\Lake_10538.0_None.csv
2025-10-25 18:57:28,888 - INFO - See 11106.0 (None) gespeichert in T:\DLR\Analysis3\Output\NasaFlood\Lake_11106.0_None.csv
2025-10-25 18:57:28,892 - INFO - See 11115.0 (None) gespeichert in T:\DLR\Analysis3\Output\NasaFlood\Lake_11115.0_None.csv
2025-10-25 18:57:28,895 - INFO - See 11116.0 (None) gespeichert in T:\DLR\Analysis3\Output\NasaFlood\Lake_11116.0_None.csv
2025-10-25 18:57:28,899 - INFO - See 11120.0 (None) gespeichert in T:\DLR\Analysis3\Output\NasaFlood\Lake_11120.0_None.csv
2025-10-25 18:57:28,903 - INFO - See 11122.0 (None) gespeichert in T:\DLR\Analysis3\Output\NasaFlood\Lake_11122.0_None.csv
2025-10-25 18:57:28,907 - INFO - See 11126.0 (None) gespeichert in T:\DLR\Analysis3\Output\NasaFlood\Lake_11126.0_None.csv
2025-10-25 18:57:28,911 - INFO - See 11128.0 (None) gespeichert in T:\DLR\Analysis3\Output\NasaFlood\Lake_11128.0_None.csv
2025-10-25 18:57:28,914 - INFO - See 11134.0 (None) gespeichert in T:\DLR\Analysis3\Output\NasaFlood\Lake_11134.0_None.csv
2025-10-25 18:57:28,918 - INFO - See 11135.0 (None) gespeichert in T:\DLR\Analysis3\Output\NasaFlood\Lake_11135.0_None.csv
2025-10-25 18:57:28,922 - INFO - See 11141.0 (None) gespeichert in T:\DLR\Analysis3\Output\NasaFlood\Lake_11141.0_None.csv
2025-10-25 18:57:28,926 - INFO - See 11145.0 (Melkoye) gespeichert in T:\DLR\Analysis3\Output\NasaFlood\Lake_11145.0_Melkoye.csv
2025-10-25 18:57:28,930 - INFO - See 11165.0 (None) gespeichert in T:\DLR\Analysis3\Output\NasaFlood\Lake_11165.0_None.csv
2025-10-25 18:57:28,934 - INFO - See 11187.0 (None) gespeichert in T:\DLR\Analysis3\Output\NasaFlood\Lake_11187.0_None.csv
2025-10-25 18:57:28,938 - INFO - See 11206.0 (None) gespeichert in T:\DLR\Analysis3\Output\NasaFlood\Lake_11206.0_None.csv
2025-10-25 18:57:28,941 - INFO - See 11208.0 (None) gespeichert in T:\DLR\Analysis3\Output\NasaFlood\Lake_11208.0_None.csv
2025-10-25 18:57:28,945 - INFO - See 11214.0 (None) gespeichert in T:\DLR\Analysis3\Output\NasaFlood\Lake_11214.0_None.csv
2025-10-25 18:57:28,948 - INFO - See 11215.0 (None) gespeichert in T:\DLR\Analysis3\Output\NasaFlood\Lake_11215.0_None.csv
2025-10-25 18:57:28,951 - INFO - See 11237.0 (None) gespeichert in T:\DLR\Analysis3\Output\NasaFlood\Lake_11237.0_None.csv
2025-10-25 18:57:28,955 - INFO - See 11252.0 (None) gespeichert in T:\DLR\Analysis3\Output\NasaFlood\Lake_11252.0_None.csv
2025-10-25 18:57:28,958 - INFO - See 11269.0 (None) gespeichert in T:\DLR\Analysis3\Output\NasaFlood\Lake_11269.0_None.csv
2025-10-25 18:57:28,962 - INFO - See 11290.0 (None) gespeichert in T:\DLR\Analysis3\Output\NasaFlood\Lake_11290.0_None.csv
2025-10-25 18:57:28,966 - INFO - See 11305.0 (None) gespeichert in T:\DLR\Analysis3\Output\NasaFlood\Lake_11305.0_None.csv
2025-10-25 18:57:28,970 - INFO - See 11317.0 (None) gespeichert in T:\DLR\Analysis3\Output\NasaFlood\Lake_11317.0_None.csv
2025-10-25 18:57:28,974 - INFO - See 11331.0 (None) gespeichert in T:\DLR\Analysis3\Output\NasaFlood\Lake_11331.0_None.csv
2025-10-25 18:57:28,978 - INFO - See 11334.0 (None) gespeichert in T:\DLR\Analysis3\Output\NasaFlood\Lake_11334.0_None.csv
2025-10-25 18:57:28,981 - INFO - See 11339.0 (None) gespeichert in T:\DLR\Analysis3\Output\NasaFlood\Lake_11339.0_None.csv
2025-10-25 18:57:28,985 - INFO - See 11346.0 (None) gespeichert in T:\DLR\Analysis3\Output\NasaFlood\Lake_11346.0_None.csv
2025-10-25 18:57:28,989 - INFO - See 11364.0 (None) gespeichert in T:\DLR\Analysis3\Output\NasaFlood\Lake_11364.0_None.csv
2025-10-25 18:57:28,993 - INFO - See 11381.0 (None) gespeichert in T:\DLR\Analysis3\Output\NasaFlood\Lake_11381.0_None.csv
2025-10-25 18:57:28,997 - INFO - See 11390.0 (None) gespeichert in T:\DLR\Analysis3\Output\NasaFlood\Lake_11390.0_None.csv
2025-10-25 18:57:29,001 - INFO - See 11395.0 (None) gespeichert in T:\DLR\Analysis3\Output\NasaFlood\Lake_11395.0_None.csv
2025-10-25 18:57:29,004 - INFO - See 11409.0 (None) gespeichert in T:\DLR\Analysis3\Output\NasaFlood\Lake_11409.0_None.csv
2025-10-25 18:57:29,009 - INFO - See 11428.0 (None) gespeichert in T:\DLR\Analysis3\Output\NasaFlood\Lake_11428.0_None.csv
2025-10-25 18:57:29,013 - INFO - See 11440.0 (None) gespeichert in T:\DLR\Analysis3\Output\NasaFlood\Lake_11440.0_None.csv
2025-10-25 18:57:29,017 - INFO - See 11445.0 (None) gespeichert in T:\DLR\Analysis3\Output\NasaFlood\Lake_11445.0_None.csv
2025-10-25 18:57:29,020 - INFO - See 11446.0 (None) gespeichert in T:\DLR\Analysis3\Output\NasaFlood\Lake_11446.0_None.csv
2025-10-25 18:57:29,024 - INFO - See 11471.0 (None) gespeichert in T:\DLR\Analysis3\Output\NasaFlood\Lake_11471.0_None.csv
2025-10-25 18:57:29,028 - INFO - See 11475.0 (None) gespeichert in T:\DLR\Analysis3\Output\NasaFlood\Lake_11475.0_None.csv
2025-10-25 18:57:29,031 - INFO - See 11484.0 (None) gespeichert in T:\DLR\Analysis3\Output\NasaFlood\Lake_11484.0_None.csv
2025-10-25 18:57:29,035 - INFO - See 11487.0 (None) gespeichert in T:\DLR\Analysis3\Output\NasaFlood\Lake_11487.0_None.csv
2025-10-25 18:57:29,038 - INFO - See 11491.0 (None) gespeichert in T:\DLR\Analysis3\Output\NasaFlood\Lake_11491.0_None.csv
2025-10-25 18:57:29,042 - INFO - See 11494.0 (None) gespeichert in T:\DLR\Analysis3\Output\NasaFlood\Lake_11494.0_None.csv
2025-10-25 18:57:29,045 - INFO - See 11501.0 (None) gespeichert in T:\DLR\Analysis3\Output\NasaFlood\Lake_11501.0_None.csv
2025-10-25 18:57:29,049 - INFO - See 11504.0 (None) gespeichert in T:\DLR\Analysis3\Output\NasaFlood\Lake_11504.0_None.csv
2025-10-25 18:57:29,052 - INFO - See 11526.0 (None) gespeichert in T:\DLR\Analysis3\Output\NasaFlood\Lake_11526.0_None.csv
2025-10-25 18:57:29,056 - INFO - See 11544.0 (None) gespeichert in T:\DLR\Analysis3\Output\NasaFlood\Lake_11544.0_None.csv
2025-10-25 18:57:29,059 - INFO - See 11552.0 (None) gespeichert in T:\DLR\Analysis3\Output\NasaFlood\Lake_11552.0_None.csv
2025-10-25 18:57:29,063 - INFO - See 11558.0 (None) gespeichert in T:\DLR\Analysis3\Output\NasaFlood\Lake_11558.0_None.csv
2025-10-25 18:57:29,066 - INFO - See 11560.0 (None) gespeichert in T:\DLR\Analysis3\Output\NasaFlood\Lake_11560.0_None.csv
2025-10-25 18:57:29,070 - INFO - See 11564.0 (None) gespeichert in T:\DLR\Analysis3\Output\NasaFlood\Lake_11564.0_None.csv
2025-10-25 18:57:29,074 - INFO - See 11567.0 (None) gespeichert in T:\DLR\Analysis3\Output\NasaFlood\Lake_11567.0_None.csv
2025-10-25 18:57:29,078 - INFO - See 11569.0 (None) gespeichert in T:\DLR\Analysis3\Output\NasaFlood\Lake_11569.0_None.csv
2025-10-25 18:57:29,082 - INFO - See 11575.0 (None) gespeichert in T:\DLR\Analysis3\Output\NasaFlood\Lake_11575.0_None.csv
2025-10-25 18:57:29,086 - INFO - See 11581.0 (None) gespeichert in T:\DLR\Analysis3\Output\NasaFlood\Lake_11581.0_None.csv
2025-10-25 18:57:29,089 - INFO - See 11592.0 (None) gespeichert in T:\DLR\Analysis3\Output\NasaFlood\Lake_11592.0_None.csv
2025-10-25 18:57:29,093 - INFO - See 11595.0 (None) gespeichert in T:\DLR\Analysis3\Output\NasaFlood\Lake_11595.0_None.csv
2025-10-25 18:57:29,097 - INFO - See 11596.0 (None) gespeichert in T:\DLR\Analysis3\Output\NasaFlood\Lake_11596.0_None.csv
2025-10-25 18:57:29,101 - INFO - See 11597.0 (None) gespeichert in T:\DLR\Analysis3\Output\NasaFlood\Lake_11597.0_None.csv
2025-10-25 18:57:29,104 - INFO - See 11600.0 (None) gespeichert in T:\DLR\Analysis3\Output\NasaFlood\Lake_11600.0_None.csv
2025-10-25 18:57:29,107 - INFO - See 11603.0 (None) gespeichert in T:\DLR\Analysis3\Output\NasaFlood\Lake_11603.0_None.csv
2025-10-25 18:57:29,111 - INFO - See 11608.0 (None) gespeichert in T:\DLR\Analysis3\Output\NasaFlood\Lake_11608.0_None.csv
2025-10-25 18:57:29,115 - INFO - See 11611.0 (None) gespeichert in T:\DLR\Analysis3\Output\NasaFlood\Lake_11611.0_None.csv
2025-10-25 18:57:29,118 - INFO - See 11615.0 (Vastenjaure) gespeichert in T:\DLR\Analysis3\Output\NasaFlood\Lake_11615.0_Vastenjaure.csv
2025-10-25 18:57:29,122 - INFO - See 11616.0 (Satisjaure) gespeichert in T:\DLR\Analysis3\Output\NasaFlood\Lake_11616.0_Satisjaure.csv
2025-10-25 18:57:29,127 - INFO - See 11633.0 (Sisovatn Reservoir) gespeichert in T:\DLR\Analysis3\Output\NasaFlood\Lake_11633.0_Sisovatn Reservoir.csv
2025-10-25 18:57:29,131 - INFO - See 11636.0 (None) gespeichert in T:\DLR\Analysis3\Output\NasaFlood\Lake_11636.0_None.csv
2025-10-25 18:57:29,134 - INFO - See 11644.0 (None) gespeichert in T:\DLR\Analysis3\Output\NasaFlood\Lake_11644.0_None.csv
2025-10-25 18:57:29,138 - INFO - See 11646.0 (None) gespeichert in T:\DLR\Analysis3\Output\NasaFlood\Lake_11646.0_None.csv
2025-10-25 18:57:29,143 - INFO - See 11654.0 (None) gespeichert in T:\DLR\Analysis3\Output\NasaFlood\Lake_11654.0_None.csv
2025-10-25 18:57:29,147 - INFO - See 11660.0 (None) gespeichert in T:\DLR\Analysis3\Output\NasaFlood\Lake_11660.0_None.csv
2025-10-25 18:57:29,151 - INFO - See 11663.0 (None) gespeichert in T:\DLR\Analysis3\Output\NasaFlood\Lake_11663.0_None.csv
2025-10-25 18:57:29,154 - INFO - See 11668.0 (None) gespeichert in T:\DLR\Analysis3\Output\NasaFlood\Lake_11668.0_None.csv
2025-10-25 18:57:29,157 - INFO - See 11669.0 (None) gespeichert in T:\DLR\Analysis3\Output\NasaFlood\Lake_11669.0_None.csv
2025-10-25 18:57:29,161 - INFO - See 11671.0 (None) gespeichert in T:\DLR\Analysis3\Output\NasaFlood\Lake_11671.0_None.csv
2025-10-25 18:57:29,164 - INFO - See 11677.0 (None) gespeichert in T:\DLR\Analysis3\Output\NasaFlood\Lake_11677.0_None.csv
2025-10-25 18:57:29,168 - INFO - See 11682.0 (None) gespeichert in T:\DLR\Analysis3\Output\NasaFlood\Lake_11682.0_None.csv
2025-10-25 18:57:29,172 - INFO - See 11684.0 (None) gespeichert in T:\DLR\Analysis3\Output\NasaFlood\Lake_11684.0_None.csv
2025-10-25 18:57:29,175 - INFO - See 11693.0 (None) gespeichert in T:\DLR\Analysis3\Output\NasaFlood\Lake_11693.0_None.csv
2025-10-25 18:57:29,179 - INFO - See 11697.0 (Randijaure) gespeichert in T:\DLR\Analysis3\Output\NasaFlood\Lake_11697.0_Randijaure.csv
2025-10-25 18:57:29,183 - INFO - See 11700.0 (None) gespeichert in T:\DLR\Analysis3\Output\NasaFlood\Lake_11700.0_None.csv
2025-10-25 18:57:29,186 - INFO - See 11702.0 (None) gespeichert in T:\DLR\Analysis3\Output\NasaFlood\Lake_11702.0_None.csv
2025-10-25 18:57:29,190 - INFO - See 11704.0 (None) gespeichert in T:\DLR\Analysis3\Output\NasaFlood\Lake_11704.0_None.csv
2025-10-25 18:57:29,193 - INFO - See 11706.0 (None) gespeichert in T:\DLR\Analysis3\Output\NasaFlood\Lake_11706.0_None.csv
2025-10-25 18:57:29,197 - INFO - See 11709.0 (None) gespeichert in T:\DLR\Analysis3\Output\NasaFlood\Lake_11709.0_None.csv
2025-10-25 18:57:29,201 - INFO - See 11710.0 (None) gespeichert in T:\DLR\Analysis3\Output\NasaFlood\Lake_11710.0_None.csv
2025-10-25 18:57:29,205 - INFO - See 11719.0 (None) gespeichert in T:\DLR\Analysis3\Output\NasaFlood\Lake_11719.0_None.csv
2025-10-25 18:57:29,210 - INFO - See 11726.0 (None) gespeichert in T:\DLR\Analysis3\Output\NasaFlood\Lake_11726.0_None.csv
2025-10-25 18:57:29,213 - INFO - See 11728.0 (None) gespeichert in T:\DLR\Analysis3\Output\NasaFlood\Lake_11728.0_None.csv
2025-10-25 18:57:29,218 - INFO - See 11734.0 (None) gespeichert in T:\DLR\Analysis3\Output\NasaFlood\Lake_11734.0_None.csv
2025-10-25 18:57:29,221 - INFO - See 11739.0 (None) gespeichert in T:\DLR\Analysis3\Output\NasaFlood\Lake_11739.0_None.csv
2025-10-25 18:57:29,226 - INFO - See 11740.0 (None) gespeichert in T:\DLR\Analysis3\Output\NasaFlood\Lake_11740.0_None.csv
2025-10-25 18:57:29,229 - INFO - See 11744.0 (None) gespeichert in T:\DLR\Analysis3\Output\NasaFlood\Lake_11744.0_None.csv
2025-10-25 18:57:29,234 - INFO - See 11745.0 (None) gespeichert in T:\DLR\Analysis3\Output\NasaFlood\Lake_11745.0_None.csv
2025-10-25 18:57:29,238 - INFO - See 11749.0 (None) gespeichert in T:\DLR\Analysis3\Output\NasaFlood\Lake_11749.0_None.csv
2025-10-25 18:57:29,241 - INFO - See 11757.0 (None) gespeichert in T:\DLR\Analysis3\Output\NasaFlood\Lake_11757.0_None.csv
2025-10-25 18:57:29,245 - INFO - See 11763.0 (None) gespeichert in T:\DLR\Analysis3\Output\NasaFlood\Lake_11763.0_None.csv
2025-10-25 18:57:29,250 - INFO - See 11765.0 (None) gespeichert in T:\DLR\Analysis3\Output\NasaFlood\Lake_11765.0_None.csv
2025-10-25 18:57:29,254 - INFO - See 11770.0 (None) gespeichert in T:\DLR\Analysis3\Output\NasaFlood\Lake_11770.0_None.csv
2025-10-25 18:57:29,257 - INFO - See 11773.0 (None) gespeichert in T:\DLR\Analysis3\Output\NasaFlood\Lake_11773.0_None.csv
2025-10-25 18:57:29,262 - INFO - See 11788.0 (None) gespeichert in T:\DLR\Analysis3\Output\NasaFlood\Lake_11788.0_None.csv
2025-10-25 18:57:29,265 - INFO - See 11791.0 (None) gespeichert in T:\DLR\Analysis3\Output\NasaFlood\Lake_11791.0_None.csv
2025-10-25 18:57:29,269 - INFO - See 11794.0 (None) gespeichert in T:\DLR\Analysis3\Output\NasaFlood\Lake_11794.0_None.csv
2025-10-25 18:57:29,272 - INFO - See 11796.0 (None) gespeichert in T:\DLR\Analysis3\Output\NasaFlood\Lake_11796.0_None.csv
2025-10-25 18:57:29,275 - INFO - See 11797.0 (None) gespeichert in T:\DLR\Analysis3\Output\NasaFlood\Lake_11797.0_None.csv
2025-10-25 18:57:29,280 - INFO - See 11808.0 (None) gespeichert in T:\DLR\Analysis3\Output\NasaFlood\Lake_11808.0_None.csv
2025-10-25 18:57:29,283 - INFO - See 11811.0 (None) gespeichert in T:\DLR\Analysis3\Output\NasaFlood\Lake_11811.0_None.csv
2025-10-25 18:57:29,287 - INFO - See 11813.0 (None) gespeichert in T:\DLR\Analysis3\Output\NasaFlood\Lake_11813.0_None.csv
2025-10-25 18:57:29,291 - INFO - See 11820.0 (None) gespeichert in T:\DLR\Analysis3\Output\NasaFlood\Lake_11820.0_None.csv
2025-10-25 18:57:29,295 - INFO - See 11821.0 (None) gespeichert in T:\DLR\Analysis3\Output\NasaFlood\Lake_11821.0_None.csv
2025-10-25 18:57:29,299 - INFO - See 11822.0 (None) gespeichert in T:\DLR\Analysis3\Output\NasaFlood\Lake_11822.0_None.csv
2025-10-25 18:57:29,302 - INFO - See 11827.0 (None) gespeichert in T:\DLR\Analysis3\Output\NasaFlood\Lake_11827.0_None.csv
2025-10-25 18:57:29,306 - INFO - See 11836.0 (None) gespeichert in T:\DLR\Analysis3\Output\NasaFlood\Lake_11836.0_None.csv
2025-10-25 18:57:29,310 - INFO - See 11838.0 (None) gespeichert in T:\DLR\Analysis3\Output\NasaFlood\Lake_11838.0_None.csv
2025-10-25 18:57:29,314 - INFO - See 11840.0 (None) gespeichert in T:\DLR\Analysis3\Output\NasaFlood\Lake_11840.0_None.csv
2025-10-25 18:57:29,318 - INFO - See 11842.0 (Storovan) gespeichert in T:\DLR\Analysis3\Output\NasaFlood\Lake_11842.0_Storovan.csv
2025-10-25 18:57:29,321 - INFO - See 11846.0 (None) gespeichert in T:\DLR\Analysis3\Output\NasaFlood\Lake_11846.0_None.csv
2025-10-25 18:57:29,325 - INFO - See 11848.0 (None) gespeichert in T:\DLR\Analysis3\Output\NasaFlood\Lake_11848.0_None.csv
2025-10-25 18:57:29,329 - INFO - See 11855.0 (None) gespeichert in T:\DLR\Analysis3\Output\NasaFlood\Lake_11855.0_None.csv
2025-10-25 18:57:29,332 - INFO - See 11856.0 (None) gespeichert in T:\DLR\Analysis3\Output\NasaFlood\Lake_11856.0_None.csv
2025-10-25 18:57:29,335 - INFO - See 11857.0 (None) gespeichert in T:\DLR\Analysis3\Output\NasaFlood\Lake_11857.0_None.csv
2025-10-25 18:57:29,340 - INFO - See 11860.0 (None) gespeichert in T:\DLR\Analysis3\Output\NasaFlood\Lake_11860.0_None.csv
2025-10-25 18:57:29,344 - INFO - See 11862.0 (None) gespeichert in T:\DLR\Analysis3\Output\NasaFlood\Lake_11862.0_None.csv
2025-10-25 18:57:29,347 - INFO - See 11864.0 (None) gespeichert in T:\DLR\Analysis3\Output\NasaFlood\Lake_11864.0_None.csv
2025-10-25 18:57:29,351 - INFO - See 11868.0 (None) gespeichert in T:\DLR\Analysis3\Output\NasaFlood\Lake_11868.0_None.csv
2025-10-25 18:57:29,355 - INFO - See 11870.0 (None) gespeichert in T:\DLR\Analysis3\Output\NasaFlood\Lake_11870.0_None.csv
2025-10-25 18:57:29,359 - INFO - See 11877.0 (None) gespeichert in T:\DLR\Analysis3\Output\NasaFlood\Lake_11877.0_None.csv
2025-10-25 18:57:29,362 - INFO - See 11881.0 (None) gespeichert in T:\DLR\Analysis3\Output\NasaFlood\Lake_11881.0_None.csv
2025-10-25 18:57:29,366 - INFO - See 11882.0 (Bastuselet) gespeichert in T:\DLR\Analysis3\Output\NasaFlood\Lake_11882.0_Bastuselet.csv
2025-10-25 18:57:29,371 - INFO - See 11883.0 (None) gespeichert in T:\DLR\Analysis3\Output\NasaFlood\Lake_11883.0_None.csv
2025-10-25 18:57:29,375 - INFO - See 11884.0 (None) gespeichert in T:\DLR\Analysis3\Output\NasaFlood\Lake_11884.0_None.csv
2025-10-25 18:57:29,378 - INFO - See 11885.0 (None) gespeichert in T:\DLR\Analysis3\Output\NasaFlood\Lake_11885.0_None.csv
2025-10-25 18:57:29,381 - INFO - See 11887.0 (Storjuktan) gespeichert in T:\DLR\Analysis3\Output\NasaFlood\Lake_11887.0_Storjuktan.csv
2025-10-25 18:57:29,389 - INFO - See 11888.0 (None) gespeichert in T:\DLR\Analysis3\Output\NasaFlood\Lake_11888.0_None.csv
2025-10-25 18:57:29,393 - INFO - See 11890.0 (None) gespeichert in T:\DLR\Analysis3\Output\NasaFlood\Lake_11890.0_None.csv
2025-10-25 18:57:29,396 - INFO - See 11898.0 (None) gespeichert in T:\DLR\Analysis3\Output\NasaFlood\Lake_11898.0_None.csv
2025-10-25 18:57:29,400 - INFO - See 11903.0 (None) gespeichert in T:\DLR\Analysis3\Output\NasaFlood\Lake_11903.0_None.csv
2025-10-25 18:57:29,403 - INFO - See 11905.0 (None) gespeichert in T:\DLR\Analysis3\Output\NasaFlood\Lake_11905.0_None.csv
2025-10-25 18:57:29,406 - INFO - See 11907.0 (None) gespeichert in T:\DLR\Analysis3\Output\NasaFlood\Lake_11907.0_None.csv
2025-10-25 18:57:29,410 - INFO - See 11908.0 (None) gespeichert in T:\DLR\Analysis3\Output\NasaFlood\Lake_11908.0_None.csv
2025-10-25 18:57:29,414 - INFO - See 11914.0 (None) gespeichert in T:\DLR\Analysis3\Output\NasaFlood\Lake_11914.0_None.csv
2025-10-25 18:57:29,417 - INFO - See 11920.0 (None) gespeichert in T:\DLR\Analysis3\Output\NasaFlood\Lake_11920.0_None.csv
2025-10-25 18:57:29,420 - INFO - See 11924.0 (None) gespeichert in T:\DLR\Analysis3\Output\NasaFlood\Lake_11924.0_None.csv
2025-10-25 18:57:29,424 - INFO - See 11925.0 (None) gespeichert in T:\DLR\Analysis3\Output\NasaFlood\Lake_11925.0_None.csv
2025-10-25 18:57:29,427 - INFO - See 11926.0 (None) gespeichert in T:\DLR\Analysis3\Output\NasaFlood\Lake_11926.0_None.csv
2025-10-25 18:57:29,430 - INFO - See 11932.0 (None) gespeichert in T:\DLR\Analysis3\Output\NasaFlood\Lake_11932.0_None.csv
2025-10-25 18:57:29,433 - INFO - See 11933.0 (None) gespeichert in T:\DLR\Analysis3\Output\NasaFlood\Lake_11933.0_None.csv
2025-10-25 18:57:29,437 - INFO - See 11935.0 (None) gespeichert in T:\DLR\Analysis3\Output\NasaFlood\Lake_11935.0_None.csv
2025-10-25 18:57:29,441 - INFO - See 11937.0 (None) gespeichert in T:\DLR\Analysis3\Output\NasaFlood\Lake_11937.0_None.csv
2025-10-25 18:57:29,445 - INFO - See 11943.0 (None) gespeichert in T:\DLR\Analysis3\Output\NasaFlood\Lake_11943.0_None.csv
2025-10-25 18:57:29,448 - INFO - See 11944.0 (None) gespeichert in T:\DLR\Analysis3\Output\NasaFlood\Lake_11944.0_None.csv
2025-10-25 18:57:29,451 - INFO - See 11945.0 (None) gespeichert in T:\DLR\Analysis3\Output\NasaFlood\Lake_11945.0_None.csv
2025-10-25 18:57:29,454 - INFO - See 11946.0 (None) gespeichert in T:\DLR\Analysis3\Output\NasaFlood\Lake_11946.0_None.csv
2025-10-25 18:57:29,458 - INFO - See 11949.0 (None) gespeichert in T:\DLR\Analysis3\Output\NasaFlood\Lake_11949.0_None.csv
2025-10-25 18:57:29,461 - INFO - See 11951.0 (None) gespeichert in T:\DLR\Analysis3\Output\NasaFlood\Lake_11951.0_None.csv
2025-10-25 18:57:29,465 - INFO - See 11952.0 (None) gespeichert in T:\DLR\Analysis3\Output\NasaFlood\Lake_11952.0_None.csv
2025-10-25 18:57:29,468 - INFO - See 11954.0 (None) gespeichert in T:\DLR\Analysis3\Output\NasaFlood\Lake_11954.0_None.csv
2025-10-25 18:57:29,473 - INFO - See 11955.0 (Stor Blasjon) gespeichert in T:\DLR\Analysis3\Output\NasaFlood\Lake_11955.0_Stor Blasjon.csv
2025-10-25 18:57:29,476 - INFO - See 11956.0 (None) gespeichert in T:\DLR\Analysis3\Output\NasaFlood\Lake_11956.0_None.csv
2025-10-25 18:57:29,479 - INFO - See 11957.0 (Tunnssjoon) gespeichert in T:\DLR\Analysis3\Output\NasaFlood\Lake_11957.0_Tunnssjoon.csv
2025-10-25 18:57:29,483 - INFO - See 11958.0 (Limingen) gespeichert in T:\DLR\Analysis3\Output\NasaFlood\Lake_11958.0_Limingen.csv
2025-10-25 18:57:29,487 - INFO - See 11966.0 (None) gespeichert in T:\DLR\Analysis3\Output\NasaFlood\Lake_11966.0_None.csv
2025-10-25 18:57:29,490 - INFO - See 11969.0 (Jormvattnet) gespeichert in T:\DLR\Analysis3\Output\NasaFlood\Lake_11969.0_Jormvattnet.csv
2025-10-25 18:57:29,493 - INFO - See 11971.0 (None) gespeichert in T:\DLR\Analysis3\Output\NasaFlood\Lake_11971.0_None.csv
2025-10-25 18:57:29,497 - INFO - See 11973.0 (None) gespeichert in T:\DLR\Analysis3\Output\NasaFlood\Lake_11973.0_None.csv
2025-10-25 18:57:29,500 - INFO - See 11976.0 (Kvarnbergsvattnet) gespeichert in T:\DLR\Analysis3\Output\NasaFlood\Lake_11976.0_Kvarnbergsvattnet.csv
2025-10-25 18:57:29,504 - INFO - See 11977.0 (None) gespeichert in T:\DLR\Analysis3\Output\NasaFlood\Lake_11977.0_None.csv
2025-10-25 18:57:29,508 - INFO - See 11978.0 (None) gespeichert in T:\DLR\Analysis3\Output\NasaFlood\Lake_11978.0_None.csv
2025-10-25 18:57:29,512 - INFO - See 11983.0 (None) gespeichert in T:\DLR\Analysis3\Output\NasaFlood\Lake_11983.0_None.csv
2025-10-25 18:57:29,515 - INFO - See 11986.0 (None) gespeichert in T:\DLR\Analysis3\Output\NasaFlood\Lake_11986.0_None.csv
2025-10-25 18:57:29,518 - INFO - See 11987.0 (None) gespeichert in T:\DLR\Analysis3\Output\NasaFlood\Lake_11987.0_None.csv
2025-10-25 18:57:29,522 - INFO - See 11992.0 (None) gespeichert in T:\DLR\Analysis3\Output\NasaFlood\Lake_11992.0_None.csv
2025-10-25 18:57:29,526 - INFO - See 11997.0 (None) gespeichert in T:\DLR\Analysis3\Output\NasaFlood\Lake_11997.0_None.csv
2025-10-25 18:57:29,530 - INFO - See 12000.0 (None) gespeichert in T:\DLR\Analysis3\Output\NasaFlood\Lake_12000.0_None.csv
2025-10-25 18:57:29,533 - INFO - See 12004.0 (None) gespeichert in T:\DLR\Analysis3\Output\NasaFlood\Lake_12004.0_None.csv
2025-10-25 18:57:29,537 - INFO - See 12006.0 (None) gespeichert in T:\DLR\Analysis3\Output\NasaFlood\Lake_12006.0_None.csv
2025-10-25 18:57:29,541 - INFO - See 12008.0 (None) gespeichert in T:\DLR\Analysis3\Output\NasaFlood\Lake_12008.0_None.csv
2025-10-25 18:57:29,545 - INFO - See 12009.0 (None) gespeichert in T:\DLR\Analysis3\Output\NasaFlood\Lake_12009.0_None.csv
2025-10-25 18:57:29,549 - INFO - See 12010.0 (None) gespeichert in T:\DLR\Analysis3\Output\NasaFlood\Lake_12010.0_None.csv
2025-10-25 18:57:29,553 - INFO - See 12012.0 (None) gespeichert in T:\DLR\Analysis3\Output\NasaFlood\Lake_12012.0_None.csv
2025-10-25 18:57:29,556 - INFO - See 12013.0 (None) gespeichert in T:\DLR\Analysis3\Output\NasaFlood\Lake_12013.0_None.csv
2025-10-25 18:57:29,560 - INFO - See 12015.0 (None) gespeichert in T:\DLR\Analysis3\Output\NasaFlood\Lake_12015.0_None.csv
2025-10-25 18:57:29,564 - INFO - See 12016.0 (None) gespeichert in T:\DLR\Analysis3\Output\NasaFlood\Lake_12016.0_None.csv
2025-10-25 18:57:29,568 - INFO - See 12017.0 (None) gespeichert in T:\DLR\Analysis3\Output\NasaFlood\Lake_12017.0_None.csv
2025-10-25 18:57:29,572 - INFO - See 12022.0 (None) gespeichert in T:\DLR\Analysis3\Output\NasaFlood\Lake_12022.0_None.csv
2025-10-25 18:57:29,575 - INFO - See 12024.0 (None) gespeichert in T:\DLR\Analysis3\Output\NasaFlood\Lake_12024.0_None.csv
2025-10-25 18:57:29,578 - INFO - See 12029.0 (None) gespeichert in T:\DLR\Analysis3\Output\NasaFlood\Lake_12029.0_None.csv
2025-10-25 18:57:29,582 - INFO - See 12031.0 (None) gespeichert in T:\DLR\Analysis3\Output\NasaFlood\Lake_12031.0_None.csv
2025-10-25 18:57:29,586 - INFO - See 12035.0 (None) gespeichert in T:\DLR\Analysis3\Output\NasaFlood\Lake_12035.0_None.csv
2025-10-25 18:57:29,590 - INFO - See 12041.0 (None) gespeichert in T:\DLR\Analysis3\Output\NasaFlood\Lake_12041.0_None.csv
2025-10-25 18:57:29,594 - INFO - See 12045.0 (None) gespeichert in T:\DLR\Analysis3\Output\NasaFlood\Lake_12045.0_None.csv
2025-10-25 18:57:29,597 - INFO - See 12050.0 (None) gespeichert in T:\DLR\Analysis3\Output\NasaFlood\Lake_12050.0_None.csv
2025-10-25 18:57:29,601 - INFO - See 12051.0 (None) gespeichert in T:\DLR\Analysis3\Output\NasaFlood\Lake_12051.0_None.csv
2025-10-25 18:57:29,605 - INFO - See 12053.0 (None) gespeichert in T:\DLR\Analysis3\Output\NasaFlood\Lake_12053.0_None.csv
2025-10-25 18:57:29,609 - INFO - See 12055.0 (None) gespeichert in T:\DLR\Analysis3\Output\NasaFlood\Lake_12055.0_None.csv
2025-10-25 18:57:29,613 - INFO - See 12058.0 (None) gespeichert in T:\DLR\Analysis3\Output\NasaFlood\Lake_12058.0_None.csv
2025-10-25 18:57:29,617 - INFO - See 12064.0 (None) gespeichert in T:\DLR\Analysis3\Output\NasaFlood\Lake_12064.0_None.csv
2025-10-25 18:57:29,621 - INFO - See 12066.0 (None) gespeichert in T:\DLR\Analysis3\Output\NasaFlood\Lake_12066.0_None.csv
2025-10-25 18:57:29,625 - INFO - See 12067.0 (None) gespeichert in T:\DLR\Analysis3\Output\NasaFlood\Lake_12067.0_None.csv
2025-10-25 18:57:29,628 - INFO - See 12069.0 (None) gespeichert in T:\DLR\Analysis3\Output\NasaFlood\Lake_12069.0_None.csv
2025-10-25 18:57:29,631 - INFO - See 12070.0 (None) gespeichert in T:\DLR\Analysis3\Output\NasaFlood\Lake_12070.0_None.csv
2025-10-25 18:57:29,635 - INFO - See 12072.0 (None) gespeichert in T:\DLR\Analysis3\Output\NasaFlood\Lake_12072.0_None.csv
2025-10-25 18:57:29,639 - INFO - See 12074.0 (None) gespeichert in T:\DLR\Analysis3\Output\NasaFlood\Lake_12074.0_None.csv
2025-10-25 18:57:29,643 - INFO - See 12075.0 (None) gespeichert in T:\DLR\Analysis3\Output\NasaFlood\Lake_12075.0_None.csv
2025-10-25 18:57:29,647 - INFO - See 12076.0 (None) gespeichert in T:\DLR\Analysis3\Output\NasaFlood\Lake_12076.0_None.csv
2025-10-25 18:57:29,651 - INFO - See 12077.0 (None) gespeichert in T:\DLR\Analysis3\Output\NasaFlood\Lake_12077.0_None.csv
2025-10-25 18:57:29,655 - INFO - See 12078.0 (None) gespeichert in T:\DLR\Analysis3\Output\NasaFlood\Lake_12078.0_None.csv
2025-10-25 18:57:29,659 - INFO - See 12080.0 (None) gespeichert in T:\DLR\Analysis3\Output\NasaFlood\Lake_12080.0_None.csv
2025-10-25 18:57:29,662 - INFO - See 12083.0 (None) gespeichert in T:\DLR\Analysis3\Output\NasaFlood\Lake_12083.0_None.csv
2025-10-25 18:57:29,665 - INFO - See 12085.0 (None) gespeichert in T:\DLR\Analysis3\Output\NasaFlood\Lake_12085.0_None.csv
2025-10-25 18:57:29,669 - INFO - See 12088.0 (None) gespeichert in T:\DLR\Analysis3\Output\NasaFlood\Lake_12088.0_None.csv
2025-10-25 18:57:29,672 - INFO - See 12089.0 (None) gespeichert in T:\DLR\Analysis3\Output\NasaFlood\Lake_12089.0_None.csv
2025-10-25 18:57:29,676 - INFO - See 12090.0 (None) gespeichert in T:\DLR\Analysis3\Output\NasaFlood\Lake_12090.0_None.csv
2025-10-25 18:57:29,680 - INFO - See 12091.0 (None) gespeichert in T:\DLR\Analysis3\Output\NasaFlood\Lake_12091.0_None.csv
2025-10-25 18:57:29,684 - INFO - See 12097.0 (None) gespeichert in T:\DLR\Analysis3\Output\NasaFlood\Lake_12097.0_None.csv
2025-10-25 18:57:29,688 - INFO - See 12099.0 (None) gespeichert in T:\DLR\Analysis3\Output\NasaFlood\Lake_12099.0_None.csv
2025-10-25 18:57:29,692 - INFO - See 12102.0 (None) gespeichert in T:\DLR\Analysis3\Output\NasaFlood\Lake_12102.0_None.csv
2025-10-25 18:57:29,696 - INFO - See 12103.0 (None) gespeichert in T:\DLR\Analysis3\Output\NasaFlood\Lake_12103.0_None.csv
2025-10-25 18:57:29,700 - INFO - See 12105.0 (None) gespeichert in T:\DLR\Analysis3\Output\NasaFlood\Lake_12105.0_None.csv
2025-10-25 18:57:29,704 - INFO - See 12107.0 (None) gespeichert in T:\DLR\Analysis3\Output\NasaFlood\Lake_12107.0_None.csv
2025-10-25 18:57:29,708 - INFO - See 12109.0 (None) gespeichert in T:\DLR\Analysis3\Output\NasaFlood\Lake_12109.0_None.csv
2025-10-25 18:57:29,711 - INFO - See 12110.0 (None) gespeichert in T:\DLR\Analysis3\Output\NasaFlood\Lake_12110.0_None.csv
2025-10-25 18:57:29,715 - INFO - See 12111.0 (None) gespeichert in T:\DLR\Analysis3\Output\NasaFlood\Lake_12111.0_None.csv
2025-10-25 18:57:29,719 - INFO - See 12114.0 (None) gespeichert in T:\DLR\Analysis3\Output\NasaFlood\Lake_12114.0_None.csv
2025-10-25 18:57:29,723 - INFO - See 12115.0 (None) gespeichert in T:\DLR\Analysis3\Output\NasaFlood\Lake_12115.0_None.csv
2025-10-25 18:57:29,727 - INFO - See 12120.0 (None) gespeichert in T:\DLR\Analysis3\Output\NasaFlood\Lake_12120.0_None.csv
2025-10-25 18:57:29,731 - INFO - See 12123.0 (None) gespeichert in T:\DLR\Analysis3\Output\NasaFlood\Lake_12123.0_None.csv
2025-10-25 18:57:29,735 - INFO - See 12125.0 (None) gespeichert in T:\DLR\Analysis3\Output\NasaFlood\Lake_12125.0_None.csv
2025-10-25 18:57:29,739 - INFO - See 12126.0 (None) gespeichert in T:\DLR\Analysis3\Output\NasaFlood\Lake_12126.0_None.csv
2025-10-25 18:57:29,743 - INFO - See 12128.0 (None) gespeichert in T:\DLR\Analysis3\Output\NasaFlood\Lake_12128.0_None.csv
2025-10-25 18:57:29,747 - INFO - See 12129.0 (None) gespeichert in T:\DLR\Analysis3\Output\NasaFlood\Lake_12129.0_None.csv
2025-10-25 18:57:29,750 - INFO - See 12130.0 (None) gespeichert in T:\DLR\Analysis3\Output\NasaFlood\Lake_12130.0_None.csv
2025-10-25 18:57:29,754 - INFO - See 12132.0 (None) gespeichert in T:\DLR\Analysis3\Output\NasaFlood\Lake_12132.0_None.csv
2025-10-25 18:57:29,758 - INFO - See 12134.0 (None) gespeichert in T:\DLR\Analysis3\Output\NasaFlood\Lake_12134.0_None.csv
2025-10-25 18:57:29,761 - INFO - See 12135.0 (None) gespeichert in T:\DLR\Analysis3\Output\NasaFlood\Lake_12135.0_None.csv
2025-10-25 18:57:29,766 - INFO - See 12136.0 (None) gespeichert in T:\DLR\Analysis3\Output\NasaFlood\Lake_12136.0_None.csv
2025-10-25 18:57:29,770 - INFO - See 12137.0 (None) gespeichert in T:\DLR\Analysis3\Output\NasaFlood\Lake_12137.0_None.csv
2025-10-25 18:57:29,773 - INFO - See 12138.0 (None) gespeichert in T:\DLR\Analysis3\Output\NasaFlood\Lake_12138.0_None.csv
2025-10-25 18:57:29,777 - INFO - See 12139.0 (None) gespeichert in T:\DLR\Analysis3\Output\NasaFlood\Lake_12139.0_None.csv
2025-10-25 18:57:29,781 - INFO - See 12140.0 (None) gespeichert in T:\DLR\Analysis3\Output\NasaFlood\Lake_12140.0_None.csv
2025-10-25 18:57:29,785 - INFO - See 12147.0 (None) gespeichert in T:\DLR\Analysis3\Output\NasaFlood\Lake_12147.0_None.csv
2025-10-25 18:57:29,788 - INFO - See 12148.0 (None) gespeichert in T:\DLR\Analysis3\Output\NasaFlood\Lake_12148.0_None.csv
2025-10-25 18:57:29,792 - INFO - See 12153.0 (None) gespeichert in T:\DLR\Analysis3\Output\NasaFlood\Lake_12153.0_None.csv
2025-10-25 18:57:29,796 - INFO - See 12160.0 (None) gespeichert in T:\DLR\Analysis3\Output\NasaFlood\Lake_12160.0_None.csv
2025-10-25 18:57:29,800 - INFO - See 12162.0 (None) gespeichert in T:\DLR\Analysis3\Output\NasaFlood\Lake_12162.0_None.csv
2025-10-25 18:57:29,804 - INFO - See 12165.0 (None) gespeichert in T:\DLR\Analysis3\Output\NasaFlood\Lake_12165.0_None.csv
2025-10-25 18:57:29,807 - INFO - See 12174.0 (None) gespeichert in T:\DLR\Analysis3\Output\NasaFlood\Lake_12174.0_None.csv
2025-10-25 18:57:29,812 - INFO - See 12176.0 (None) gespeichert in T:\DLR\Analysis3\Output\NasaFlood\Lake_12176.0_None.csv
2025-10-25 18:57:29,816 - INFO - See 12178.0 (None) gespeichert in T:\DLR\Analysis3\Output\NasaFlood\Lake_12178.0_None.csv
2025-10-25 18:57:29,820 - INFO - See 12179.0 (None) gespeichert in T:\DLR\Analysis3\Output\NasaFlood\Lake_12179.0_None.csv
2025-10-25 18:57:29,823 - INFO - See 12180.0 (None) gespeichert in T:\DLR\Analysis3\Output\NasaFlood\Lake_12180.0_None.csv
2025-10-25 18:57:29,827 - INFO - See 12183.0 (None) gespeichert in T:\DLR\Analysis3\Output\NasaFlood\Lake_12183.0_None.csv
2025-10-25 18:57:29,831 - INFO - See 12188.0 (None) gespeichert in T:\DLR\Analysis3\Output\NasaFlood\Lake_12188.0_None.csv
2025-10-25 18:57:29,834 - INFO - See 12189.0 (None) gespeichert in T:\DLR\Analysis3\Output\NasaFlood\Lake_12189.0_None.csv
2025-10-25 18:57:29,838 - INFO - See 12192.0 (None) gespeichert in T:\DLR\Analysis3\Output\NasaFlood\Lake_12192.0_None.csv
2025-10-25 18:57:29,841 - INFO - See 12194.0 (None) gespeichert in T:\DLR\Analysis3\Output\NasaFlood\Lake_12194.0_None.csv
2025-10-25 18:57:29,845 - INFO - See 12197.0 (None) gespeichert in T:\DLR\Analysis3\Output\NasaFlood\Lake_12197.0_None.csv
2025-10-25 18:57:29,848 - INFO - See 12198.0 (None) gespeichert in T:\DLR\Analysis3\Output\NasaFlood\Lake_12198.0_None.csv
2025-10-25 18:57:29,852 - INFO - See 12204.0 (None) gespeichert in T:\DLR\Analysis3\Output\NasaFlood\Lake_12204.0_None.csv
2025-10-25 18:57:29,855 - INFO - See 12205.0 (None) gespeichert in T:\DLR\Analysis3\Output\NasaFlood\Lake_12205.0_None.csv
2025-10-25 18:57:29,858 - INFO - See 12213.0 (Nesjoen) gespeichert in T:\DLR\Analysis3\Output\NasaFlood\Lake_12213.0_Nesjoen.csv
2025-10-25 18:57:29,862 - INFO - See 12215.0 (None) gespeichert in T:\DLR\Analysis3\Output\NasaFlood\Lake_12215.0_None.csv
2025-10-25 18:57:29,866 - INFO - See 12222.0 (None) gespeichert in T:\DLR\Analysis3\Output\NasaFlood\Lake_12222.0_None.csv
2025-10-25 18:57:29,869 - INFO - See 12229.0 (Nakten) gespeichert in T:\DLR\Analysis3\Output\NasaFlood\Lake_12229.0_Nakten.csv
2025-10-25 18:57:29,873 - INFO - See 12235.0 (None) gespeichert in T:\DLR\Analysis3\Output\NasaFlood\Lake_12235.0_None.csv
2025-10-25 18:57:29,876 - INFO - See 12236.0 (None) gespeichert in T:\DLR\Analysis3\Output\NasaFlood\Lake_12236.0_None.csv
2025-10-25 18:57:29,880 - INFO - See 12237.0 (None) gespeichert in T:\DLR\Analysis3\Output\NasaFlood\Lake_12237.0_None.csv
2025-10-25 18:57:29,884 - INFO - See 12239.0 (None) gespeichert in T:\DLR\Analysis3\Output\NasaFlood\Lake_12239.0_None.csv
2025-10-25 18:57:29,888 - INFO - See 12242.0 (None) gespeichert in T:\DLR\Analysis3\Output\NasaFlood\Lake_12242.0_None.csv
2025-10-25 18:57:29,893 - INFO - See 12246.0 (None) gespeichert in T:\DLR\Analysis3\Output\NasaFlood\Lake_12246.0_None.csv
2025-10-25 18:57:29,896 - INFO - See 12247.0 (None) gespeichert in T:\DLR\Analysis3\Output\NasaFlood\Lake_12247.0_None.csv
2025-10-25 18:57:29,899 - INFO - See 12252.0 (None) gespeichert in T:\DLR\Analysis3\Output\NasaFlood\Lake_12252.0_None.csv
2025-10-25 18:57:29,903 - INFO - See 12253.0 (None) gespeichert in T:\DLR\Analysis3\Output\NasaFlood\Lake_12253.0_None.csv
2025-10-25 18:57:29,906 - INFO - See 12261.0 (None) gespeichert in T:\DLR\Analysis3\Output\NasaFlood\Lake_12261.0_None.csv
2025-10-25 18:57:29,910 - INFO - See 12268.0 (None) gespeichert in T:\DLR\Analysis3\Output\NasaFlood\Lake_12268.0_None.csv
2025-10-25 18:57:29,914 - INFO - See 12271.0 (None) gespeichert in T:\DLR\Analysis3\Output\NasaFlood\Lake_12271.0_None.csv
2025-10-25 18:57:29,918 - INFO - See 12276.0 (None) gespeichert in T:\DLR\Analysis3\Output\NasaFlood\Lake_12276.0_None.csv
2025-10-25 18:57:29,922 - INFO - See 12279.0 (None) gespeichert in T:\DLR\Analysis3\Output\NasaFlood\Lake_12279.0_None.csv
2025-10-25 18:57:29,925 - INFO - See 12282.0 (None) gespeichert in T:\DLR\Analysis3\Output\NasaFlood\Lake_12282.0_None.csv
2025-10-25 18:57:29,930 - INFO - See 12283.0 (None) gespeichert in T:\DLR\Analysis3\Output\NasaFlood\Lake_12283.0_None.csv
2025-10-25 18:57:29,934 - INFO - See 12292.0 (None) gespeichert in T:\DLR\Analysis3\Output\NasaFlood\Lake_12292.0_None.csv
2025-10-25 18:57:29,939 - INFO - See 12295.0 (None) gespeichert in T:\DLR\Analysis3\Output\NasaFlood\Lake_12295.0_None.csv
2025-10-25 18:57:29,943 - INFO - See 12307.0 (None) gespeichert in T:\DLR\Analysis3\Output\NasaFlood\Lake_12307.0_None.csv
2025-10-25 18:57:29,946 - INFO - See 12309.0 (None) gespeichert in T:\DLR\Analysis3\Output\NasaFlood\Lake_12309.0_None.csv
2025-10-25 18:57:29,950 - INFO - See 12310.0 (None) gespeichert in T:\DLR\Analysis3\Output\NasaFlood\Lake_12310.0_None.csv
2025-10-25 18:57:29,955 - INFO - See 12316.0 (None) gespeichert in T:\DLR\Analysis3\Output\NasaFlood\Lake_12316.0_None.csv
2025-10-25 18:57:29,958 - INFO - See 12317.0 (None) gespeichert in T:\DLR\Analysis3\Output\NasaFlood\Lake_12317.0_None.csv
2025-10-25 18:57:29,962 - INFO - See 12319.0 (None) gespeichert in T:\DLR\Analysis3\Output\NasaFlood\Lake_12319.0_None.csv
2025-10-25 18:57:29,966 - INFO - See 12321.0 (None) gespeichert in T:\DLR\Analysis3\Output\NasaFlood\Lake_12321.0_None.csv
2025-10-25 18:57:29,970 - INFO - See 12325.0 (None) gespeichert in T:\DLR\Analysis3\Output\NasaFlood\Lake_12325.0_None.csv
2025-10-25 18:57:29,974 - INFO - See 12327.0 (None) gespeichert in T:\DLR\Analysis3\Output\NasaFlood\Lake_12327.0_None.csv
2025-10-25 18:57:29,977 - INFO - See 12330.0 (None) gespeichert in T:\DLR\Analysis3\Output\NasaFlood\Lake_12330.0_None.csv
2025-10-25 18:57:29,980 - INFO - See 12331.0 (None) gespeichert in T:\DLR\Analysis3\Output\NasaFlood\Lake_12331.0_None.csv
2025-10-25 18:57:29,984 - INFO - See 12333.0 (None) gespeichert in T:\DLR\Analysis3\Output\NasaFlood\Lake_12333.0_None.csv
2025-10-25 18:57:29,987 - INFO - See 12335.0 (None) gespeichert in T:\DLR\Analysis3\Output\NasaFlood\Lake_12335.0_None.csv
2025-10-25 18:57:29,991 - INFO - See 12339.0 (None) gespeichert in T:\DLR\Analysis3\Output\NasaFlood\Lake_12339.0_None.csv
2025-10-25 18:57:29,994 - INFO - See 12340.0 (None) gespeichert in T:\DLR\Analysis3\Output\NasaFlood\Lake_12340.0_None.csv
2025-10-25 18:57:29,997 - INFO - See 12344.0 (None) gespeichert in T:\DLR\Analysis3\Output\NasaFlood\Lake_12344.0_None.csv
2025-10-25 18:57:30,002 - INFO - See 12348.0 (None) gespeichert in T:\DLR\Analysis3\Output\NasaFlood\Lake_12348.0_None.csv
2025-10-25 18:57:30,005 - INFO - See 12349.0 (None) gespeichert in T:\DLR\Analysis3\Output\NasaFlood\Lake_12349.0_None.csv
2025-10-25 18:57:30,009 - INFO - See 12350.0 (None) gespeichert in T:\DLR\Analysis3\Output\NasaFlood\Lake_12350.0_None.csv
2025-10-25 18:57:30,013 - INFO - See 12353.0 (None) gespeichert in T:\DLR\Analysis3\Output\NasaFlood\Lake_12353.0_None.csv
2025-10-25 18:57:30,017 - INFO - See 12356.0 (None) gespeichert in T:\DLR\Analysis3\Output\NasaFlood\Lake_12356.0_None.csv
2025-10-25 18:57:30,021 - INFO - See 12357.0 (None) gespeichert in T:\DLR\Analysis3\Output\NasaFlood\Lake_12357.0_None.csv
2025-10-25 18:57:30,024 - INFO - See 12363.0 (None) gespeichert in T:\DLR\Analysis3\Output\NasaFlood\Lake_12363.0_None.csv
2025-10-25 18:57:30,028 - INFO - See 12364.0 (None) gespeichert in T:\DLR\Analysis3\Output\NasaFlood\Lake_12364.0_None.csv
2025-10-25 18:57:30,033 - INFO - See 12365.0 (None) gespeichert in T:\DLR\Analysis3\Output\NasaFlood\Lake_12365.0_None.csv
2025-10-25 18:57:30,037 - INFO - See 12366.0 (None) gespeichert in T:\DLR\Analysis3\Output\NasaFlood\Lake_12366.0_None.csv
2025-10-25 18:57:30,041 - INFO - See 12369.0 (None) gespeichert in T:\DLR\Analysis3\Output\NasaFlood\Lake_12369.0_None.csv
2025-10-25 18:57:30,044 - INFO - See 12371.0 (None) gespeichert in T:\DLR\Analysis3\Output\NasaFlood\Lake_12371.0_None.csv
2025-10-25 18:57:30,048 - INFO - See 12372.0 (None) gespeichert in T:\DLR\Analysis3\Output\NasaFlood\Lake_12372.0_None.csv
2025-10-25 18:57:30,051 - INFO - See 12375.0 (None) gespeichert in T:\DLR\Analysis3\Output\NasaFlood\Lake_12375.0_None.csv
2025-10-25 18:57:30,054 - INFO - See 12376.0 (None) gespeichert in T:\DLR\Analysis3\Output\NasaFlood\Lake_12376.0_None.csv
2025-10-25 18:57:30,057 - INFO - See 12377.0 (None) gespeichert in T:\DLR\Analysis3\Output\NasaFlood\Lake_12377.0_None.csv
2025-10-25 18:57:30,060 - INFO - See 12378.0 (None) gespeichert in T:\DLR\Analysis3\Output\NasaFlood\Lake_12378.0_None.csv
2025-10-25 18:57:30,064 - INFO - See 12380.0 (None) gespeichert in T:\DLR\Analysis3\Output\NasaFlood\Lake_12380.0_None.csv
2025-10-25 18:57:30,068 - INFO - See 12381.0 (None) gespeichert in T:\DLR\Analysis3\Output\NasaFlood\Lake_12381.0_None.csv
2025-10-25 18:57:30,071 - INFO - See 12382.0 (None) gespeichert in T:\DLR\Analysis3\Output\NasaFlood\Lake_12382.0_None.csv
2025-10-25 18:57:30,075 - INFO - See 12383.0 (None) gespeichert in T:\DLR\Analysis3\Output\NasaFlood\Lake_12383.0_None.csv
2025-10-25 18:57:30,079 - INFO - See 12386.0 (None) gespeichert in T:\DLR\Analysis3\Output\NasaFlood\Lake_12386.0_None.csv
2025-10-25 18:57:30,082 - INFO - See 12387.0 (None) gespeichert in T:\DLR\Analysis3\Output\NasaFlood\Lake_12387.0_None.csv
2025-10-25 18:57:30,086 - INFO - See 12389.0 (None) gespeichert in T:\DLR\Analysis3\Output\NasaFlood\Lake_12389.0_None.csv
2025-10-25 18:57:30,090 - INFO - See 12390.0 (None) gespeichert in T:\DLR\Analysis3\Output\NasaFlood\Lake_12390.0_None.csv
2025-10-25 18:57:30,094 - INFO - See 12391.0 (None) gespeichert in T:\DLR\Analysis3\Output\NasaFlood\Lake_12391.0_None.csv
2025-10-25 18:57:30,097 - INFO - See 12393.0 (None) gespeichert in T:\DLR\Analysis3\Output\NasaFlood\Lake_12393.0_None.csv
2025-10-25 18:57:30,101 - INFO - See 12395.0 (None) gespeichert in T:\DLR\Analysis3\Output\NasaFlood\Lake_12395.0_None.csv
2025-10-25 18:57:30,105 - INFO - See 12402.0 (None) gespeichert in T:\DLR\Analysis3\Output\NasaFlood\Lake_12402.0_None.csv
2025-10-25 18:57:30,108 - INFO - See 12403.0 (None) gespeichert in T:\DLR\Analysis3\Output\NasaFlood\Lake_12403.0_None.csv
2025-10-25 18:57:30,112 - INFO - See 12405.0 (None) gespeichert in T:\DLR\Analysis3\Output\NasaFlood\Lake_12405.0_None.csv
2025-10-25 18:57:30,116 - INFO - See 12406.0 (None) gespeichert in T:\DLR\Analysis3\Output\NasaFlood\Lake_12406.0_None.csv
2025-10-25 18:57:30,120 - INFO - See 12408.0 (None) gespeichert in T:\DLR\Analysis3\Output\NasaFlood\Lake_12408.0_None.csv
2025-10-25 18:57:30,123 - INFO - See 12409.0 (None) gespeichert in T:\DLR\Analysis3\Output\NasaFlood\Lake_12409.0_None.csv
2025-10-25 18:57:30,127 - INFO - See 12410.0 (None) gespeichert in T:\DLR\Analysis3\Output\NasaFlood\Lake_12410.0_None.csv
2025-10-25 18:57:30,130 - INFO - See 12415.0 (None) gespeichert in T:\DLR\Analysis3\Output\NasaFlood\Lake_12415.0_None.csv
2025-10-25 18:57:30,133 - INFO - See 12416.0 (None) gespeichert in T:\DLR\Analysis3\Output\NasaFlood\Lake_12416.0_None.csv
2025-10-25 18:57:30,137 - INFO - See 12418.0 (None) gespeichert in T:\DLR\Analysis3\Output\NasaFlood\Lake_12418.0_None.csv
2025-10-25 18:57:30,141 - INFO - See 12420.0 (None) gespeichert in T:\DLR\Analysis3\Output\NasaFlood\Lake_12420.0_None.csv
2025-10-25 18:57:30,145 - INFO - See 12422.0 (None) gespeichert in T:\DLR\Analysis3\Output\NasaFlood\Lake_12422.0_None.csv
2025-10-25 18:57:30,148 - INFO - See 12423.0 (None) gespeichert in T:\DLR\Analysis3\Output\NasaFlood\Lake_12423.0_None.csv
2025-10-25 18:57:30,152 - INFO - See 12425.0 (None) gespeichert in T:\DLR\Analysis3\Output\NasaFlood\Lake_12425.0_None.csv
2025-10-25 18:57:30,156 - INFO - See 12426.0 (None) gespeichert in T:\DLR\Analysis3\Output\NasaFlood\Lake_12426.0_None.csv
2025-10-25 18:57:30,159 - INFO - See 12427.0 (None) gespeichert in T:\DLR\Analysis3\Output\NasaFlood\Lake_12427.0_None.csv
2025-10-25 18:57:30,164 - INFO - See 12430.0 (None) gespeichert in T:\DLR\Analysis3\Output\NasaFlood\Lake_12430.0_None.csv
2025-10-25 18:57:30,168 - INFO - See 12431.0 (None) gespeichert in T:\DLR\Analysis3\Output\NasaFlood\Lake_12431.0_None.csv
2025-10-25 18:57:30,171 - INFO - See 12433.0 (None) gespeichert in T:\DLR\Analysis3\Output\NasaFlood\Lake_12433.0_None.csv
2025-10-25 18:57:30,175 - INFO - See 12437.0 (None) gespeichert in T:\DLR\Analysis3\Output\NasaFlood\Lake_12437.0_None.csv
2025-10-25 18:57:30,179 - INFO - See 12438.0 (None) gespeichert in T:\DLR\Analysis3\Output\NasaFlood\Lake_12438.0_None.csv
2025-10-25 18:57:30,183 - INFO - See 12439.0 (None) gespeichert in T:\DLR\Analysis3\Output\NasaFlood\Lake_12439.0_None.csv
2025-10-25 18:57:30,187 - INFO - See 12442.0 (None) gespeichert in T:\DLR\Analysis3\Output\NasaFlood\Lake_12442.0_None.csv
2025-10-25 18:57:30,191 - INFO - See 12443.0 (None) gespeichert in T:\DLR\Analysis3\Output\NasaFlood\Lake_12443.0_None.csv
2025-10-25 18:57:30,194 - INFO - See 12446.0 (None) gespeichert in T:\DLR\Analysis3\Output\NasaFlood\Lake_12446.0_None.csv
2025-10-25 18:57:30,198 - INFO - See 12447.0 (None) gespeichert in T:\DLR\Analysis3\Output\NasaFlood\Lake_12447.0_None.csv
2025-10-25 18:57:30,203 - INFO - See 12451.0 (None) gespeichert in T:\DLR\Analysis3\Output\NasaFlood\Lake_12451.0_None.csv
2025-10-25 18:57:30,206 - INFO - See 12453.0 (None) gespeichert in T:\DLR\Analysis3\Output\NasaFlood\Lake_12453.0_None.csv
2025-10-25 18:57:30,210 - INFO - See 12454.0 (None) gespeichert in T:\DLR\Analysis3\Output\NasaFlood\Lake_12454.0_None.csv
2025-10-25 18:57:30,214 - INFO - See 12456.0 (None) gespeichert in T:\DLR\Analysis3\Output\NasaFlood\Lake_12456.0_None.csv
2025-10-25 18:57:30,219 - INFO - See 12457.0 (None) gespeichert in T:\DLR\Analysis3\Output\NasaFlood\Lake_12457.0_None.csv
2025-10-25 18:57:30,223 - INFO - See 12458.0 (None) gespeichert in T:\DLR\Analysis3\Output\NasaFlood\Lake_12458.0_None.csv
2025-10-25 18:57:30,226 - INFO - See 12459.0 (None) gespeichert in T:\DLR\Analysis3\Output\NasaFlood\Lake_12459.0_None.csv
2025-10-25 18:57:30,230 - INFO - See 12460.0 (None) gespeichert in T:\DLR\Analysis3\Output\NasaFlood\Lake_12460.0_None.csv
2025-10-25 18:57:30,234 - INFO - See 12462.0 (None) gespeichert in T:\DLR\Analysis3\Output\NasaFlood\Lake_12462.0_None.csv
2025-10-25 18:57:30,237 - INFO - See 12463.0 (None) gespeichert in T:\DLR\Analysis3\Output\NasaFlood\Lake_12463.0_None.csv
2025-10-25 18:57:30,240 - INFO - See 12465.0 (Norra Dellen) gespeichert in T:\DLR\Analysis3\Output\NasaFlood\Lake_12465.0_Norra Dellen.csv
2025-10-25 18:57:30,244 - INFO - See 12468.0 (None) gespeichert in T:\DLR\Analysis3\Output\NasaFlood\Lake_12468.0_None.csv
2025-10-25 18:57:30,248 - INFO - See 12469.0 (None) gespeichert in T:\DLR\Analysis3\Output\NasaFlood\Lake_12469.0_None.csv
2025-10-25 18:57:30,251 - INFO - See 12470.0 (None) gespeichert in T:\DLR\Analysis3\Output\NasaFlood\Lake_12470.0_None.csv
2025-10-25 18:57:30,255 - INFO - See 12473.0 (None) gespeichert in T:\DLR\Analysis3\Output\NasaFlood\Lake_12473.0_None.csv
2025-10-25 18:57:30,259 - INFO - See 12476.0 (None) gespeichert in T:\DLR\Analysis3\Output\NasaFlood\Lake_12476.0_None.csv
2025-10-25 18:57:30,262 - INFO - See 12477.0 (None) gespeichert in T:\DLR\Analysis3\Output\NasaFlood\Lake_12477.0_None.csv
2025-10-25 18:57:30,265 - INFO - See 12478.0 (None) gespeichert in T:\DLR\Analysis3\Output\NasaFlood\Lake_12478.0_None.csv
2025-10-25 18:57:30,268 - INFO - See 12480.0 (None) gespeichert in T:\DLR\Analysis3\Output\NasaFlood\Lake_12480.0_None.csv
2025-10-25 18:57:30,272 - INFO - See 12482.0 (None) gespeichert in T:\DLR\Analysis3\Output\NasaFlood\Lake_12482.0_None.csv
2025-10-25 18:57:30,276 - INFO - See 12487.0 (None) gespeichert in T:\DLR\Analysis3\Output\NasaFlood\Lake_12487.0_None.csv
2025-10-25 18:57:30,280 - INFO - See 12488.0 (None) gespeichert in T:\DLR\Analysis3\Output\NasaFlood\Lake_12488.0_None.csv
2025-10-25 18:57:30,284 - INFO - See 12495.0 (None) gespeichert in T:\DLR\Analysis3\Output\NasaFlood\Lake_12495.0_None.csv
2025-10-25 18:57:30,288 - INFO - See 12496.0 (None) gespeichert in T:\DLR\Analysis3\Output\NasaFlood\Lake_12496.0_None.csv
2025-10-25 18:57:30,292 - INFO - See 12498.0 (None) gespeichert in T:\DLR\Analysis3\Output\NasaFlood\Lake_12498.0_None.csv
2025-10-25 18:57:30,296 - INFO - See 12504.0 (None) gespeichert in T:\DLR\Analysis3\Output\NasaFlood\Lake_12504.0_None.csv
2025-10-25 18:57:30,299 - INFO - See 12508.0 (None) gespeichert in T:\DLR\Analysis3\Output\NasaFlood\Lake_12508.0_None.csv
2025-10-25 18:57:30,303 - INFO - See 12509.0 (None) gespeichert in T:\DLR\Analysis3\Output\NasaFlood\Lake_12509.0_None.csv
2025-10-25 18:57:30,306 - INFO - See 12510.0 (None) gespeichert in T:\DLR\Analysis3\Output\NasaFlood\Lake_12510.0_None.csv
2025-10-25 18:57:30,309 - INFO - See 12511.0 (None) gespeichert in T:\DLR\Analysis3\Output\NasaFlood\Lake_12511.0_None.csv
2025-10-25 18:57:30,313 - INFO - See 12513.0 (None) gespeichert in T:\DLR\Analysis3\Output\NasaFlood\Lake_12513.0_None.csv
2025-10-25 18:57:30,317 - INFO - See 12516.0 (None) gespeichert in T:\DLR\Analysis3\Output\NasaFlood\Lake_12516.0_None.csv
2025-10-25 18:57:30,320 - INFO - See 12522.0 (None) gespeichert in T:\DLR\Analysis3\Output\NasaFlood\Lake_12522.0_None.csv
2025-10-25 18:57:30,324 - INFO - See 12524.0 (None) gespeichert in T:\DLR\Analysis3\Output\NasaFlood\Lake_12524.0_None.csv
2025-10-25 18:57:30,329 - INFO - See 12525.0 (None) gespeichert in T:\DLR\Analysis3\Output\NasaFlood\Lake_12525.0_None.csv
2025-10-25 18:57:30,332 - INFO - See 12526.0 (None) gespeichert in T:\DLR\Analysis3\Output\NasaFlood\Lake_12526.0_None.csv
2025-10-25 18:57:30,336 - INFO - See 12527.0 (None) gespeichert in T:\DLR\Analysis3\Output\NasaFlood\Lake_12527.0_None.csv
2025-10-25 18:57:30,340 - INFO - See 12533.0 (None) gespeichert in T:\DLR\Analysis3\Output\NasaFlood\Lake_12533.0_None.csv
2025-10-25 18:57:30,343 - INFO - See 12534.0 (None) gespeichert in T:\DLR\Analysis3\Output\NasaFlood\Lake_12534.0_None.csv
2025-10-25 18:57:30,347 - INFO - See 12538.0 (None) gespeichert in T:\DLR\Analysis3\Output\NasaFlood\Lake_12538.0_None.csv
2025-10-25 18:57:30,352 - INFO - See 12544.0 (None) gespeichert in T:\DLR\Analysis3\Output\NasaFlood\Lake_12544.0_None.csv
2025-10-25 18:57:30,355 - INFO - See 12548.0 (None) gespeichert in T:\DLR\Analysis3\Output\NasaFlood\Lake_12548.0_None.csv
2025-10-25 18:57:30,359 - INFO - See 12551.0 (None) gespeichert in T:\DLR\Analysis3\Output\NasaFlood\Lake_12551.0_None.csv
2025-10-25 18:57:30,363 - INFO - See 12552.0 (None) gespeichert in T:\DLR\Analysis3\Output\NasaFlood\Lake_12552.0_None.csv
2025-10-25 18:57:30,367 - INFO - See 12553.0 (None) gespeichert in T:\DLR\Analysis3\Output\NasaFlood\Lake_12553.0_None.csv
2025-10-25 18:57:30,370 - INFO - See 12554.0 (None) gespeichert in T:\DLR\Analysis3\Output\NasaFlood\Lake_12554.0_None.csv
2025-10-25 18:57:30,374 - INFO - See 12556.0 (None) gespeichert in T:\DLR\Analysis3\Output\NasaFlood\Lake_12556.0_None.csv
2025-10-25 18:57:30,377 - INFO - See 12558.0 (None) gespeichert in T:\DLR\Analysis3\Output\NasaFlood\Lake_12558.0_None.csv
2025-10-25 18:57:30,382 - INFO - See 12559.0 (None) gespeichert in T:\DLR\Analysis3\Output\NasaFlood\Lake_12559.0_None.csv
2025-10-25 18:57:30,386 - INFO - See 12562.0 (None) gespeichert in T:\DLR\Analysis3\Output\NasaFlood\Lake_12562.0_None.csv
2025-10-25 18:57:30,390 - INFO - See 12564.0 (None) gespeichert in T:\DLR\Analysis3\Output\NasaFlood\Lake_12564.0_None.csv
2025-10-25 18:57:30,393 - INFO - See 12566.0 (None) gespeichert in T:\DLR\Analysis3\Output\NasaFlood\Lake_12566.0_None.csv
2025-10-25 18:57:30,396 - INFO - See 12569.0 (None) gespeichert in T:\DLR\Analysis3\Output\NasaFlood\Lake_12569.0_None.csv
2025-10-25 18:57:30,401 - INFO - See 12572.0 (None) gespeichert in T:\DLR\Analysis3\Output\NasaFlood\Lake_12572.0_None.csv
2025-10-25 18:57:30,404 - INFO - See 12574.0 (None) gespeichert in T:\DLR\Analysis3\Output\NasaFlood\Lake_12574.0_None.csv
2025-10-25 18:57:30,409 - INFO - See 12575.0 (None) gespeichert in T:\DLR\Analysis3\Output\NasaFlood\Lake_12575.0_None.csv
2025-10-25 18:57:30,413 - INFO - See 12576.0 (None) gespeichert in T:\DLR\Analysis3\Output\NasaFlood\Lake_12576.0_None.csv
2025-10-25 18:57:30,417 - INFO - See 12578.0 (None) gespeichert in T:\DLR\Analysis3\Output\NasaFlood\Lake_12578.0_None.csv
2025-10-25 18:57:30,421 - INFO - See 12579.0 (None) gespeichert in T:\DLR\Analysis3\Output\NasaFlood\Lake_12579.0_None.csv
2025-10-25 18:57:30,424 - INFO - See 12580.0 (None) gespeichert in T:\DLR\Analysis3\Output\NasaFlood\Lake_12580.0_None.csv
2025-10-25 18:57:30,427 - INFO - See 12583.0 (None) gespeichert in T:\DLR\Analysis3\Output\NasaFlood\Lake_12583.0_None.csv
2025-10-25 18:57:30,432 - INFO - See 12585.0 (None) gespeichert in T:\DLR\Analysis3\Output\NasaFlood\Lake_12585.0_None.csv
2025-10-25 18:57:30,436 - INFO - See 12586.0 (None) gespeichert in T:\DLR\Analysis3\Output\NasaFlood\Lake_12586.0_None.csv
2025-10-25 18:57:30,440 - INFO - See 12587.0 (Amungen) gespeichert in T:\DLR\Analysis3\Output\NasaFlood\Lake_12587.0_Amungen.csv
2025-10-25 18:57:30,443 - INFO - See 12589.0 (None) gespeichert in T:\DLR\Analysis3\Output\NasaFlood\Lake_12589.0_None.csv
2025-10-25 18:57:30,447 - INFO - See 12591.0 (None) gespeichert in T:\DLR\Analysis3\Output\NasaFlood\Lake_12591.0_None.csv
2025-10-25 18:57:30,451 - INFO - See 12592.0 (None) gespeichert in T:\DLR\Analysis3\Output\NasaFlood\Lake_12592.0_None.csv
2025-10-25 18:57:30,455 - INFO - See 12594.0 (None) gespeichert in T:\DLR\Analysis3\Output\NasaFlood\Lake_12594.0_None.csv
2025-10-25 18:57:30,459 - INFO - See 12595.0 (None) gespeichert in T:\DLR\Analysis3\Output\NasaFlood\Lake_12595.0_None.csv
2025-10-25 18:57:30,463 - INFO - See 12601.0 (None) gespeichert in T:\DLR\Analysis3\Output\NasaFlood\Lake_12601.0_None.csv
2025-10-25 18:57:30,467 - INFO - See 12604.0 (None) gespeichert in T:\DLR\Analysis3\Output\NasaFlood\Lake_12604.0_None.csv
2025-10-25 18:57:30,471 - INFO - See 12609.0 (None) gespeichert in T:\DLR\Analysis3\Output\NasaFlood\Lake_12609.0_None.csv
2025-10-25 18:57:30,475 - INFO - See 12610.0 (None) gespeichert in T:\DLR\Analysis3\Output\NasaFlood\Lake_12610.0_None.csv
2025-10-25 18:57:30,479 - INFO - See 12611.0 (None) gespeichert in T:\DLR\Analysis3\Output\NasaFlood\Lake_12611.0_None.csv
2025-10-25 18:57:30,483 - INFO - See 12615.0 (None) gespeichert in T:\DLR\Analysis3\Output\NasaFlood\Lake_12615.0_None.csv
2025-10-25 18:57:30,486 - INFO - See 12616.0 (None) gespeichert in T:\DLR\Analysis3\Output\NasaFlood\Lake_12616.0_None.csv
2025-10-25 18:57:30,490 - INFO - See 12620.0 (None) gespeichert in T:\DLR\Analysis3\Output\NasaFlood\Lake_12620.0_None.csv
2025-10-25 18:57:30,493 - INFO - See 12621.0 (None) gespeichert in T:\DLR\Analysis3\Output\NasaFlood\Lake_12621.0_None.csv
2025-10-25 18:57:30,497 - INFO - See 12622.0 (None) gespeichert in T:\DLR\Analysis3\Output\NasaFlood\Lake_12622.0_None.csv
2025-10-25 18:57:30,505 - INFO - See 12623.0 (None) gespeichert in T:\DLR\Analysis3\Output\NasaFlood\Lake_12623.0_None.csv
2025-10-25 18:57:30,509 - INFO - See 12624.0 (None) gespeichert in T:\DLR\Analysis3\Output\NasaFlood\Lake_12624.0_None.csv
2025-10-25 18:57:30,513 - INFO - See 12625.0 (None) gespeichert in T:\DLR\Analysis3\Output\NasaFlood\Lake_12625.0_None.csv
2025-10-25 18:57:30,517 - INFO - See 12627.0 (None) gespeichert in T:\DLR\Analysis3\Output\NasaFlood\Lake_12627.0_None.csv
2025-10-25 18:57:30,520 - INFO - See 12634.0 (None) gespeichert in T:\DLR\Analysis3\Output\NasaFlood\Lake_12634.0_None.csv
2025-10-25 18:57:30,524 - INFO - See 12636.0 (None) gespeichert in T:\DLR\Analysis3\Output\NasaFlood\Lake_12636.0_None.csv
2025-10-25 18:57:30,527 - INFO - See 12638.0 (None) gespeichert in T:\DLR\Analysis3\Output\NasaFlood\Lake_12638.0_None.csv
2025-10-25 18:57:30,531 - INFO - See 12640.0 (None) gespeichert in T:\DLR\Analysis3\Output\NasaFlood\Lake_12640.0_None.csv
2025-10-25 18:57:30,535 - INFO - See 12648.0 (None) gespeichert in T:\DLR\Analysis3\Output\NasaFlood\Lake_12648.0_None.csv
2025-10-25 18:57:30,539 - INFO - See 12652.0 (None) gespeichert in T:\DLR\Analysis3\Output\NasaFlood\Lake_12652.0_None.csv
2025-10-25 18:57:30,543 - INFO - See 12655.0 (None) gespeichert in T:\DLR\Analysis3\Output\NasaFlood\Lake_12655.0_None.csv
2025-10-25 18:57:30,547 - INFO - See 12658.0 (None) gespeichert in T:\DLR\Analysis3\Output\NasaFlood\Lake_12658.0_None.csv
2025-10-25 18:57:30,552 - INFO - See 12665.0 (None) gespeichert in T:\DLR\Analysis3\Output\NasaFlood\Lake_12665.0_None.csv
2025-10-25 18:57:30,556 - INFO - See 12666.0 (None) gespeichert in T:\DLR\Analysis3\Output\NasaFlood\Lake_12666.0_None.csv
2025-10-25 18:57:30,560 - INFO - See 12671.0 (None) gespeichert in T:\DLR\Analysis3\Output\NasaFlood\Lake_12671.0_None.csv
2025-10-25 18:57:30,563 - INFO - See 12675.0 (None) gespeichert in T:\DLR\Analysis3\Output\NasaFlood\Lake_12675.0_None.csv
2025-10-25 18:57:30,567 - INFO - See 12680.0 (None) gespeichert in T:\DLR\Analysis3\Output\NasaFlood\Lake_12680.0_None.csv
2025-10-25 18:57:30,570 - INFO - See 12681.0 (None) gespeichert in T:\DLR\Analysis3\Output\NasaFlood\Lake_12681.0_None.csv
2025-10-25 18:57:30,573 - INFO - See 12685.0 (None) gespeichert in T:\DLR\Analysis3\Output\NasaFlood\Lake_12685.0_None.csv
2025-10-25 18:57:30,578 - INFO - See 12689.0 (None) gespeichert in T:\DLR\Analysis3\Output\NasaFlood\Lake_12689.0_None.csv
2025-10-25 18:57:30,581 - INFO - See 12692.0 (None) gespeichert in T:\DLR\Analysis3\Output\NasaFlood\Lake_12692.0_None.csv
2025-10-25 18:57:30,585 - INFO - See 12699.0 (None) gespeichert in T:\DLR\Analysis3\Output\NasaFlood\Lake_12699.0_None.csv
2025-10-25 18:57:30,588 - INFO - See 12705.0 (None) gespeichert in T:\DLR\Analysis3\Output\NasaFlood\Lake_12705.0_None.csv
2025-10-25 18:57:30,592 - INFO - See 12707.0 (None) gespeichert in T:\DLR\Analysis3\Output\NasaFlood\Lake_12707.0_None.csv
2025-10-25 18:57:30,597 - INFO - See 12709.0 (None) gespeichert in T:\DLR\Analysis3\Output\NasaFlood\Lake_12709.0_None.csv
2025-10-25 18:57:30,600 - INFO - See 12716.0 (None) gespeichert in T:\DLR\Analysis3\Output\NasaFlood\Lake_12716.0_None.csv
2025-10-25 18:57:30,604 - INFO - See 12717.0 (None) gespeichert in T:\DLR\Analysis3\Output\NasaFlood\Lake_12717.0_None.csv
2025-10-25 18:57:30,608 - INFO - See 12718.0 (None) gespeichert in T:\DLR\Analysis3\Output\NasaFlood\Lake_12718.0_None.csv
2025-10-25 18:57:30,611 - INFO - See 12720.0 (None) gespeichert in T:\DLR\Analysis3\Output\NasaFlood\Lake_12720.0_None.csv
2025-10-25 18:57:30,615 - INFO - See 12727.0 (None) gespeichert in T:\DLR\Analysis3\Output\NasaFlood\Lake_12727.0_None.csv
2025-10-25 18:57:30,619 - INFO - See 12729.0 (None) gespeichert in T:\DLR\Analysis3\Output\NasaFlood\Lake_12729.0_None.csv
2025-10-25 18:57:30,623 - INFO - See 12730.0 (None) gespeichert in T:\DLR\Analysis3\Output\NasaFlood\Lake_12730.0_None.csv
2025-10-25 18:57:30,626 - INFO - See 12735.0 (None) gespeichert in T:\DLR\Analysis3\Output\NasaFlood\Lake_12735.0_None.csv
2025-10-25 18:57:30,630 - INFO - See 12738.0 (None) gespeichert in T:\DLR\Analysis3\Output\NasaFlood\Lake_12738.0_None.csv
2025-10-25 18:57:30,634 - INFO - See 12739.0 (None) gespeichert in T:\DLR\Analysis3\Output\NasaFlood\Lake_12739.0_None.csv
2025-10-25 18:57:30,638 - INFO - See 12748.0 (None) gespeichert in T:\DLR\Analysis3\Output\NasaFlood\Lake_12748.0_None.csv
2025-10-25 18:57:30,642 - INFO - See 12753.0 (None) gespeichert in T:\DLR\Analysis3\Output\NasaFlood\Lake_12753.0_None.csv
2025-10-25 18:57:30,646 - INFO - See 12758.0 (None) gespeichert in T:\DLR\Analysis3\Output\NasaFlood\Lake_12758.0_None.csv
2025-10-25 18:57:30,650 - INFO - See 12761.0 (None) gespeichert in T:\DLR\Analysis3\Output\NasaFlood\Lake_12761.0_None.csv
2025-10-25 18:57:30,654 - INFO - See 12763.0 (None) gespeichert in T:\DLR\Analysis3\Output\NasaFlood\Lake_12763.0_None.csv
2025-10-25 18:57:30,659 - INFO - See 12765.0 (None) gespeichert in T:\DLR\Analysis3\Output\NasaFlood\Lake_12765.0_None.csv
2025-10-25 18:57:30,662 - INFO - See 12766.0 (None) gespeichert in T:\DLR\Analysis3\Output\NasaFlood\Lake_12766.0_None.csv
2025-10-25 18:57:30,666 - INFO - See 12767.0 (None) gespeichert in T:\DLR\Analysis3\Output\NasaFlood\Lake_12767.0_None.csv
2025-10-25 18:57:30,669 - INFO - See 12769.0 (None) gespeichert in T:\DLR\Analysis3\Output\NasaFlood\Lake_12769.0_None.csv
2025-10-25 18:57:30,672 - INFO - See 12771.0 (None) gespeichert in T:\DLR\Analysis3\Output\NasaFlood\Lake_12771.0_None.csv
2025-10-25 18:57:30,676 - INFO - See 12774.0 (None) gespeichert in T:\DLR\Analysis3\Output\NasaFlood\Lake_12774.0_None.csv
2025-10-25 18:57:30,679 - INFO - See 12777.0 (None) gespeichert in T:\DLR\Analysis3\Output\NasaFlood\Lake_12777.0_None.csv
2025-10-25 18:57:30,683 - INFO - See 12778.0 (None) gespeichert in T:\DLR\Analysis3\Output\NasaFlood\Lake_12778.0_None.csv
2025-10-25 18:57:30,686 - INFO - See 12779.0 (None) gespeichert in T:\DLR\Analysis3\Output\NasaFlood\Lake_12779.0_None.csv
2025-10-25 18:57:30,691 - INFO - See 12781.0 (None) gespeichert in T:\DLR\Analysis3\Output\NasaFlood\Lake_12781.0_None.csv
2025-10-25 18:57:30,694 - INFO - See 12783.0 (None) gespeichert in T:\DLR\Analysis3\Output\NasaFlood\Lake_12783.0_None.csv
2025-10-25 18:57:30,698 - INFO - See 12787.0 (None) gespeichert in T:\DLR\Analysis3\Output\NasaFlood\Lake_12787.0_None.csv
2025-10-25 18:57:30,702 - INFO - See 12788.0 (None) gespeichert in T:\DLR\Analysis3\Output\NasaFlood\Lake_12788.0_None.csv
2025-10-25 18:57:30,707 - INFO - See 12790.0 (None) gespeichert in T:\DLR\Analysis3\Output\NasaFlood\Lake_12790.0_None.csv
2025-10-25 18:57:30,712 - INFO - See 12791.0 (None) gespeichert in T:\DLR\Analysis3\Output\NasaFlood\Lake_12791.0_None.csv
2025-10-25 18:57:30,717 - INFO - See 12793.0 (None) gespeichert in T:\DLR\Analysis3\Output\NasaFlood\Lake_12793.0_None.csv
2025-10-25 18:57:30,723 - INFO - See 12804.0 (None) gespeichert in T:\DLR\Analysis3\Output\NasaFlood\Lake_12804.0_None.csv
2025-10-25 18:57:30,729 - INFO - See 13783.0 (None) gespeichert in T:\DLR\Analysis3\Output\NasaFlood\Lake_13783.0_None.csv
2025-10-25 18:57:30,734 - INFO - See 13785.0 (None) gespeichert in T:\DLR\Analysis3\Output\NasaFlood\Lake_13785.0_None.csv
2025-10-25 18:57:30,739 - INFO - See 13787.0 (None) gespeichert in T:\DLR\Analysis3\Output\NasaFlood\Lake_13787.0_None.csv
2025-10-25 18:57:30,745 - INFO - See 13794.0 (None) gespeichert in T:\DLR\Analysis3\Output\NasaFlood\Lake_13794.0_None.csv
2025-10-25 18:57:30,749 - INFO - See 13795.0 (None) gespeichert in T:\DLR\Analysis3\Output\NasaFlood\Lake_13795.0_None.csv
2025-10-25 18:57:30,753 - INFO - See 13796.0 (None) gespeichert in T:\DLR\Analysis3\Output\NasaFlood\Lake_13796.0_None.csv
2025-10-25 18:57:30,757 - INFO - See 13803.0 (None) gespeichert in T:\DLR\Analysis3\Output\NasaFlood\Lake_13803.0_None.csv
2025-10-25 18:57:30,761 - INFO - See 13805.0 (None) gespeichert in T:\DLR\Analysis3\Output\NasaFlood\Lake_13805.0_None.csv
2025-10-25 18:57:30,766 - INFO - See 13807.0 (None) gespeichert in T:\DLR\Analysis3\Output\NasaFlood\Lake_13807.0_None.csv
2025-10-25 18:57:30,772 - INFO - See 13810.0 (None) gespeichert in T:\DLR\Analysis3\Output\NasaFlood\Lake_13810.0_None.csv
2025-10-25 18:57:30,778 - INFO - See 13812.0 (None) gespeichert in T:\DLR\Analysis3\Output\NasaFlood\Lake_13812.0_None.csv
2025-10-25 18:57:30,782 - INFO - See 13815.0 (None) gespeichert in T:\DLR\Analysis3\Output\NasaFlood\Lake_13815.0_None.csv
2025-10-25 18:57:30,788 - INFO - See 13819.0 (None) gespeichert in T:\DLR\Analysis3\Output\NasaFlood\Lake_13819.0_None.csv
2025-10-25 18:57:30,794 - INFO - See 13820.0 (None) gespeichert in T:\DLR\Analysis3\Output\NasaFlood\Lake_13820.0_None.csv
2025-10-25 18:57:30,798 - INFO - See 13822.0 (None) gespeichert in T:\DLR\Analysis3\Output\NasaFlood\Lake_13822.0_None.csv
2025-10-25 18:57:30,801 - INFO - See 13823.0 (None) gespeichert in T:\DLR\Analysis3\Output\NasaFlood\Lake_13823.0_None.csv
2025-10-25 18:57:30,805 - INFO - See 13825.0 (None) gespeichert in T:\DLR\Analysis3\Output\NasaFlood\Lake_13825.0_None.csv
2025-10-25 18:57:30,810 - INFO - See 13826.0 (None) gespeichert in T:\DLR\Analysis3\Output\NasaFlood\Lake_13826.0_None.csv
2025-10-25 18:57:30,816 - INFO - See 13830.0 (None) gespeichert in T:\DLR\Analysis3\Output\NasaFlood\Lake_13830.0_None.csv
2025-10-25 18:57:30,822 - INFO - See 13831.0 (None) gespeichert in T:\DLR\Analysis3\Output\NasaFlood\Lake_13831.0_None.csv
2025-10-25 18:57:30,828 - INFO - See 13832.0 (None) gespeichert in T:\DLR\Analysis3\Output\NasaFlood\Lake_13832.0_None.csv
2025-10-25 18:57:30,834 - INFO - See 13834.0 (None) gespeichert in T:\DLR\Analysis3\Output\NasaFlood\Lake_13834.0_None.csv
2025-10-25 18:57:30,839 - INFO - See 13837.0 (None) gespeichert in T:\DLR\Analysis3\Output\NasaFlood\Lake_13837.0_None.csv
2025-10-25 18:57:30,845 - INFO - See 13838.0 (None) gespeichert in T:\DLR\Analysis3\Output\NasaFlood\Lake_13838.0_None.csv
2025-10-25 18:57:30,849 - INFO - See 13842.0 (None) gespeichert in T:\DLR\Analysis3\Output\NasaFlood\Lake_13842.0_None.csv
2025-10-25 18:57:30,854 - INFO - See 13843.0 (None) gespeichert in T:\DLR\Analysis3\Output\NasaFlood\Lake_13843.0_None.csv
2025-10-25 18:57:30,858 - INFO - See 13845.0 (None) gespeichert in T:\DLR\Analysis3\Output\NasaFlood\Lake_13845.0_None.csv
2025-10-25 18:57:30,866 - INFO - See 13848.0 (None) gespeichert in T:\DLR\Analysis3\Output\NasaFlood\Lake_13848.0_None.csv
2025-10-25 18:57:30,870 - INFO - See 13850.0 (None) gespeichert in T:\DLR\Analysis3\Output\NasaFlood\Lake_13850.0_None.csv
2025-10-25 18:57:30,875 - INFO - See 13851.0 (None) gespeichert in T:\DLR\Analysis3\Output\NasaFlood\Lake_13851.0_None.csv
2025-10-25 18:57:30,878 - INFO - See 13852.0 (None) gespeichert in T:\DLR\Analysis3\Output\NasaFlood\Lake_13852.0_None.csv
2025-10-25 18:57:30,882 - INFO - See 13853.0 (None) gespeichert in T:\DLR\Analysis3\Output\NasaFlood\Lake_13853.0_None.csv
2025-10-25 18:57:30,886 - INFO - See 13854.0 (None) gespeichert in T:\DLR\Analysis3\Output\NasaFlood\Lake_13854.0_None.csv
2025-10-25 18:57:30,890 - INFO - See 13855.0 (None) gespeichert in T:\DLR\Analysis3\Output\NasaFlood\Lake_13855.0_None.csv
2025-10-25 18:57:30,894 - INFO - See 13858.0 (None) gespeichert in T:\DLR\Analysis3\Output\NasaFlood\Lake_13858.0_None.csv
2025-10-25 18:57:30,898 - INFO - See 13860.0 (None) gespeichert in T:\DLR\Analysis3\Output\NasaFlood\Lake_13860.0_None.csv
2025-10-25 18:57:30,904 - INFO - See 13861.0 (None) gespeichert in T:\DLR\Analysis3\Output\NasaFlood\Lake_13861.0_None.csv
2025-10-25 18:57:30,908 - INFO - See 13864.0 (None) gespeichert in T:\DLR\Analysis3\Output\NasaFlood\Lake_13864.0_None.csv
2025-10-25 18:57:30,912 - INFO - See 13865.0 (None) gespeichert in T:\DLR\Analysis3\Output\NasaFlood\Lake_13865.0_None.csv
2025-10-25 18:57:30,918 - INFO - See 13867.0 (None) gespeichert in T:\DLR\Analysis3\Output\NasaFlood\Lake_13867.0_None.csv
2025-10-25 18:57:30,924 - INFO - See 13872.0 (None) gespeichert in T:\DLR\Analysis3\Output\NasaFlood\Lake_13872.0_None.csv
2025-10-25 18:57:30,928 - INFO - See 13876.0 (None) gespeichert in T:\DLR\Analysis3\Output\NasaFlood\Lake_13876.0_None.csv
2025-10-25 18:57:30,932 - INFO - See 13877.0 (None) gespeichert in T:\DLR\Analysis3\Output\NasaFlood\Lake_13877.0_None.csv
2025-10-25 18:57:30,936 - INFO - See 13878.0 (None) gespeichert in T:\DLR\Analysis3\Output\NasaFlood\Lake_13878.0_None.csv
2025-10-25 18:57:30,940 - INFO - See 13880.0 (None) gespeichert in T:\DLR\Analysis3\Output\NasaFlood\Lake_13880.0_None.csv
2025-10-25 18:57:30,944 - INFO - See 13881.0 (None) gespeichert in T:\DLR\Analysis3\Output\NasaFlood\Lake_13881.0_None.csv
2025-10-25 18:57:30,950 - INFO - See 13882.0 (None) gespeichert in T:\DLR\Analysis3\Output\NasaFlood\Lake_13882.0_None.csv
2025-10-25 18:57:30,954 - INFO - See 13883.0 (None) gespeichert in T:\DLR\Analysis3\Output\NasaFlood\Lake_13883.0_None.csv
2025-10-25 18:57:30,958 - INFO - See 13885.0 (Akkol') gespeichert in T:\DLR\Analysis3\Output\NasaFlood\Lake_13885.0_Akkol'.csv
2025-10-25 18:57:30,962 - INFO - See 13886.0 (None) gespeichert in T:\DLR\Analysis3\Output\NasaFlood\Lake_13886.0_None.csv
2025-10-25 18:57:30,965 - INFO - See 13887.0 (None) gespeichert in T:\DLR\Analysis3\Output\NasaFlood\Lake_13887.0_None.csv
2025-10-25 18:57:30,969 - INFO - See 13889.0 (None) gespeichert in T:\DLR\Analysis3\Output\NasaFlood\Lake_13889.0_None.csv
2025-10-25 18:57:30,972 - INFO - See 13890.0 (None) gespeichert in T:\DLR\Analysis3\Output\NasaFlood\Lake_13890.0_None.csv
2025-10-25 18:57:30,976 - INFO - See 13892.0 (None) gespeichert in T:\DLR\Analysis3\Output\NasaFlood\Lake_13892.0_None.csv
2025-10-25 18:57:30,980 - INFO - See 13894.0 (None) gespeichert in T:\DLR\Analysis3\Output\NasaFlood\Lake_13894.0_None.csv
2025-10-25 18:57:30,983 - INFO - See 13895.0 (None) gespeichert in T:\DLR\Analysis3\Output\NasaFlood\Lake_13895.0_None.csv
2025-10-25 18:57:30,987 - INFO - See 13898.0 (None) gespeichert in T:\DLR\Analysis3\Output\NasaFlood\Lake_13898.0_None.csv
2025-10-25 18:57:30,990 - INFO - See 13899.0 (None) gespeichert in T:\DLR\Analysis3\Output\NasaFlood\Lake_13899.0_None.csv
2025-10-25 18:57:30,994 - INFO - See 13900.0 (None) gespeichert in T:\DLR\Analysis3\Output\NasaFlood\Lake_13900.0_None.csv
2025-10-25 18:57:30,997 - INFO - See 13901.0 (None) gespeichert in T:\DLR\Analysis3\Output\NasaFlood\Lake_13901.0_None.csv
2025-10-25 18:57:31,003 - INFO - See 13903.0 (None) gespeichert in T:\DLR\Analysis3\Output\NasaFlood\Lake_13903.0_None.csv
2025-10-25 18:57:31,009 - INFO - See 13905.0 (None) gespeichert in T:\DLR\Analysis3\Output\NasaFlood\Lake_13905.0_None.csv
2025-10-25 18:57:31,013 - INFO - See 13907.0 (None) gespeichert in T:\DLR\Analysis3\Output\NasaFlood\Lake_13907.0_None.csv
2025-10-25 18:57:31,016 - INFO - See 13908.0 (None) gespeichert in T:\DLR\Analysis3\Output\NasaFlood\Lake_13908.0_None.csv
2025-10-25 18:57:31,020 - INFO - See 13909.0 (None) gespeichert in T:\DLR\Analysis3\Output\NasaFlood\Lake_13909.0_None.csv
2025-10-25 18:57:31,024 - INFO - See 13910.0 (None) gespeichert in T:\DLR\Analysis3\Output\NasaFlood\Lake_13910.0_None.csv
2025-10-25 18:57:31,028 - INFO - See 13914.0 (None) gespeichert in T:\DLR\Analysis3\Output\NasaFlood\Lake_13914.0_None.csv
2025-10-25 18:57:31,032 - INFO - See 13916.0 (None) gespeichert in T:\DLR\Analysis3\Output\NasaFlood\Lake_13916.0_None.csv
2025-10-25 18:57:31,035 - INFO - See 13917.0 (None) gespeichert in T:\DLR\Analysis3\Output\NasaFlood\Lake_13917.0_None.csv
2025-10-25 18:57:31,041 - INFO - See 13922.0 (None) gespeichert in T:\DLR\Analysis3\Output\NasaFlood\Lake_13922.0_None.csv
2025-10-25 18:57:31,047 - INFO - See 13923.0 (None) gespeichert in T:\DLR\Analysis3\Output\NasaFlood\Lake_13923.0_None.csv
2025-10-25 18:57:31,051 - INFO - See 13924.0 (None) gespeichert in T:\DLR\Analysis3\Output\NasaFlood\Lake_13924.0_None.csv
2025-10-25 18:57:31,057 - INFO - See 13929.0 (None) gespeichert in T:\DLR\Analysis3\Output\NasaFlood\Lake_13929.0_None.csv
2025-10-25 18:57:31,061 - INFO - See 13930.0 (None) gespeichert in T:\DLR\Analysis3\Output\NasaFlood\Lake_13930.0_None.csv
2025-10-25 18:57:31,065 - INFO - See 13945.0 (None) gespeichert in T:\DLR\Analysis3\Output\NasaFlood\Lake_13945.0_None.csv
2025-10-25 18:57:31,069 - INFO - See 13947.0 (None) gespeichert in T:\DLR\Analysis3\Output\NasaFlood\Lake_13947.0_None.csv
2025-10-25 18:57:31,075 - INFO - See 13949.0 (None) gespeichert in T:\DLR\Analysis3\Output\NasaFlood\Lake_13949.0_None.csv
2025-10-25 18:57:31,079 - INFO - See 13950.0 (None) gespeichert in T:\DLR\Analysis3\Output\NasaFlood\Lake_13950.0_None.csv
2025-10-25 18:57:31,082 - INFO - See 13956.0 (None) gespeichert in T:\DLR\Analysis3\Output\NasaFlood\Lake_13956.0_None.csv
2025-10-25 18:57:31,088 - INFO - See 13961.0 (None) gespeichert in T:\DLR\Analysis3\Output\NasaFlood\Lake_13961.0_None.csv
2025-10-25 18:57:31,094 - INFO - See 13963.0 (None) gespeichert in T:\DLR\Analysis3\Output\NasaFlood\Lake_13963.0_None.csv
2025-10-25 18:57:31,098 - INFO - See 13964.0 (None) gespeichert in T:\DLR\Analysis3\Output\NasaFlood\Lake_13964.0_None.csv
2025-10-25 18:57:31,101 - INFO - See 13973.0 (None) gespeichert in T:\DLR\Analysis3\Output\NasaFlood\Lake_13973.0_None.csv
2025-10-25 18:57:31,105 - INFO - See 13977.0 (None) gespeichert in T:\DLR\Analysis3\Output\NasaFlood\Lake_13977.0_None.csv
2025-10-25 18:57:31,109 - INFO - See 13978.0 (None) gespeichert in T:\DLR\Analysis3\Output\NasaFlood\Lake_13978.0_None.csv
2025-10-25 18:57:31,114 - INFO - See 13980.0 (None) gespeichert in T:\DLR\Analysis3\Output\NasaFlood\Lake_13980.0_None.csv
2025-10-25 18:57:31,120 - INFO - See 13981.0 (None) gespeichert in T:\DLR\Analysis3\Output\NasaFlood\Lake_13981.0_None.csv
2025-10-25 18:57:31,124 - INFO - See 13982.0 (None) gespeichert in T:\DLR\Analysis3\Output\NasaFlood\Lake_13982.0_None.csv
2025-10-25 18:57:31,127 - INFO - See 13984.0 (None) gespeichert in T:\DLR\Analysis3\Output\NasaFlood\Lake_13984.0_None.csv
2025-10-25 18:57:31,133 - INFO - See 13986.0 (None) gespeichert in T:\DLR\Analysis3\Output\NasaFlood\Lake_13986.0_None.csv
2025-10-25 18:57:31,139 - INFO - See 13989.0 (None) gespeichert in T:\DLR\Analysis3\Output\NasaFlood\Lake_13989.0_None.csv
2025-10-25 18:57:31,143 - INFO - See 13991.0 (None) gespeichert in T:\DLR\Analysis3\Output\NasaFlood\Lake_13991.0_None.csv
2025-10-25 18:57:31,146 - INFO - See 13993.0 (None) gespeichert in T:\DLR\Analysis3\Output\NasaFlood\Lake_13993.0_None.csv
2025-10-25 18:57:31,150 - INFO - See 13996.0 (None) gespeichert in T:\DLR\Analysis3\Output\NasaFlood\Lake_13996.0_None.csv
2025-10-25 18:57:31,154 - INFO - See 14000.0 (None) gespeichert in T:\DLR\Analysis3\Output\NasaFlood\Lake_14000.0_None.csv
2025-10-25 18:57:31,159 - INFO - See 14004.0 (None) gespeichert in T:\DLR\Analysis3\Output\NasaFlood\Lake_14004.0_None.csv
2025-10-25 18:57:31,164 - INFO - See 14010.0 (None) gespeichert in T:\DLR\Analysis3\Output\NasaFlood\Lake_14010.0_None.csv
2025-10-25 18:57:31,170 - INFO - See 14013.0 (None) gespeichert in T:\DLR\Analysis3\Output\NasaFlood\Lake_14013.0_None.csv
2025-10-25 18:57:31,174 - INFO - See 14019.0 (None) gespeichert in T:\DLR\Analysis3\Output\NasaFlood\Lake_14019.0_None.csv
2025-10-25 18:57:31,178 - INFO - See 14022.0 (None) gespeichert in T:\DLR\Analysis3\Output\NasaFlood\Lake_14022.0_None.csv
2025-10-25 18:57:31,183 - INFO - See 14025.0 (None) gespeichert in T:\DLR\Analysis3\Output\NasaFlood\Lake_14025.0_None.csv
2025-10-25 18:57:31,187 - INFO - See 14026.0 (None) gespeichert in T:\DLR\Analysis3\Output\NasaFlood\Lake_14026.0_None.csv
2025-10-25 18:57:31,191 - INFO - See 14028.0 (None) gespeichert in T:\DLR\Analysis3\Output\NasaFlood\Lake_14028.0_None.csv
2025-10-25 18:57:31,195 - INFO - See 14031.0 (None) gespeichert in T:\DLR\Analysis3\Output\NasaFlood\Lake_14031.0_None.csv
2025-10-25 18:57:31,199 - INFO - See 14035.0 (None) gespeichert in T:\DLR\Analysis3\Output\NasaFlood\Lake_14035.0_None.csv
2025-10-25 18:57:31,203 - INFO - See 14039.0 (None) gespeichert in T:\DLR\Analysis3\Output\NasaFlood\Lake_14039.0_None.csv
2025-10-25 18:57:31,207 - INFO - See 14040.0 (None) gespeichert in T:\DLR\Analysis3\Output\NasaFlood\Lake_14040.0_None.csv
2025-10-25 18:57:31,211 - INFO - See 14042.0 (None) gespeichert in T:\DLR\Analysis3\Output\NasaFlood\Lake_14042.0_None.csv
2025-10-25 18:57:31,214 - INFO - See 14049.0 (None) gespeichert in T:\DLR\Analysis3\Output\NasaFlood\Lake_14049.0_None.csv
2025-10-25 18:57:31,218 - INFO - See 14050.0 (None) gespeichert in T:\DLR\Analysis3\Output\NasaFlood\Lake_14050.0_None.csv
2025-10-25 18:57:31,222 - INFO - See 14053.0 (None) gespeichert in T:\DLR\Analysis3\Output\NasaFlood\Lake_14053.0_None.csv
2025-10-25 18:57:31,227 - INFO - See 14055.0 (None) gespeichert in T:\DLR\Analysis3\Output\NasaFlood\Lake_14055.0_None.csv
2025-10-25 18:57:31,233 - INFO - See 14056.0 (None) gespeichert in T:\DLR\Analysis3\Output\NasaFlood\Lake_14056.0_None.csv
2025-10-25 18:57:31,237 - INFO - See 14060.0 (None) gespeichert in T:\DLR\Analysis3\Output\NasaFlood\Lake_14060.0_None.csv
2025-10-25 18:57:31,243 - INFO - See 14066.0 (None) gespeichert in T:\DLR\Analysis3\Output\NasaFlood\Lake_14066.0_None.csv
2025-10-25 18:57:31,248 - INFO - See 14068.0 (None) gespeichert in T:\DLR\Analysis3\Output\NasaFlood\Lake_14068.0_None.csv
2025-10-25 18:57:31,252 - INFO - See 14069.0 (None) gespeichert in T:\DLR\Analysis3\Output\NasaFlood\Lake_14069.0_None.csv
2025-10-25 18:57:31,256 - INFO - See 14071.0 (None) gespeichert in T:\DLR\Analysis3\Output\NasaFlood\Lake_14071.0_None.csv
2025-10-25 18:57:31,259 - INFO - See 14074.0 (None) gespeichert in T:\DLR\Analysis3\Output\NasaFlood\Lake_14074.0_None.csv
2025-10-25 18:57:31,263 - INFO - See 14075.0 (None) gespeichert in T:\DLR\Analysis3\Output\NasaFlood\Lake_14075.0_None.csv
2025-10-25 18:57:31,269 - INFO - See 14082.0 (None) gespeichert in T:\DLR\Analysis3\Output\NasaFlood\Lake_14082.0_None.csv
2025-10-25 18:57:31,275 - INFO - See 14085.0 (None) gespeichert in T:\DLR\Analysis3\Output\NasaFlood\Lake_14085.0_None.csv
2025-10-25 18:57:31,280 - INFO - See 14089.0 (None) gespeichert in T:\DLR\Analysis3\Output\NasaFlood\Lake_14089.0_None.csv
2025-10-25 18:57:31,285 - INFO - See 14094.0 (None) gespeichert in T:\DLR\Analysis3\Output\NasaFlood\Lake_14094.0_None.csv
2025-10-25 18:57:31,291 - INFO - See 14095.0 (None) gespeichert in T:\DLR\Analysis3\Output\NasaFlood\Lake_14095.0_None.csv
2025-10-25 18:57:31,297 - INFO - See 14098.0 (None) gespeichert in T:\DLR\Analysis3\Output\NasaFlood\Lake_14098.0_None.csv
2025-10-25 18:57:31,302 - INFO - See 14105.0 (None) gespeichert in T:\DLR\Analysis3\Output\NasaFlood\Lake_14105.0_None.csv
2025-10-25 18:57:31,307 - INFO - See 14111.0 (None) gespeichert in T:\DLR\Analysis3\Output\NasaFlood\Lake_14111.0_None.csv
2025-10-25 18:57:31,312 - INFO - See 14114.0 (None) gespeichert in T:\DLR\Analysis3\Output\NasaFlood\Lake_14114.0_None.csv
2025-10-25 18:57:31,316 - INFO - See 14126.0 (None) gespeichert in T:\DLR\Analysis3\Output\NasaFlood\Lake_14126.0_None.csv
2025-10-25 18:57:31,322 - INFO - See 14128.0 (None) gespeichert in T:\DLR\Analysis3\Output\NasaFlood\Lake_14128.0_None.csv
2025-10-25 18:57:31,326 - INFO - See 14134.0 (None) gespeichert in T:\DLR\Analysis3\Output\NasaFlood\Lake_14134.0_None.csv
2025-10-25 18:57:31,330 - INFO - See 14136.0 (None) gespeichert in T:\DLR\Analysis3\Output\NasaFlood\Lake_14136.0_None.csv
2025-10-25 18:57:31,334 - INFO - See 14143.0 (None) gespeichert in T:\DLR\Analysis3\Output\NasaFlood\Lake_14143.0_None.csv
2025-10-25 18:57:31,339 - INFO - See 14144.0 (None) gespeichert in T:\DLR\Analysis3\Output\NasaFlood\Lake_14144.0_None.csv
2025-10-25 18:57:31,342 - INFO - See 14146.0 (None) gespeichert in T:\DLR\Analysis3\Output\NasaFlood\Lake_14146.0_None.csv
2025-10-25 18:57:31,346 - INFO - See 14148.0 (None) gespeichert in T:\DLR\Analysis3\Output\NasaFlood\Lake_14148.0_None.csv
2025-10-25 18:57:31,349 - INFO - See 14155.0 (None) gespeichert in T:\DLR\Analysis3\Output\NasaFlood\Lake_14155.0_None.csv
2025-10-25 18:57:31,353 - INFO - See 14156.0 (None) gespeichert in T:\DLR\Analysis3\Output\NasaFlood\Lake_14156.0_None.csv
2025-10-25 18:57:31,356 - INFO - See 14158.0 (None) gespeichert in T:\DLR\Analysis3\Output\NasaFlood\Lake_14158.0_None.csv
2025-10-25 18:57:31,360 - INFO - See 14164.0 (None) gespeichert in T:\DLR\Analysis3\Output\NasaFlood\Lake_14164.0_None.csv
2025-10-25 18:57:31,365 - INFO - See 14172.0 (None) gespeichert in T:\DLR\Analysis3\Output\NasaFlood\Lake_14172.0_None.csv
2025-10-25 18:57:31,371 - INFO - See 14173.0 (None) gespeichert in T:\DLR\Analysis3\Output\NasaFlood\Lake_14173.0_None.csv
2025-10-25 18:57:31,377 - INFO - See 14180.0 (None) gespeichert in T:\DLR\Analysis3\Output\NasaFlood\Lake_14180.0_None.csv
2025-10-25 18:57:31,383 - INFO - See 14183.0 (None) gespeichert in T:\DLR\Analysis3\Output\NasaFlood\Lake_14183.0_None.csv
2025-10-25 18:57:31,388 - INFO - See 14195.0 (None) gespeichert in T:\DLR\Analysis3\Output\NasaFlood\Lake_14195.0_None.csv
2025-10-25 18:57:31,392 - INFO - See 14197.0 (None) gespeichert in T:\DLR\Analysis3\Output\NasaFlood\Lake_14197.0_None.csv
2025-10-25 18:57:31,396 - INFO - See 14199.0 (None) gespeichert in T:\DLR\Analysis3\Output\NasaFlood\Lake_14199.0_None.csv
2025-10-25 18:57:31,400 - INFO - See 14201.0 (None) gespeichert in T:\DLR\Analysis3\Output\NasaFlood\Lake_14201.0_None.csv
2025-10-25 18:57:31,404 - INFO - See 14206.0 (None) gespeichert in T:\DLR\Analysis3\Output\NasaFlood\Lake_14206.0_None.csv
2025-10-25 18:57:31,410 - INFO - See 14208.0 (None) gespeichert in T:\DLR\Analysis3\Output\NasaFlood\Lake_14208.0_None.csv
2025-10-25 18:57:31,416 - INFO - See 14219.0 (None) gespeichert in T:\DLR\Analysis3\Output\NasaFlood\Lake_14219.0_None.csv
2025-10-25 18:57:31,422 - INFO - See 14224.0 (None) gespeichert in T:\DLR\Analysis3\Output\NasaFlood\Lake_14224.0_None.csv
2025-10-25 18:57:31,428 - INFO - See 14225.0 (None) gespeichert in T:\DLR\Analysis3\Output\NasaFlood\Lake_14225.0_None.csv
2025-10-25 18:57:31,432 - INFO - See 14231.0 (None) gespeichert in T:\DLR\Analysis3\Output\NasaFlood\Lake_14231.0_None.csv
2025-10-25 18:57:31,435 - INFO - See 14236.0 (None) gespeichert in T:\DLR\Analysis3\Output\NasaFlood\Lake_14236.0_None.csv
2025-10-25 18:57:31,439 - INFO - See 14237.0 (None) gespeichert in T:\DLR\Analysis3\Output\NasaFlood\Lake_14237.0_None.csv
2025-10-25 18:57:31,443 - INFO - See 14245.0 (None) gespeichert in T:\DLR\Analysis3\Output\NasaFlood\Lake_14245.0_None.csv
2025-10-25 18:57:31,447 - INFO - See 14248.0 (None) gespeichert in T:\DLR\Analysis3\Output\NasaFlood\Lake_14248.0_None.csv
2025-10-25 18:57:31,453 - INFO - See 14249.0 (None) gespeichert in T:\DLR\Analysis3\Output\NasaFlood\Lake_14249.0_None.csv
2025-10-25 18:57:31,457 - INFO - See 14254.0 (None) gespeichert in T:\DLR\Analysis3\Output\NasaFlood\Lake_14254.0_None.csv
2025-10-25 18:57:31,461 - INFO - See 14258.0 (None) gespeichert in T:\DLR\Analysis3\Output\NasaFlood\Lake_14258.0_None.csv
2025-10-25 18:57:31,465 - INFO - See 14262.0 (None) gespeichert in T:\DLR\Analysis3\Output\NasaFlood\Lake_14262.0_None.csv
2025-10-25 18:57:31,469 - INFO - See 14263.0 (None) gespeichert in T:\DLR\Analysis3\Output\NasaFlood\Lake_14263.0_None.csv
2025-10-25 18:57:31,472 - INFO - See 14270.0 (None) gespeichert in T:\DLR\Analysis3\Output\NasaFlood\Lake_14270.0_None.csv
2025-10-25 18:57:31,476 - INFO - See 14273.0 (None) gespeichert in T:\DLR\Analysis3\Output\NasaFlood\Lake_14273.0_None.csv
2025-10-25 18:57:31,482 - INFO - See 14274.0 (None) gespeichert in T:\DLR\Analysis3\Output\NasaFlood\Lake_14274.0_None.csv
2025-10-25 18:57:31,487 - INFO - See 14277.0 (None) gespeichert in T:\DLR\Analysis3\Output\NasaFlood\Lake_14277.0_None.csv
2025-10-25 18:57:31,491 - INFO - See 14279.0 (None) gespeichert in T:\DLR\Analysis3\Output\NasaFlood\Lake_14279.0_None.csv
2025-10-25 18:57:31,494 - INFO - See 14280.0 (None) gespeichert in T:\DLR\Analysis3\Output\NasaFlood\Lake_14280.0_None.csv
2025-10-25 18:57:31,498 - INFO - See 14282.0 (None) gespeichert in T:\DLR\Analysis3\Output\NasaFlood\Lake_14282.0_None.csv
2025-10-25 18:57:31,502 - INFO - See 14283.0 (None) gespeichert in T:\DLR\Analysis3\Output\NasaFlood\Lake_14283.0_None.csv
2025-10-25 18:57:31,507 - INFO - See 14294.0 (None) gespeichert in T:\DLR\Analysis3\Output\NasaFlood\Lake_14294.0_None.csv
2025-10-25 18:57:31,514 - INFO - See 14300.0 (None) gespeichert in T:\DLR\Analysis3\Output\NasaFlood\Lake_14300.0_None.csv
2025-10-25 18:57:31,517 - INFO - See 14314.0 (None) gespeichert in T:\DLR\Analysis3\Output\NasaFlood\Lake_14314.0_None.csv
2025-10-25 18:57:31,520 - INFO - See 14323.0 (None) gespeichert in T:\DLR\Analysis3\Output\NasaFlood\Lake_14323.0_None.csv
2025-10-25 18:57:31,526 - INFO - See 14324.0 (None) gespeichert in T:\DLR\Analysis3\Output\NasaFlood\Lake_14324.0_None.csv
2025-10-25 18:57:31,530 - INFO - See 14326.0 (None) gespeichert in T:\DLR\Analysis3\Output\NasaFlood\Lake_14326.0_None.csv
2025-10-25 18:57:31,533 - INFO - See 14335.0 (None) gespeichert in T:\DLR\Analysis3\Output\NasaFlood\Lake_14335.0_None.csv
2025-10-25 18:57:31,538 - INFO - See 14337.0 (None) gespeichert in T:\DLR\Analysis3\Output\NasaFlood\Lake_14337.0_None.csv
2025-10-25 18:57:31,544 - INFO - See 14339.0 (None) gespeichert in T:\DLR\Analysis3\Output\NasaFlood\Lake_14339.0_None.csv
2025-10-25 18:57:31,548 - INFO - See 14344.0 (None) gespeichert in T:\DLR\Analysis3\Output\NasaFlood\Lake_14344.0_None.csv
2025-10-25 18:57:31,551 - INFO - See 14348.0 (None) gespeichert in T:\DLR\Analysis3\Output\NasaFlood\Lake_14348.0_None.csv
2025-10-25 18:57:31,555 - INFO - See 14355.0 (None) gespeichert in T:\DLR\Analysis3\Output\NasaFlood\Lake_14355.0_None.csv
2025-10-25 18:57:31,559 - INFO - See 14361.0 (None) gespeichert in T:\DLR\Analysis3\Output\NasaFlood\Lake_14361.0_None.csv
2025-10-25 18:57:31,566 - INFO - See 14367.0 (None) gespeichert in T:\DLR\Analysis3\Output\NasaFlood\Lake_14367.0_None.csv
2025-10-25 18:57:31,569 - INFO - See 14368.0 (None) gespeichert in T:\DLR\Analysis3\Output\NasaFlood\Lake_14368.0_None.csv
2025-10-25 18:57:31,574 - INFO - See 14369.0 (None) gespeichert in T:\DLR\Analysis3\Output\NasaFlood\Lake_14369.0_None.csv
2025-10-25 18:57:31,578 - INFO - See 14373.0 (None) gespeichert in T:\DLR\Analysis3\Output\NasaFlood\Lake_14373.0_None.csv
2025-10-25 18:57:31,584 - INFO - See 14378.0 (None) gespeichert in T:\DLR\Analysis3\Output\NasaFlood\Lake_14378.0_None.csv
2025-10-25 18:57:31,588 - INFO - See 14382.0 (None) gespeichert in T:\DLR\Analysis3\Output\NasaFlood\Lake_14382.0_None.csv
2025-10-25 18:57:31,593 - INFO - See 14384.0 (None) gespeichert in T:\DLR\Analysis3\Output\NasaFlood\Lake_14384.0_None.csv
2025-10-25 18:57:31,596 - INFO - See 14391.0 (None) gespeichert in T:\DLR\Analysis3\Output\NasaFlood\Lake_14391.0_None.csv
2025-10-25 18:57:31,600 - INFO - See 14399.0 (None) gespeichert in T:\DLR\Analysis3\Output\NasaFlood\Lake_14399.0_None.csv
2025-10-25 18:57:31,606 - INFO - See 14414.0 (None) gespeichert in T:\DLR\Analysis3\Output\NasaFlood\Lake_14414.0_None.csv
2025-10-25 18:57:31,610 - INFO - See 14420.0 (None) gespeichert in T:\DLR\Analysis3\Output\NasaFlood\Lake_14420.0_None.csv
2025-10-25 18:57:31,616 - INFO - See 14422.0 (None) gespeichert in T:\DLR\Analysis3\Output\NasaFlood\Lake_14422.0_None.csv
2025-10-25 18:57:31,621 - INFO - See 14429.0 (None) gespeichert in T:\DLR\Analysis3\Output\NasaFlood\Lake_14429.0_None.csv
2025-10-25 18:57:31,625 - INFO - See 14431.0 (None) gespeichert in T:\DLR\Analysis3\Output\NasaFlood\Lake_14431.0_None.csv
2025-10-25 18:57:31,630 - INFO - See 14449.0 (None) gespeichert in T:\DLR\Analysis3\Output\NasaFlood\Lake_14449.0_None.csv
2025-10-25 18:57:31,637 - INFO - See 14454.0 (None) gespeichert in T:\DLR\Analysis3\Output\NasaFlood\Lake_14454.0_None.csv
2025-10-25 18:57:31,643 - INFO - See 14462.0 (None) gespeichert in T:\DLR\Analysis3\Output\NasaFlood\Lake_14462.0_None.csv
2025-10-25 18:57:31,647 - INFO - See 14463.0 (None) gespeichert in T:\DLR\Analysis3\Output\NasaFlood\Lake_14463.0_None.csv
2025-10-25 18:57:31,651 - INFO - See 14472.0 (None) gespeichert in T:\DLR\Analysis3\Output\NasaFlood\Lake_14472.0_None.csv
2025-10-25 18:57:31,656 - INFO - See 14475.0 (None) gespeichert in T:\DLR\Analysis3\Output\NasaFlood\Lake_14475.0_None.csv
2025-10-25 18:57:31,662 - INFO - See 14482.0 (None) gespeichert in T:\DLR\Analysis3\Output\NasaFlood\Lake_14482.0_None.csv
2025-10-25 18:57:31,667 - INFO - See 14490.0 (None) gespeichert in T:\DLR\Analysis3\Output\NasaFlood\Lake_14490.0_None.csv
2025-10-25 18:57:31,671 - INFO - See 14492.0 (None) gespeichert in T:\DLR\Analysis3\Output\NasaFlood\Lake_14492.0_None.csv
2025-10-25 18:57:31,677 - INFO - See 14493.0 (None) gespeichert in T:\DLR\Analysis3\Output\NasaFlood\Lake_14493.0_None.csv
2025-10-25 18:57:31,683 - INFO - See 14495.0 (None) gespeichert in T:\DLR\Analysis3\Output\NasaFlood\Lake_14495.0_None.csv
2025-10-25 18:57:31,687 - INFO - See 14497.0 (None) gespeichert in T:\DLR\Analysis3\Output\NasaFlood\Lake_14497.0_None.csv
2025-10-25 18:57:31,693 - INFO - See 14498.0 (None) gespeichert in T:\DLR\Analysis3\Output\NasaFlood\Lake_14498.0_None.csv
2025-10-25 18:57:31,696 - INFO - See 14502.0 (None) gespeichert in T:\DLR\Analysis3\Output\NasaFlood\Lake_14502.0_None.csv
2025-10-25 18:57:31,700 - INFO - See 14515.0 (None) gespeichert in T:\DLR\Analysis3\Output\NasaFlood\Lake_14515.0_None.csv
2025-10-25 18:57:31,703 - INFO - See 14516.0 (None) gespeichert in T:\DLR\Analysis3\Output\NasaFlood\Lake_14516.0_None.csv
2025-10-25 18:57:31,707 - INFO - See 14517.0 (None) gespeichert in T:\DLR\Analysis3\Output\NasaFlood\Lake_14517.0_None.csv
2025-10-25 18:57:31,711 - INFO - See 14518.0 (None) gespeichert in T:\DLR\Analysis3\Output\NasaFlood\Lake_14518.0_None.csv
2025-10-25 18:57:31,718 - INFO - See 14522.0 (None) gespeichert in T:\DLR\Analysis3\Output\NasaFlood\Lake_14522.0_None.csv
2025-10-25 18:57:31,724 - INFO - See 14528.0 (None) gespeichert in T:\DLR\Analysis3\Output\NasaFlood\Lake_14528.0_None.csv
2025-10-25 18:57:31,729 - INFO - See 14537.0 (None) gespeichert in T:\DLR\Analysis3\Output\NasaFlood\Lake_14537.0_None.csv
2025-10-25 18:57:31,734 - INFO - See 14539.0 (None) gespeichert in T:\DLR\Analysis3\Output\NasaFlood\Lake_14539.0_None.csv
2025-10-25 18:57:31,738 - INFO - See 14545.0 (None) gespeichert in T:\DLR\Analysis3\Output\NasaFlood\Lake_14545.0_None.csv
2025-10-25 18:57:31,742 - INFO - See 14547.0 (None) gespeichert in T:\DLR\Analysis3\Output\NasaFlood\Lake_14547.0_None.csv
2025-10-25 18:57:31,745 - INFO - See 14558.0 (None) gespeichert in T:\DLR\Analysis3\Output\NasaFlood\Lake_14558.0_None.csv
2025-10-25 18:57:31,753 - INFO - See 14560.0 (None) gespeichert in T:\DLR\Analysis3\Output\NasaFlood\Lake_14560.0_None.csv
2025-10-25 18:57:31,756 - INFO - See 14561.0 (None) gespeichert in T:\DLR\Analysis3\Output\NasaFlood\Lake_14561.0_None.csv
2025-10-25 18:57:31,765 - INFO - See 14563.0 (None) gespeichert in T:\DLR\Analysis3\Output\NasaFlood\Lake_14563.0_None.csv
2025-10-25 18:57:31,772 - INFO - See 14564.0 (None) gespeichert in T:\DLR\Analysis3\Output\NasaFlood\Lake_14564.0_None.csv
2025-10-25 18:57:31,776 - INFO - See 14585.0 (None) gespeichert in T:\DLR\Analysis3\Output\NasaFlood\Lake_14585.0_None.csv
2025-10-25 18:57:31,781 - INFO - See 14590.0 (None) gespeichert in T:\DLR\Analysis3\Output\NasaFlood\Lake_14590.0_None.csv
2025-10-25 18:57:31,785 - INFO - See 14591.0 (None) gespeichert in T:\DLR\Analysis3\Output\NasaFlood\Lake_14591.0_None.csv
2025-10-25 18:57:31,788 - INFO - See 14610.0 (None) gespeichert in T:\DLR\Analysis3\Output\NasaFlood\Lake_14610.0_None.csv
2025-10-25 18:57:31,792 - INFO - See 14642.0 (None) gespeichert in T:\DLR\Analysis3\Output\NasaFlood\Lake_14642.0_None.csv
2025-10-25 18:57:31,796 - INFO - See 14678.0 (None) gespeichert in T:\DLR\Analysis3\Output\NasaFlood\Lake_14678.0_None.csv
2025-10-25 18:57:31,800 - INFO - See 14682.0 (Hazar) gespeichert in T:\DLR\Analysis3\Output\NasaFlood\Lake_14682.0_Hazar.csv
2025-10-25 18:57:31,804 - INFO - See 14693.0 (None) gespeichert in T:\DLR\Analysis3\Output\NasaFlood\Lake_14693.0_None.csv
2025-10-25 18:57:31,808 - INFO - See 14695.0 (None) gespeichert in T:\DLR\Analysis3\Output\NasaFlood\Lake_14695.0_None.csv
2025-10-25 18:57:31,812 - INFO - See 14698.0 (None) gespeichert in T:\DLR\Analysis3\Output\NasaFlood\Lake_14698.0_None.csv
2025-10-25 18:57:31,815 - INFO - See 14719.0 (Adiyaman) gespeichert in T:\DLR\Analysis3\Output\NasaFlood\Lake_14719.0_Adiyaman.csv
2025-10-25 18:57:31,819 - INFO - See 14720.0 (None) gespeichert in T:\DLR\Analysis3\Output\NasaFlood\Lake_14720.0_None.csv
2025-10-25 18:57:31,822 - INFO - See 14736.0 (None) gespeichert in T:\DLR\Analysis3\Output\NasaFlood\Lake_14736.0_None.csv
2025-10-25 18:57:31,826 - INFO - See 14747.0 (None) gespeichert in T:\DLR\Analysis3\Output\NasaFlood\Lake_14747.0_None.csv
2025-10-25 18:57:31,830 - INFO - See 14756.0 (None) gespeichert in T:\DLR\Analysis3\Output\NasaFlood\Lake_14756.0_None.csv
2025-10-25 18:57:31,833 - INFO - See 14763.0 (None) gespeichert in T:\DLR\Analysis3\Output\NasaFlood\Lake_14763.0_None.csv
2025-10-25 18:57:31,837 - INFO - See 14767.0 (None) gespeichert in T:\DLR\Analysis3\Output\NasaFlood\Lake_14767.0_None.csv
2025-10-25 18:57:31,840 - INFO - See 14782.0 (None) gespeichert in T:\DLR\Analysis3\Output\NasaFlood\Lake_14782.0_None.csv
2025-10-25 18:57:31,844 - INFO - See 14784.0 (None) gespeichert in T:\DLR\Analysis3\Output\NasaFlood\Lake_14784.0_None.csv
2025-10-25 18:57:31,848 - INFO - See 14798.0 (None) gespeichert in T:\DLR\Analysis3\Output\NasaFlood\Lake_14798.0_None.csv
2025-10-25 18:57:31,851 - INFO - See 14801.0 (None) gespeichert in T:\DLR\Analysis3\Output\NasaFlood\Lake_14801.0_None.csv
2025-10-25 18:57:31,855 - INFO - See 14813.0 (None) gespeichert in T:\DLR\Analysis3\Output\NasaFlood\Lake_14813.0_None.csv
2025-10-25 18:57:31,859 - INFO - See 14819.0 (None) gespeichert in T:\DLR\Analysis3\Output\NasaFlood\Lake_14819.0_None.csv
2025-10-25 18:57:31,863 - INFO - See 14854.0 (None) gespeichert in T:\DLR\Analysis3\Output\NasaFlood\Lake_14854.0_None.csv
2025-10-25 18:57:31,867 - INFO - See 14949.0 (Lake Qattinah) gespeichert in T:\DLR\Analysis3\Output\NasaFlood\Lake_14949.0_Lake Qattinah.csv
2025-10-25 18:57:31,871 - INFO - See 15193.0 (None) gespeichert in T:\DLR\Analysis3\Output\NasaFlood\Lake_15193.0_None.csv
2025-10-25 18:57:31,874 - INFO - See 15200.0 (None) gespeichert in T:\DLR\Analysis3\Output\NasaFlood\Lake_15200.0_None.csv
2025-10-25 18:57:31,878 - INFO - See 15203.0 (None) gespeichert in T:\DLR\Analysis3\Output\NasaFlood\Lake_15203.0_None.csv
2025-10-25 18:57:31,882 - INFO - See 15213.0 (None) gespeichert in T:\DLR\Analysis3\Output\NasaFlood\Lake_15213.0_None.csv
2025-10-25 18:57:31,886 - INFO - See 15221.0 (None) gespeichert in T:\DLR\Analysis3\Output\NasaFlood\Lake_15221.0_None.csv
2025-10-25 18:57:31,889 - INFO - See 15225.0 (None) gespeichert in T:\DLR\Analysis3\Output\NasaFlood\Lake_15225.0_None.csv
2025-10-25 18:57:31,893 - INFO - See 15226.0 (None) gespeichert in T:\DLR\Analysis3\Output\NasaFlood\Lake_15226.0_None.csv
2025-10-25 18:57:31,897 - INFO - See 15227.0 (None) gespeichert in T:\DLR\Analysis3\Output\NasaFlood\Lake_15227.0_None.csv
2025-10-25 18:57:31,901 - INFO - See 15229.0 (None) gespeichert in T:\DLR\Analysis3\Output\NasaFlood\Lake_15229.0_None.csv
2025-10-25 18:57:31,905 - INFO - See 15231.0 (None) gespeichert in T:\DLR\Analysis3\Output\NasaFlood\Lake_15231.0_None.csv
2025-10-25 18:57:31,910 - INFO - See 15235.0 (None) gespeichert in T:\DLR\Analysis3\Output\NasaFlood\Lake_15235.0_None.csv
2025-10-25 18:57:31,914 - INFO - See 15237.0 (None) gespeichert in T:\DLR\Analysis3\Output\NasaFlood\Lake_15237.0_None.csv
2025-10-25 18:57:31,919 - INFO - See 15322.0 (None) gespeichert in T:\DLR\Analysis3\Output\NasaFlood\Lake_15322.0_None.csv
2025-10-25 18:57:31,925 - INFO - See 15325.0 (None) gespeichert in T:\DLR\Analysis3\Output\NasaFlood\Lake_15325.0_None.csv
2025-10-25 18:57:31,930 - INFO - See 15326.0 (None) gespeichert in T:\DLR\Analysis3\Output\NasaFlood\Lake_15326.0_None.csv
2025-10-25 18:57:31,935 - INFO - See 15327.0 (None) gespeichert in T:\DLR\Analysis3\Output\NasaFlood\Lake_15327.0_None.csv
2025-10-25 18:57:31,939 - INFO - See 15328.0 (None) gespeichert in T:\DLR\Analysis3\Output\NasaFlood\Lake_15328.0_None.csv
2025-10-25 18:57:31,943 - INFO - See 15329.0 (None) gespeichert in T:\DLR\Analysis3\Output\NasaFlood\Lake_15329.0_None.csv
2025-10-25 18:57:31,947 - INFO - See 15331.0 (None) gespeichert in T:\DLR\Analysis3\Output\NasaFlood\Lake_15331.0_None.csv
2025-10-25 18:57:31,950 - INFO - See 15332.0 (None) gespeichert in T:\DLR\Analysis3\Output\NasaFlood\Lake_15332.0_None.csv
2025-10-25 18:57:31,954 - INFO - See 15333.0 (None) gespeichert in T:\DLR\Analysis3\Output\NasaFlood\Lake_15333.0_None.csv
2025-10-25 18:57:31,958 - INFO - See 15334.0 (None) gespeichert in T:\DLR\Analysis3\Output\NasaFlood\Lake_15334.0_None.csv
2025-10-25 18:57:31,963 - INFO - See 15335.0 (None) gespeichert in T:\DLR\Analysis3\Output\NasaFlood\Lake_15335.0_None.csv
2025-10-25 18:57:31,968 - INFO - See 15336.0 (None) gespeichert in T:\DLR\Analysis3\Output\NasaFlood\Lake_15336.0_None.csv
2025-10-25 18:57:31,971 - INFO - See 15337.0 (None) gespeichert in T:\DLR\Analysis3\Output\NasaFlood\Lake_15337.0_None.csv
2025-10-25 18:57:31,975 - INFO - See 15338.0 (None) gespeichert in T:\DLR\Analysis3\Output\NasaFlood\Lake_15338.0_None.csv
2025-10-25 18:57:31,979 - INFO - See 15340.0 (None) gespeichert in T:\DLR\Analysis3\Output\NasaFlood\Lake_15340.0_None.csv
2025-10-25 18:57:31,983 - INFO - See 15341.0 (None) gespeichert in T:\DLR\Analysis3\Output\NasaFlood\Lake_15341.0_None.csv
2025-10-25 18:57:31,987 - INFO - See 15342.0 (None) gespeichert in T:\DLR\Analysis3\Output\NasaFlood\Lake_15342.0_None.csv
2025-10-25 18:57:31,990 - INFO - See 15343.0 (None) gespeichert in T:\DLR\Analysis3\Output\NasaFlood\Lake_15343.0_None.csv
2025-10-25 18:57:31,994 - INFO - See 15344.0 (None) gespeichert in T:\DLR\Analysis3\Output\NasaFlood\Lake_15344.0_None.csv
2025-10-25 18:57:31,998 - INFO - See 15345.0 (None) gespeichert in T:\DLR\Analysis3\Output\NasaFlood\Lake_15345.0_None.csv
2025-10-25 18:57:32,002 - INFO - See 15346.0 (None) gespeichert in T:\DLR\Analysis3\Output\NasaFlood\Lake_15346.0_None.csv
2025-10-25 18:57:32,006 - INFO - See 15347.0 (None) gespeichert in T:\DLR\Analysis3\Output\NasaFlood\Lake_15347.0_None.csv
2025-10-25 18:57:32,010 - INFO - See 15348.0 (None) gespeichert in T:\DLR\Analysis3\Output\NasaFlood\Lake_15348.0_None.csv
2025-10-25 18:57:32,014 - INFO - See 15349.0 (None) gespeichert in T:\DLR\Analysis3\Output\NasaFlood\Lake_15349.0_None.csv
2025-10-25 18:57:32,017 - INFO - See 15350.0 (None) gespeichert in T:\DLR\Analysis3\Output\NasaFlood\Lake_15350.0_None.csv
2025-10-25 18:57:32,022 - INFO - See 15351.0 (None) gespeichert in T:\DLR\Analysis3\Output\NasaFlood\Lake_15351.0_None.csv
2025-10-25 18:57:32,027 - INFO - See 15352.0 (None) gespeichert in T:\DLR\Analysis3\Output\NasaFlood\Lake_15352.0_None.csv
2025-10-25 18:57:32,031 - INFO - See 15353.0 (None) gespeichert in T:\DLR\Analysis3\Output\NasaFlood\Lake_15353.0_None.csv
2025-10-25 18:57:32,035 - INFO - See 15355.0 (None) gespeichert in T:\DLR\Analysis3\Output\NasaFlood\Lake_15355.0_None.csv
2025-10-25 18:57:32,039 - INFO - See 15357.0 (None) gespeichert in T:\DLR\Analysis3\Output\NasaFlood\Lake_15357.0_None.csv
2025-10-25 18:57:32,043 - INFO - See 15358.0 (None) gespeichert in T:\DLR\Analysis3\Output\NasaFlood\Lake_15358.0_None.csv
2025-10-25 18:57:32,047 - INFO - See 15359.0 (None) gespeichert in T:\DLR\Analysis3\Output\NasaFlood\Lake_15359.0_None.csv
2025-10-25 18:57:32,051 - INFO - See 15362.0 (None) gespeichert in T:\DLR\Analysis3\Output\NasaFlood\Lake_15362.0_None.csv
2025-10-25 18:57:32,054 - INFO - See 15364.0 (None) gespeichert in T:\DLR\Analysis3\Output\NasaFlood\Lake_15364.0_None.csv
2025-10-25 18:57:32,058 - INFO - See 15365.0 (None) gespeichert in T:\DLR\Analysis3\Output\NasaFlood\Lake_15365.0_None.csv
2025-10-25 18:57:32,062 - INFO - See 15367.0 (None) gespeichert in T:\DLR\Analysis3\Output\NasaFlood\Lake_15367.0_None.csv
2025-10-25 18:57:32,066 - INFO - See 15368.0 (None) gespeichert in T:\DLR\Analysis3\Output\NasaFlood\Lake_15368.0_None.csv
2025-10-25 18:57:32,070 - INFO - See 15369.0 (None) gespeichert in T:\DLR\Analysis3\Output\NasaFlood\Lake_15369.0_None.csv
2025-10-25 18:57:32,074 - INFO - See 15372.0 (None) gespeichert in T:\DLR\Analysis3\Output\NasaFlood\Lake_15372.0_None.csv
2025-10-25 18:57:32,079 - INFO - See 15377.0 (None) gespeichert in T:\DLR\Analysis3\Output\NasaFlood\Lake_15377.0_None.csv
2025-10-25 18:57:32,082 - INFO - See 15381.0 (None) gespeichert in T:\DLR\Analysis3\Output\NasaFlood\Lake_15381.0_None.csv
2025-10-25 18:57:32,087 - INFO - See 15382.0 (None) gespeichert in T:\DLR\Analysis3\Output\NasaFlood\Lake_15382.0_None.csv
2025-10-25 18:57:32,091 - INFO - See 15383.0 (None) gespeichert in T:\DLR\Analysis3\Output\NasaFlood\Lake_15383.0_None.csv
2025-10-25 18:57:32,094 - INFO - See 15384.0 (None) gespeichert in T:\DLR\Analysis3\Output\NasaFlood\Lake_15384.0_None.csv
2025-10-25 18:57:32,098 - INFO - See 15385.0 (None) gespeichert in T:\DLR\Analysis3\Output\NasaFlood\Lake_15385.0_None.csv
2025-10-25 18:57:32,103 - INFO - See 15386.0 (None) gespeichert in T:\DLR\Analysis3\Output\NasaFlood\Lake_15386.0_None.csv
2025-10-25 18:57:32,107 - INFO - See 15388.0 (None) gespeichert in T:\DLR\Analysis3\Output\NasaFlood\Lake_15388.0_None.csv
2025-10-25 18:57:32,111 - INFO - See 15389.0 (None) gespeichert in T:\DLR\Analysis3\Output\NasaFlood\Lake_15389.0_None.csv
2025-10-25 18:57:32,114 - INFO - See 15390.0 (None) gespeichert in T:\DLR\Analysis3\Output\NasaFlood\Lake_15390.0_None.csv
2025-10-25 18:57:32,118 - INFO - See 15391.0 (None) gespeichert in T:\DLR\Analysis3\Output\NasaFlood\Lake_15391.0_None.csv
2025-10-25 18:57:32,122 - INFO - See 15393.0 (None) gespeichert in T:\DLR\Analysis3\Output\NasaFlood\Lake_15393.0_None.csv
2025-10-25 18:57:32,126 - INFO - See 15395.0 (None) gespeichert in T:\DLR\Analysis3\Output\NasaFlood\Lake_15395.0_None.csv
2025-10-25 18:57:32,130 - INFO - See 15396.0 (None) gespeichert in T:\DLR\Analysis3\Output\NasaFlood\Lake_15396.0_None.csv
2025-10-25 18:57:32,134 - INFO - See 15397.0 (None) gespeichert in T:\DLR\Analysis3\Output\NasaFlood\Lake_15397.0_None.csv
2025-10-25 18:57:32,137 - INFO - See 15398.0 (None) gespeichert in T:\DLR\Analysis3\Output\NasaFlood\Lake_15398.0_None.csv
2025-10-25 18:57:32,141 - INFO - See 15400.0 (None) gespeichert in T:\DLR\Analysis3\Output\NasaFlood\Lake_15400.0_None.csv
2025-10-25 18:57:32,144 - INFO - See 15401.0 (None) gespeichert in T:\DLR\Analysis3\Output\NasaFlood\Lake_15401.0_None.csv
2025-10-25 18:57:32,148 - INFO - See 15402.0 (None) gespeichert in T:\DLR\Analysis3\Output\NasaFlood\Lake_15402.0_None.csv
2025-10-25 18:57:32,152 - INFO - See 15403.0 (None) gespeichert in T:\DLR\Analysis3\Output\NasaFlood\Lake_15403.0_None.csv
2025-10-25 18:57:32,156 - INFO - See 15404.0 (None) gespeichert in T:\DLR\Analysis3\Output\NasaFlood\Lake_15404.0_None.csv
2025-10-25 18:57:32,160 - INFO - See 15405.0 (None) gespeichert in T:\DLR\Analysis3\Output\NasaFlood\Lake_15405.0_None.csv
2025-10-25 18:57:32,164 - INFO - See 15406.0 (None) gespeichert in T:\DLR\Analysis3\Output\NasaFlood\Lake_15406.0_None.csv
2025-10-25 18:57:32,168 - INFO - See 15407.0 (None) gespeichert in T:\DLR\Analysis3\Output\NasaFlood\Lake_15407.0_None.csv
2025-10-25 18:57:32,172 - INFO - See 15408.0 (None) gespeichert in T:\DLR\Analysis3\Output\NasaFlood\Lake_15408.0_None.csv
2025-10-25 18:57:32,176 - INFO - See 15409.0 (None) gespeichert in T:\DLR\Analysis3\Output\NasaFlood\Lake_15409.0_None.csv
2025-10-25 18:57:32,180 - INFO - See 15410.0 (None) gespeichert in T:\DLR\Analysis3\Output\NasaFlood\Lake_15410.0_None.csv
2025-10-25 18:57:32,183 - INFO - See 15412.0 (None) gespeichert in T:\DLR\Analysis3\Output\NasaFlood\Lake_15412.0_None.csv
2025-10-25 18:57:32,187 - INFO - See 15413.0 (None) gespeichert in T:\DLR\Analysis3\Output\NasaFlood\Lake_15413.0_None.csv
2025-10-25 18:57:32,191 - INFO - See 15415.0 (None) gespeichert in T:\DLR\Analysis3\Output\NasaFlood\Lake_15415.0_None.csv
2025-10-25 18:57:32,195 - INFO - See 15416.0 (None) gespeichert in T:\DLR\Analysis3\Output\NasaFlood\Lake_15416.0_None.csv
2025-10-25 18:57:32,198 - INFO - See 15417.0 (None) gespeichert in T:\DLR\Analysis3\Output\NasaFlood\Lake_15417.0_None.csv
2025-10-25 18:57:32,201 - INFO - See 15418.0 (None) gespeichert in T:\DLR\Analysis3\Output\NasaFlood\Lake_15418.0_None.csv
2025-10-25 18:57:32,205 - INFO - See 15419.0 (None) gespeichert in T:\DLR\Analysis3\Output\NasaFlood\Lake_15419.0_None.csv
2025-10-25 18:57:32,209 - INFO - See 15420.0 (None) gespeichert in T:\DLR\Analysis3\Output\NasaFlood\Lake_15420.0_None.csv
2025-10-25 18:57:32,213 - INFO - See 15421.0 (None) gespeichert in T:\DLR\Analysis3\Output\NasaFlood\Lake_15421.0_None.csv
2025-10-25 18:57:32,216 - INFO - See 15422.0 (None) gespeichert in T:\DLR\Analysis3\Output\NasaFlood\Lake_15422.0_None.csv
2025-10-25 18:57:32,220 - INFO - See 15423.0 (None) gespeichert in T:\DLR\Analysis3\Output\NasaFlood\Lake_15423.0_None.csv
2025-10-25 18:57:32,224 - INFO - See 15424.0 (None) gespeichert in T:\DLR\Analysis3\Output\NasaFlood\Lake_15424.0_None.csv
2025-10-25 18:57:32,228 - INFO - See 15426.0 (None) gespeichert in T:\DLR\Analysis3\Output\NasaFlood\Lake_15426.0_None.csv
2025-10-25 18:57:32,232 - INFO - See 15427.0 (None) gespeichert in T:\DLR\Analysis3\Output\NasaFlood\Lake_15427.0_None.csv
2025-10-25 18:57:32,236 - INFO - See 15429.0 (None) gespeichert in T:\DLR\Analysis3\Output\NasaFlood\Lake_15429.0_None.csv
2025-10-25 18:57:32,239 - INFO - See 15430.0 (None) gespeichert in T:\DLR\Analysis3\Output\NasaFlood\Lake_15430.0_None.csv
2025-10-25 18:57:32,243 - INFO - See 15432.0 (None) gespeichert in T:\DLR\Analysis3\Output\NasaFlood\Lake_15432.0_None.csv
2025-10-25 18:57:32,247 - INFO - See 15433.0 (None) gespeichert in T:\DLR\Analysis3\Output\NasaFlood\Lake_15433.0_None.csv
2025-10-25 18:57:32,251 - INFO - See 15435.0 (None) gespeichert in T:\DLR\Analysis3\Output\NasaFlood\Lake_15435.0_None.csv
2025-10-25 18:57:32,254 - INFO - See 15439.0 (None) gespeichert in T:\DLR\Analysis3\Output\NasaFlood\Lake_15439.0_None.csv
2025-10-25 18:57:32,258 - INFO - See 15443.0 (None) gespeichert in T:\DLR\Analysis3\Output\NasaFlood\Lake_15443.0_None.csv
2025-10-25 18:57:32,262 - INFO - See 15444.0 (None) gespeichert in T:\DLR\Analysis3\Output\NasaFlood\Lake_15444.0_None.csv
2025-10-25 18:57:32,267 - INFO - See 15448.0 (None) gespeichert in T:\DLR\Analysis3\Output\NasaFlood\Lake_15448.0_None.csv
2025-10-25 18:57:32,270 - INFO - See 15451.0 (None) gespeichert in T:\DLR\Analysis3\Output\NasaFlood\Lake_15451.0_None.csv
2025-10-25 18:57:32,274 - INFO - See 15452.0 (None) gespeichert in T:\DLR\Analysis3\Output\NasaFlood\Lake_15452.0_None.csv
2025-10-25 18:57:32,279 - INFO - See 15453.0 (None) gespeichert in T:\DLR\Analysis3\Output\NasaFlood\Lake_15453.0_None.csv
2025-10-25 18:57:32,283 - INFO - See 15457.0 (None) gespeichert in T:\DLR\Analysis3\Output\NasaFlood\Lake_15457.0_None.csv
2025-10-25 18:57:32,287 - INFO - See 15459.0 (None) gespeichert in T:\DLR\Analysis3\Output\NasaFlood\Lake_15459.0_None.csv
2025-10-25 18:57:32,290 - INFO - See 15461.0 (None) gespeichert in T:\DLR\Analysis3\Output\NasaFlood\Lake_15461.0_None.csv
2025-10-25 18:57:32,294 - INFO - See 15462.0 (None) gespeichert in T:\DLR\Analysis3\Output\NasaFlood\Lake_15462.0_None.csv
2025-10-25 18:57:32,298 - INFO - See 15465.0 (None) gespeichert in T:\DLR\Analysis3\Output\NasaFlood\Lake_15465.0_None.csv
2025-10-25 18:57:32,302 - INFO - See 15467.0 (None) gespeichert in T:\DLR\Analysis3\Output\NasaFlood\Lake_15467.0_None.csv
2025-10-25 18:57:32,306 - INFO - See 15468.0 (None) gespeichert in T:\DLR\Analysis3\Output\NasaFlood\Lake_15468.0_None.csv
2025-10-25 18:57:32,310 - INFO - See 15470.0 (None) gespeichert in T:\DLR\Analysis3\Output\NasaFlood\Lake_15470.0_None.csv
2025-10-25 18:57:32,314 - INFO - See 15471.0 (None) gespeichert in T:\DLR\Analysis3\Output\NasaFlood\Lake_15471.0_None.csv
2025-10-25 18:57:32,318 - INFO - See 15472.0 (None) gespeichert in T:\DLR\Analysis3\Output\NasaFlood\Lake_15472.0_None.csv
2025-10-25 18:57:32,321 - INFO - See 15473.0 (None) gespeichert in T:\DLR\Analysis3\Output\NasaFlood\Lake_15473.0_None.csv
2025-10-25 18:57:32,325 - INFO - See 15476.0 (None) gespeichert in T:\DLR\Analysis3\Output\NasaFlood\Lake_15476.0_None.csv
2025-10-25 18:57:32,329 - INFO - See 15478.0 (None) gespeichert in T:\DLR\Analysis3\Output\NasaFlood\Lake_15478.0_None.csv
2025-10-25 18:57:32,334 - INFO - See 15479.0 (None) gespeichert in T:\DLR\Analysis3\Output\NasaFlood\Lake_15479.0_None.csv
2025-10-25 18:57:32,338 - INFO - See 15481.0 (None) gespeichert in T:\DLR\Analysis3\Output\NasaFlood\Lake_15481.0_None.csv
2025-10-25 18:57:32,341 - INFO - See 15483.0 (None) gespeichert in T:\DLR\Analysis3\Output\NasaFlood\Lake_15483.0_None.csv
2025-10-25 18:57:32,345 - INFO - See 15487.0 (None) gespeichert in T:\DLR\Analysis3\Output\NasaFlood\Lake_15487.0_None.csv
2025-10-25 18:57:32,349 - INFO - See 15488.0 (None) gespeichert in T:\DLR\Analysis3\Output\NasaFlood\Lake_15488.0_None.csv
2025-10-25 18:57:32,353 - INFO - See 15492.0 (None) gespeichert in T:\DLR\Analysis3\Output\NasaFlood\Lake_15492.0_None.csv
2025-10-25 18:57:32,357 - INFO - See 15493.0 (None) gespeichert in T:\DLR\Analysis3\Output\NasaFlood\Lake_15493.0_None.csv
2025-10-25 18:57:32,361 - INFO - See 15497.0 (None) gespeichert in T:\DLR\Analysis3\Output\NasaFlood\Lake_15497.0_None.csv
2025-10-25 18:57:32,365 - INFO - See 15498.0 (None) gespeichert in T:\DLR\Analysis3\Output\NasaFlood\Lake_15498.0_None.csv
2025-10-25 18:57:32,369 - INFO - See 15499.0 (None) gespeichert in T:\DLR\Analysis3\Output\NasaFlood\Lake_15499.0_None.csv
2025-10-25 18:57:32,373 - INFO - See 15501.0 (None) gespeichert in T:\DLR\Analysis3\Output\NasaFlood\Lake_15501.0_None.csv
2025-10-25 18:57:32,377 - INFO - See 15503.0 (None) gespeichert in T:\DLR\Analysis3\Output\NasaFlood\Lake_15503.0_None.csv
2025-10-25 18:57:32,381 - INFO - See 15504.0 (None) gespeichert in T:\DLR\Analysis3\Output\NasaFlood\Lake_15504.0_None.csv
2025-10-25 18:57:32,385 - INFO - See 15505.0 (None) gespeichert in T:\DLR\Analysis3\Output\NasaFlood\Lake_15505.0_None.csv
2025-10-25 18:57:32,389 - INFO - See 15508.0 (None) gespeichert in T:\DLR\Analysis3\Output\NasaFlood\Lake_15508.0_None.csv
2025-10-25 18:57:32,392 - INFO - See 15510.0 (None) gespeichert in T:\DLR\Analysis3\Output\NasaFlood\Lake_15510.0_None.csv
2025-10-25 18:57:32,397 - INFO - See 15511.0 (None) gespeichert in T:\DLR\Analysis3\Output\NasaFlood\Lake_15511.0_None.csv
2025-10-25 18:57:32,401 - INFO - See 15513.0 (None) gespeichert in T:\DLR\Analysis3\Output\NasaFlood\Lake_15513.0_None.csv
2025-10-25 18:57:32,405 - INFO - See 15515.0 (None) gespeichert in T:\DLR\Analysis3\Output\NasaFlood\Lake_15515.0_None.csv
2025-10-25 18:57:32,409 - INFO - See 15520.0 (None) gespeichert in T:\DLR\Analysis3\Output\NasaFlood\Lake_15520.0_None.csv
2025-10-25 18:57:32,412 - INFO - See 15525.0 (None) gespeichert in T:\DLR\Analysis3\Output\NasaFlood\Lake_15525.0_None.csv
2025-10-25 18:57:32,416 - INFO - See 15526.0 (None) gespeichert in T:\DLR\Analysis3\Output\NasaFlood\Lake_15526.0_None.csv
2025-10-25 18:57:32,420 - INFO - See 15527.0 (None) gespeichert in T:\DLR\Analysis3\Output\NasaFlood\Lake_15527.0_None.csv
2025-10-25 18:57:32,425 - INFO - See 15528.0 (None) gespeichert in T:\DLR\Analysis3\Output\NasaFlood\Lake_15528.0_None.csv
2025-10-25 18:57:32,428 - INFO - See 15529.0 (None) gespeichert in T:\DLR\Analysis3\Output\NasaFlood\Lake_15529.0_None.csv
2025-10-25 18:57:32,432 - INFO - See 15530.0 (Maithon Reservoir) gespeichert in T:\DLR\Analysis3\Output\NasaFlood\Lake_15530.0_Maithon Reservoir.csv
2025-10-25 18:57:32,436 - INFO - See 15532.0 (None) gespeichert in T:\DLR\Analysis3\Output\NasaFlood\Lake_15532.0_None.csv
2025-10-25 18:57:32,440 - INFO - See 15534.0 (Panchet Hill Reservoir) gespeichert in T:\DLR\Analysis3\Output\NasaFlood\Lake_15534.0_Panchet Hill Reservoir.csv
2025-10-25 18:57:32,444 - INFO - See 15539.0 (None) gespeichert in T:\DLR\Analysis3\Output\NasaFlood\Lake_15539.0_None.csv
2025-10-25 18:57:32,448 - INFO - See 15541.0 (Getalsud Reservoir) gespeichert in T:\DLR\Analysis3\Output\NasaFlood\Lake_15541.0_Getalsud Reservoir.csv
2025-10-25 18:57:32,452 - INFO - See 15544.0 (None) gespeichert in T:\DLR\Analysis3\Output\NasaFlood\Lake_15544.0_None.csv
2025-10-25 18:57:32,456 - INFO - See 15547.0 (None) gespeichert in T:\DLR\Analysis3\Output\NasaFlood\Lake_15547.0_None.csv
2025-10-25 18:57:32,460 - INFO - See 15549.0 (None) gespeichert in T:\DLR\Analysis3\Output\NasaFlood\Lake_15549.0_None.csv
2025-10-25 18:57:32,464 - INFO - See 15550.0 (None) gespeichert in T:\DLR\Analysis3\Output\NasaFlood\Lake_15550.0_None.csv
2025-10-25 18:57:32,468 - INFO - See 15551.0 (None) gespeichert in T:\DLR\Analysis3\Output\NasaFlood\Lake_15551.0_None.csv
2025-10-25 18:57:32,471 - INFO - See 15554.0 (None) gespeichert in T:\DLR\Analysis3\Output\NasaFlood\Lake_15554.0_None.csv
2025-10-25 18:57:32,475 - INFO - See 15556.0 (None) gespeichert in T:\DLR\Analysis3\Output\NasaFlood\Lake_15556.0_None.csv
2025-10-25 18:57:32,479 - INFO - See 15559.0 (None) gespeichert in T:\DLR\Analysis3\Output\NasaFlood\Lake_15559.0_None.csv
2025-10-25 18:57:32,482 - INFO - See 15561.0 (None) gespeichert in T:\DLR\Analysis3\Output\NasaFlood\Lake_15561.0_None.csv
2025-10-25 18:57:32,487 - INFO - See 15562.0 (None) gespeichert in T:\DLR\Analysis3\Output\NasaFlood\Lake_15562.0_None.csv
2025-10-25 18:57:32,490 - INFO - See 15563.0 (None) gespeichert in T:\DLR\Analysis3\Output\NasaFlood\Lake_15563.0_None.csv
2025-10-25 18:57:32,495 - INFO - See 15565.0 (None) gespeichert in T:\DLR\Analysis3\Output\NasaFlood\Lake_15565.0_None.csv
2025-10-25 18:57:32,498 - INFO - See 15566.0 (None) gespeichert in T:\DLR\Analysis3\Output\NasaFlood\Lake_15566.0_None.csv
2025-10-25 18:57:32,502 - INFO - See 15567.0 (None) gespeichert in T:\DLR\Analysis3\Output\NasaFlood\Lake_15567.0_None.csv
2025-10-25 18:57:32,506 - INFO - See 15568.0 (None) gespeichert in T:\DLR\Analysis3\Output\NasaFlood\Lake_15568.0_None.csv
2025-10-25 18:57:32,510 - INFO - See 15569.0 (None) gespeichert in T:\DLR\Analysis3\Output\NasaFlood\Lake_15569.0_None.csv
2025-10-25 18:57:32,514 - INFO - See 15570.0 (None) gespeichert in T:\DLR\Analysis3\Output\NasaFlood\Lake_15570.0_None.csv
2025-10-25 18:57:32,518 - INFO - See 15571.0 (None) gespeichert in T:\DLR\Analysis3\Output\NasaFlood\Lake_15571.0_None.csv
2025-10-25 18:57:32,522 - INFO - See 15572.0 (None) gespeichert in T:\DLR\Analysis3\Output\NasaFlood\Lake_15572.0_None.csv
2025-10-25 18:57:32,526 - INFO - See 15573.0 (None) gespeichert in T:\DLR\Analysis3\Output\NasaFlood\Lake_15573.0_None.csv
2025-10-25 18:57:32,530 - INFO - See 15574.0 (None) gespeichert in T:\DLR\Analysis3\Output\NasaFlood\Lake_15574.0_None.csv
2025-10-25 18:57:32,534 - INFO - See 15576.0 (None) gespeichert in T:\DLR\Analysis3\Output\NasaFlood\Lake_15576.0_None.csv
2025-10-25 18:57:32,538 - INFO - See 15578.0 (None) gespeichert in T:\DLR\Analysis3\Output\NasaFlood\Lake_15578.0_None.csv
2025-10-25 18:57:32,542 - INFO - See 15579.0 (None) gespeichert in T:\DLR\Analysis3\Output\NasaFlood\Lake_15579.0_None.csv
2025-10-25 18:57:32,546 - INFO - See 15581.0 (None) gespeichert in T:\DLR\Analysis3\Output\NasaFlood\Lake_15581.0_None.csv
2025-10-25 18:57:32,550 - INFO - See 15583.0 (None) gespeichert in T:\DLR\Analysis3\Output\NasaFlood\Lake_15583.0_None.csv
2025-10-25 18:57:32,555 - INFO - See 15585.0 (None) gespeichert in T:\DLR\Analysis3\Output\NasaFlood\Lake_15585.0_None.csv
2025-10-25 18:57:32,558 - INFO - See 15587.0 (None) gespeichert in T:\DLR\Analysis3\Output\NasaFlood\Lake_15587.0_None.csv
2025-10-25 18:57:32,562 - INFO - See 15589.0 (None) gespeichert in T:\DLR\Analysis3\Output\NasaFlood\Lake_15589.0_None.csv
2025-10-25 18:57:32,566 - INFO - See 15590.0 (None) gespeichert in T:\DLR\Analysis3\Output\NasaFlood\Lake_15590.0_None.csv
2025-10-25 18:57:32,570 - INFO - See 15591.0 (None) gespeichert in T:\DLR\Analysis3\Output\NasaFlood\Lake_15591.0_None.csv
2025-10-25 18:57:32,574 - INFO - See 15599.0 (None) gespeichert in T:\DLR\Analysis3\Output\NasaFlood\Lake_15599.0_None.csv
2025-10-25 18:57:32,578 - INFO - See 15601.0 (None) gespeichert in T:\DLR\Analysis3\Output\NasaFlood\Lake_15601.0_None.csv
2025-10-25 18:57:32,582 - INFO - See 15605.0 (None) gespeichert in T:\DLR\Analysis3\Output\NasaFlood\Lake_15605.0_None.csv
2025-10-25 18:57:32,586 - INFO - See 15608.0 (None) gespeichert in T:\DLR\Analysis3\Output\NasaFlood\Lake_15608.0_None.csv
2025-10-25 18:57:32,590 - INFO - See 15609.0 (None) gespeichert in T:\DLR\Analysis3\Output\NasaFlood\Lake_15609.0_None.csv
2025-10-25 18:57:32,594 - INFO - See 15610.0 (None) gespeichert in T:\DLR\Analysis3\Output\NasaFlood\Lake_15610.0_None.csv
2025-10-25 18:57:32,598 - INFO - See 15612.0 (None) gespeichert in T:\DLR\Analysis3\Output\NasaFlood\Lake_15612.0_None.csv
2025-10-25 18:57:32,602 - INFO - See 15613.0 (None) gespeichert in T:\DLR\Analysis3\Output\NasaFlood\Lake_15613.0_None.csv
2025-10-25 18:57:32,606 - INFO - See 15616.0 (None) gespeichert in T:\DLR\Analysis3\Output\NasaFlood\Lake_15616.0_None.csv
2025-10-25 18:57:32,609 - INFO - See 15617.0 (None) gespeichert in T:\DLR\Analysis3\Output\NasaFlood\Lake_15617.0_None.csv
2025-10-25 18:57:32,613 - INFO - See 15619.0 (None) gespeichert in T:\DLR\Analysis3\Output\NasaFlood\Lake_15619.0_None.csv
2025-10-25 18:57:32,616 - INFO - See 15620.0 (None) gespeichert in T:\DLR\Analysis3\Output\NasaFlood\Lake_15620.0_None.csv
2025-10-25 18:57:32,621 - INFO - See 15621.0 (Ravishankar Sagar) gespeichert in T:\DLR\Analysis3\Output\NasaFlood\Lake_15621.0_Ravishankar Sagar.csv
2025-10-25 18:57:32,626 - INFO - See 15622.0 (Murumsilli) gespeichert in T:\DLR\Analysis3\Output\NasaFlood\Lake_15622.0_Murumsilli.csv
2025-10-25 18:57:32,633 - INFO - See 15623.0 (None) gespeichert in T:\DLR\Analysis3\Output\NasaFlood\Lake_15623.0_None.csv
2025-10-25 18:57:32,637 - INFO - See 15626.0 (None) gespeichert in T:\DLR\Analysis3\Output\NasaFlood\Lake_15626.0_None.csv
2025-10-25 18:57:32,640 - INFO - See 15627.0 (None) gespeichert in T:\DLR\Analysis3\Output\NasaFlood\Lake_15627.0_None.csv
2025-10-25 18:57:32,644 - INFO - See 15629.0 (None) gespeichert in T:\DLR\Analysis3\Output\NasaFlood\Lake_15629.0_None.csv
2025-10-25 18:57:32,648 - INFO - See 15631.0 (None) gespeichert in T:\DLR\Analysis3\Output\NasaFlood\Lake_15631.0_None.csv
2025-10-25 18:57:32,652 - INFO - See 15716.0 (None) gespeichert in T:\DLR\Analysis3\Output\NasaFlood\Lake_15716.0_None.csv
2025-10-25 18:57:32,656 - INFO - See 15717.0 (None) gespeichert in T:\DLR\Analysis3\Output\NasaFlood\Lake_15717.0_None.csv
2025-10-25 18:57:32,659 - INFO - See 15719.0 (None) gespeichert in T:\DLR\Analysis3\Output\NasaFlood\Lake_15719.0_None.csv
2025-10-25 18:57:32,663 - INFO - See 15722.0 (None) gespeichert in T:\DLR\Analysis3\Output\NasaFlood\Lake_15722.0_None.csv
2025-10-25 18:57:32,666 - INFO - See 15723.0 (None) gespeichert in T:\DLR\Analysis3\Output\NasaFlood\Lake_15723.0_None.csv
2025-10-25 18:57:32,670 - INFO - See 15724.0 (None) gespeichert in T:\DLR\Analysis3\Output\NasaFlood\Lake_15724.0_None.csv
2025-10-25 18:57:32,674 - INFO - See 15725.0 (None) gespeichert in T:\DLR\Analysis3\Output\NasaFlood\Lake_15725.0_None.csv
2025-10-25 18:57:32,677 - INFO - See 15726.0 (Aougoundou) gespeichert in T:\DLR\Analysis3\Output\NasaFlood\Lake_15726.0_Aougoundou.csv
2025-10-25 18:57:32,682 - INFO - See 15734.0 (None) gespeichert in T:\DLR\Analysis3\Output\NasaFlood\Lake_15734.0_None.csv
2025-10-25 18:57:32,686 - INFO - See 15737.0 (None) gespeichert in T:\DLR\Analysis3\Output\NasaFlood\Lake_15737.0_None.csv
2025-10-25 18:57:32,690 - INFO - See 15766.0 (None) gespeichert in T:\DLR\Analysis3\Output\NasaFlood\Lake_15766.0_None.csv
2025-10-25 18:57:32,693 - INFO - See 15768.0 (None) gespeichert in T:\DLR\Analysis3\Output\NasaFlood\Lake_15768.0_None.csv
2025-10-25 18:57:32,697 - INFO - See 15773.0 (None) gespeichert in T:\DLR\Analysis3\Output\NasaFlood\Lake_15773.0_None.csv
2025-10-25 18:57:32,701 - INFO - See 15774.0 (None) gespeichert in T:\DLR\Analysis3\Output\NasaFlood\Lake_15774.0_None.csv
2025-10-25 18:57:32,704 - INFO - See 15775.0 (None) gespeichert in T:\DLR\Analysis3\Output\NasaFlood\Lake_15775.0_None.csv
2025-10-25 18:57:32,708 - INFO - See 15776.0 (None) gespeichert in T:\DLR\Analysis3\Output\NasaFlood\Lake_15776.0_None.csv
2025-10-25 18:57:32,712 - INFO - See 15777.0 (None) gespeichert in T:\DLR\Analysis3\Output\NasaFlood\Lake_15777.0_None.csv
2025-10-25 18:57:32,716 - INFO - See 15788.0 (None) gespeichert in T:\DLR\Analysis3\Output\NasaFlood\Lake_15788.0_None.csv
2025-10-25 18:57:32,720 - INFO - See 15791.0 (None) gespeichert in T:\DLR\Analysis3\Output\NasaFlood\Lake_15791.0_None.csv
2025-10-25 18:57:32,724 - INFO - See 15806.0 (None) gespeichert in T:\DLR\Analysis3\Output\NasaFlood\Lake_15806.0_None.csv
2025-10-25 18:57:32,728 - INFO - See 15822.0 (None) gespeichert in T:\DLR\Analysis3\Output\NasaFlood\Lake_15822.0_None.csv
2025-10-25 18:57:32,734 - INFO - See 15831.0 (None) gespeichert in T:\DLR\Analysis3\Output\NasaFlood\Lake_15831.0_None.csv
2025-10-25 18:57:32,738 - INFO - See 15949.0 (None) gespeichert in T:\DLR\Analysis3\Output\NasaFlood\Lake_15949.0_None.csv
2025-10-25 18:57:32,742 - INFO - See 15950.0 (None) gespeichert in T:\DLR\Analysis3\Output\NasaFlood\Lake_15950.0_None.csv
2025-10-25 18:57:32,745 - INFO - See 15951.0 (None) gespeichert in T:\DLR\Analysis3\Output\NasaFlood\Lake_15951.0_None.csv
2025-10-25 18:57:32,749 - INFO - See 15955.0 (None) gespeichert in T:\DLR\Analysis3\Output\NasaFlood\Lake_15955.0_None.csv
2025-10-25 18:57:32,753 - INFO - See 15956.0 (Kachira) gespeichert in T:\DLR\Analysis3\Output\NasaFlood\Lake_15956.0_Kachira.csv
2025-10-25 18:57:32,757 - INFO - See 15957.0 (None) gespeichert in T:\DLR\Analysis3\Output\NasaFlood\Lake_15957.0_None.csv
2025-10-25 18:57:32,761 - INFO - See 15959.0 (None) gespeichert in T:\DLR\Analysis3\Output\NasaFlood\Lake_15959.0_None.csv
2025-10-25 18:57:32,765 - INFO - See 15960.0 (None) gespeichert in T:\DLR\Analysis3\Output\NasaFlood\Lake_15960.0_None.csv
2025-10-25 18:57:32,769 - INFO - See 15961.0 (Tana) gespeichert in T:\DLR\Analysis3\Output\NasaFlood\Lake_15961.0_Tana.csv
2025-10-25 18:57:32,773 - INFO - See 15973.0 (None) gespeichert in T:\DLR\Analysis3\Output\NasaFlood\Lake_15973.0_None.csv
2025-10-25 18:57:32,776 - INFO - See 15974.0 (None) gespeichert in T:\DLR\Analysis3\Output\NasaFlood\Lake_15974.0_None.csv
2025-10-25 18:57:32,780 - INFO - See 15975.0 (None) gespeichert in T:\DLR\Analysis3\Output\NasaFlood\Lake_15975.0_None.csv
2025-10-25 18:57:32,785 - INFO - See 15980.0 (None) gespeichert in T:\DLR\Analysis3\Output\NasaFlood\Lake_15980.0_None.csv
2025-10-25 18:57:32,788 - INFO - See 15981.0 (None) gespeichert in T:\DLR\Analysis3\Output\NasaFlood\Lake_15981.0_None.csv
2025-10-25 18:57:32,792 - INFO - See 15982.0 (None) gespeichert in T:\DLR\Analysis3\Output\NasaFlood\Lake_15982.0_None.csv
2025-10-25 18:57:32,796 - INFO - See 15984.0 (None) gespeichert in T:\DLR\Analysis3\Output\NasaFlood\Lake_15984.0_None.csv
2025-10-25 18:57:32,800 - INFO - See 15986.0 (Ihema) gespeichert in T:\DLR\Analysis3\Output\NasaFlood\Lake_15986.0_Ihema.csv
2025-10-25 18:57:32,805 - INFO - See 15989.0 (None) gespeichert in T:\DLR\Analysis3\Output\NasaFlood\Lake_15989.0_None.csv
2025-10-25 18:57:32,809 - INFO - See 15990.0 (None) gespeichert in T:\DLR\Analysis3\Output\NasaFlood\Lake_15990.0_None.csv
2025-10-25 18:57:32,812 - INFO - See 15991.0 (None) gespeichert in T:\DLR\Analysis3\Output\NasaFlood\Lake_15991.0_None.csv
2025-10-25 18:57:32,816 - INFO - See 15992.0 (None) gespeichert in T:\DLR\Analysis3\Output\NasaFlood\Lake_15992.0_None.csv
2025-10-25 18:57:32,820 - INFO - See 15993.0 (None) gespeichert in T:\DLR\Analysis3\Output\NasaFlood\Lake_15993.0_None.csv
2025-10-25 18:57:32,823 - INFO - See 15995.0 (None) gespeichert in T:\DLR\Analysis3\Output\NasaFlood\Lake_15995.0_None.csv
2025-10-25 18:57:32,829 - INFO - See 15996.0 (None) gespeichert in T:\DLR\Analysis3\Output\NasaFlood\Lake_15996.0_None.csv
2025-10-25 18:57:32,833 - INFO - See 16006.0 (None) gespeichert in T:\DLR\Analysis3\Output\NasaFlood\Lake_16006.0_None.csv
2025-10-25 18:57:32,838 - INFO - See 16011.0 (None) gespeichert in T:\DLR\Analysis3\Output\NasaFlood\Lake_16011.0_None.csv
2025-10-25 18:57:32,841 - INFO - See 16017.0 (None) gespeichert in T:\DLR\Analysis3\Output\NasaFlood\Lake_16017.0_None.csv
2025-10-25 18:57:32,845 - INFO - See 16021.0 (None) gespeichert in T:\DLR\Analysis3\Output\NasaFlood\Lake_16021.0_None.csv
2025-10-25 18:57:32,850 - INFO - See 16023.0 (Kitangiri) gespeichert in T:\DLR\Analysis3\Output\NasaFlood\Lake_16023.0_Kitangiri.csv
2025-10-25 18:57:32,854 - INFO - See 16026.0 (None) gespeichert in T:\DLR\Analysis3\Output\NasaFlood\Lake_16026.0_None.csv
2025-10-25 18:57:32,858 - INFO - See 16029.0 (None) gespeichert in T:\DLR\Analysis3\Output\NasaFlood\Lake_16029.0_None.csv
2025-10-25 18:57:32,863 - INFO - See 16031.0 (None) gespeichert in T:\DLR\Analysis3\Output\NasaFlood\Lake_16031.0_None.csv
2025-10-25 18:57:32,866 - INFO - See 16032.0 (None) gespeichert in T:\DLR\Analysis3\Output\NasaFlood\Lake_16032.0_None.csv
2025-10-25 18:57:32,871 - INFO - See 16034.0 (None) gespeichert in T:\DLR\Analysis3\Output\NasaFlood\Lake_16034.0_None.csv
2025-10-25 18:57:32,874 - INFO - See 16035.0 (None) gespeichert in T:\DLR\Analysis3\Output\NasaFlood\Lake_16035.0_None.csv
2025-10-25 18:57:32,878 - INFO - See 16036.0 (None) gespeichert in T:\DLR\Analysis3\Output\NasaFlood\Lake_16036.0_None.csv
2025-10-25 18:57:32,882 - INFO - See 16037.0 (None) gespeichert in T:\DLR\Analysis3\Output\NasaFlood\Lake_16037.0_None.csv
2025-10-25 18:57:32,886 - INFO - See 16039.0 (None) gespeichert in T:\DLR\Analysis3\Output\NasaFlood\Lake_16039.0_None.csv
2025-10-25 18:57:32,890 - INFO - See 16106.0 (None) gespeichert in T:\DLR\Analysis3\Output\NasaFlood\Lake_16106.0_None.csv
2025-10-25 18:57:32,893 - INFO - See 16122.0 (None) gespeichert in T:\DLR\Analysis3\Output\NasaFlood\Lake_16122.0_None.csv
2025-10-25 18:57:32,898 - INFO - See 16151.0 (None) gespeichert in T:\DLR\Analysis3\Output\NasaFlood\Lake_16151.0_None.csv
2025-10-25 18:57:32,902 - INFO - See 16160.0 (None) gespeichert in T:\DLR\Analysis3\Output\NasaFlood\Lake_16160.0_None.csv
2025-10-25 18:57:32,906 - INFO - See 16161.0 (None) gespeichert in T:\DLR\Analysis3\Output\NasaFlood\Lake_16161.0_None.csv
2025-10-25 18:57:32,909 - INFO - See 16164.0 (None) gespeichert in T:\DLR\Analysis3\Output\NasaFlood\Lake_16164.0_None.csv
2025-10-25 18:57:32,913 - INFO - See 16166.0 (None) gespeichert in T:\DLR\Analysis3\Output\NasaFlood\Lake_16166.0_None.csv
2025-10-25 18:57:32,916 - INFO - See 16167.0 (None) gespeichert in T:\DLR\Analysis3\Output\NasaFlood\Lake_16167.0_None.csv
2025-10-25 18:57:32,920 - INFO - See 16168.0 (None) gespeichert in T:\DLR\Analysis3\Output\NasaFlood\Lake_16168.0_None.csv
2025-10-25 18:57:32,924 - INFO - See 16170.0 (None) gespeichert in T:\DLR\Analysis3\Output\NasaFlood\Lake_16170.0_None.csv
2025-10-25 18:57:32,929 - INFO - See 16171.0 (None) gespeichert in T:\DLR\Analysis3\Output\NasaFlood\Lake_16171.0_None.csv
2025-10-25 18:57:32,933 - INFO - See 16172.0 (None) gespeichert in T:\DLR\Analysis3\Output\NasaFlood\Lake_16172.0_None.csv
2025-10-25 18:57:32,936 - INFO - See 16203.0 (None) gespeichert in T:\DLR\Analysis3\Output\NasaFlood\Lake_16203.0_None.csv
2025-10-25 18:57:32,940 - INFO - See 16205.0 (None) gespeichert in T:\DLR\Analysis3\Output\NasaFlood\Lake_16205.0_None.csv
2025-10-25 18:57:32,943 - INFO - See 16210.0 (None) gespeichert in T:\DLR\Analysis3\Output\NasaFlood\Lake_16210.0_None.csv
2025-10-25 18:57:32,947 - INFO - See 16211.0 (None) gespeichert in T:\DLR\Analysis3\Output\NasaFlood\Lake_16211.0_None.csv
2025-10-25 18:57:32,951 - INFO - See 16213.0 (None) gespeichert in T:\DLR\Analysis3\Output\NasaFlood\Lake_16213.0_None.csv
2025-10-25 18:57:32,955 - INFO - See 16214.0 (None) gespeichert in T:\DLR\Analysis3\Output\NasaFlood\Lake_16214.0_None.csv
2025-10-25 18:57:32,958 - INFO - See 16226.0 (None) gespeichert in T:\DLR\Analysis3\Output\NasaFlood\Lake_16226.0_None.csv
2025-10-25 18:57:32,962 - INFO - See 16484.0 (None) gespeichert in T:\DLR\Analysis3\Output\NasaFlood\Lake_16484.0_None.csv
2025-10-25 18:57:32,966 - INFO - See 16485.0 (None) gespeichert in T:\DLR\Analysis3\Output\NasaFlood\Lake_16485.0_None.csv
2025-10-25 18:57:32,969 - INFO - See 16490.0 (None) gespeichert in T:\DLR\Analysis3\Output\NasaFlood\Lake_16490.0_None.csv
2025-10-25 18:57:32,973 - INFO - See 16491.0 (None) gespeichert in T:\DLR\Analysis3\Output\NasaFlood\Lake_16491.0_None.csv
2025-10-25 18:57:32,977 - INFO - See 16598.0 (None) gespeichert in T:\DLR\Analysis3\Output\NasaFlood\Lake_16598.0_None.csv
2025-10-25 18:57:32,981 - INFO - See 16607.0 (None) gespeichert in T:\DLR\Analysis3\Output\NasaFlood\Lake_16607.0_None.csv
2025-10-25 18:57:32,984 - INFO - See 16612.0 (None) gespeichert in T:\DLR\Analysis3\Output\NasaFlood\Lake_16612.0_None.csv
2025-10-25 18:57:36,634 - INFO - Alle Ergebnisse gespeichert
2025-10-26 10:52:37,849 - INFO - Verarbeite Tile h22v04 für Jahr 2010
2025-10-26 10:52:40,412 - INFO - Insgesamt 365 passende Dateipaare gefunden
2025-10-26 10:52:40,412 - INFO - 365 passende Dateien für h22v04, 2010 gefunden
2025-10-26 10:52:42,021 - ERROR - Error in calculate_zonalstats_df for T:\DLR\Analysis3\Input\NasaFlood\02_MWP_gtiff\MCDWD.h22v04.2010\MCDWD_L3.A2010002.h22v04.061.2024284005424.tif: Python integer -999 out of bounds for uint8
2025-10-26 10:52:42,022 - ERROR - Fehler bei der Verarbeitung von GWP.OSWF.DAILY.20100102.h22v04.tif und MCDWD_L3.A2010002.h22v04.061.2024284005424.tif: Python integer -999 out of bounds for uint8
2025-10-26 10:52:42,022 - ERROR - Error in calculate_zonalstats_df for T:\DLR\Analysis3\Input\NasaFlood\02_MWP_gtiff\MCDWD.h22v04.2010\MCDWD_L3.A2010001.h22v04.061.2024284002200.tif: Python integer -999 out of bounds for uint8
2025-10-26 10:52:42,022 - ERROR - Fehler bei der Verarbeitung von GWP.OSWF.DAILY.20100101.h22v04.tif und MCDWD_L3.A2010001.h22v04.061.2024284002200.tif: Python integer -999 out of bounds for uint8
2025-10-26 10:52:42,024 - ERROR - Error in calculate_zonalstats_df for T:\DLR\Analysis3\Input\NasaFlood\02_MWP_gtiff\MCDWD.h22v04.2010\MCDWD_L3.A2010003.h22v04.061.2024284020214.tif: Python integer -999 out of bounds for uint8
2025-10-26 10:52:42,024 - ERROR - Fehler bei der Verarbeitung von GWP.OSWF.DAILY.20100103.h22v04.tif und MCDWD_L3.A2010003.h22v04.061.2024284020214.tif: Python integer -999 out of bounds for uint8
2025-10-26 10:52:42,026 - ERROR - Error in calculate_zonalstats_df for T:\DLR\Analysis3\Input\NasaFlood\02_MWP_gtiff\MCDWD.h22v04.2010\MCDWD_L3.A2010004.h22v04.061.2024284033424.tif: Python integer -999 out of bounds for uint8
2025-10-26 10:52:42,027 - ERROR - Fehler bei der Verarbeitung von GWP.OSWF.DAILY.20100104.h22v04.tif und MCDWD_L3.A2010004.h22v04.061.2024284033424.tif: Python integer -999 out of bounds for uint8
2025-10-26 10:52:42,724 - ERROR - Error in calculate_zonalstats_df for T:\DLR\Analysis3\Input\NasaFlood\02_MWP_gtiff\MCDWD.h22v04.2010\MCDWD_L3.A2010006.h22v04.061.2024284054522.tif: Python integer -999 out of bounds for uint8
2025-10-26 10:52:42,724 - ERROR - Fehler bei der Verarbeitung von GWP.OSWF.DAILY.20100106.h22v04.tif und MCDWD_L3.A2010006.h22v04.061.2024284054522.tif: Python integer -999 out of bounds for uint8
2025-10-26 10:52:42,726 - ERROR - Error in calculate_zonalstats_df for T:\DLR\Analysis3\Input\NasaFlood\02_MWP_gtiff\MCDWD.h22v04.2010\MCDWD_L3.A2010007.h22v04.061.2024284060604.tif: Python integer -999 out of bounds for uint8
2025-10-26 10:52:42,726 - ERROR - Fehler bei der Verarbeitung von GWP.OSWF.DAILY.20100107.h22v04.tif und MCDWD_L3.A2010007.h22v04.061.2024284060604.tif: Python integer -999 out of bounds for uint8
2025-10-26 10:52:42,733 - ERROR - Error in calculate_zonalstats_df for T:\DLR\Analysis3\Input\NasaFlood\02_MWP_gtiff\MCDWD.h22v04.2010\MCDWD_L3.A2010005.h22v04.061.2024284052214.tif: Python integer -999 out of bounds for uint8
2025-10-26 10:52:42,734 - ERROR - Fehler bei der Verarbeitung von GWP.OSWF.DAILY.20100105.h22v04.tif und MCDWD_L3.A2010005.h22v04.061.2024284052214.tif: Python integer -999 out of bounds for uint8
2025-10-26 10:52:42,740 - ERROR - Error in calculate_zonalstats_df for T:\DLR\Analysis3\Input\NasaFlood\02_MWP_gtiff\MCDWD.h22v04.2010\MCDWD_L3.A2010008.h22v04.061.2024284062525.tif: Python integer -999 out of bounds for uint8
2025-10-26 10:52:42,740 - ERROR - Fehler bei der Verarbeitung von GWP.OSWF.DAILY.20100108.h22v04.tif und MCDWD_L3.A2010008.h22v04.061.2024284062525.tif: Python integer -999 out of bounds for uint8
2025-10-26 10:52:43,363 - ERROR - Error in calculate_zonalstats_df for T:\DLR\Analysis3\Input\NasaFlood\02_MWP_gtiff\MCDWD.h22v04.2010\MCDWD_L3.A2010009.h22v04.061.2024284064250.tif: Python integer -999 out of bounds for uint8
2025-10-26 10:52:43,364 - ERROR - Fehler bei der Verarbeitung von GWP.OSWF.DAILY.20100109.h22v04.tif und MCDWD_L3.A2010009.h22v04.061.2024284064250.tif: Python integer -999 out of bounds for uint8
2025-10-26 10:52:43,364 - ERROR - Error in calculate_zonalstats_df for T:\DLR\Analysis3\Input\NasaFlood\02_MWP_gtiff\MCDWD.h22v04.2010\MCDWD_L3.A2010010.h22v04.061.2024284070013.tif: Python integer -999 out of bounds for uint8
2025-10-26 10:52:43,364 - ERROR - Fehler bei der Verarbeitung von GWP.OSWF.DAILY.20100110.h22v04.tif und MCDWD_L3.A2010010.h22v04.061.2024284070013.tif: Python integer -999 out of bounds for uint8
2025-10-26 10:52:45,178 - ERROR - Error in calculate_zonalstats_df for T:\DLR\Analysis3\Input\NasaFlood\02_MWP_gtiff\MCDWD.h22v04.2010\MCDWD_L3.A2010012.h22v04.061.2024284073617.tif: Python integer -999 out of bounds for uint8
2025-10-26 10:52:45,178 - ERROR - Fehler bei der Verarbeitung von GWP.OSWF.DAILY.20100112.h22v04.tif und MCDWD_L3.A2010012.h22v04.061.2024284073617.tif: Python integer -999 out of bounds for uint8
2025-10-26 10:52:45,208 - ERROR - Error in calculate_zonalstats_df for T:\DLR\Analysis3\Input\NasaFlood\02_MWP_gtiff\MCDWD.h22v04.2010\MCDWD_L3.A2010013.h22v04.061.2024284074705.tif: Python integer -999 out of bounds for uint8
2025-10-26 10:52:45,208 - ERROR - Fehler bei der Verarbeitung von GWP.OSWF.DAILY.20100113.h22v04.tif und MCDWD_L3.A2010013.h22v04.061.2024284074705.tif: Python integer -999 out of bounds for uint8
2025-10-26 10:52:45,212 - ERROR - Error in calculate_zonalstats_df for T:\DLR\Analysis3\Input\NasaFlood\02_MWP_gtiff\MCDWD.h22v04.2010\MCDWD_L3.A2010011.h22v04.061.2024284071926.tif: Python integer -999 out of bounds for uint8
2025-10-26 10:52:45,212 - ERROR - Fehler bei der Verarbeitung von GWP.OSWF.DAILY.20100111.h22v04.tif und MCDWD_L3.A2010011.h22v04.061.2024284071926.tif: Python integer -999 out of bounds for uint8
2025-10-26 10:52:45,235 - ERROR - Error in calculate_zonalstats_df for T:\DLR\Analysis3\Input\NasaFlood\02_MWP_gtiff\MCDWD.h22v04.2010\MCDWD_L3.A2010014.h22v04.061.2024284080047.tif: Python integer -999 out of bounds for uint8
2025-10-26 10:52:45,235 - ERROR - Fehler bei der Verarbeitung von GWP.OSWF.DAILY.20100114.h22v04.tif und MCDWD_L3.A2010014.h22v04.061.2024284080047.tif: Python integer -999 out of bounds for uint8
2025-10-26 10:52:45,885 - ERROR - Error in calculate_zonalstats_df for T:\DLR\Analysis3\Input\NasaFlood\02_MWP_gtiff\MCDWD.h22v04.2010\MCDWD_L3.A2010015.h22v04.061.2024284081451.tif: Python integer -999 out of bounds for uint8
2025-10-26 10:52:45,885 - ERROR - Fehler bei der Verarbeitung von GWP.OSWF.DAILY.20100115.h22v04.tif und MCDWD_L3.A2010015.h22v04.061.2024284081451.tif: Python integer -999 out of bounds for uint8
2025-10-26 10:52:45,919 - ERROR - Error in calculate_zonalstats_df for T:\DLR\Analysis3\Input\NasaFlood\02_MWP_gtiff\MCDWD.h22v04.2010\MCDWD_L3.A2010016.h22v04.061.2024284082722.tif: Python integer -999 out of bounds for uint8
2025-10-26 10:52:45,920 - ERROR - Fehler bei der Verarbeitung von GWP.OSWF.DAILY.20100116.h22v04.tif und MCDWD_L3.A2010016.h22v04.061.2024284082722.tif: Python integer -999 out of bounds for uint8
2025-10-26 10:52:45,922 - ERROR - Error in calculate_zonalstats_df for T:\DLR\Analysis3\Input\NasaFlood\02_MWP_gtiff\MCDWD.h22v04.2010\MCDWD_L3.A2010017.h22v04.061.2024284084044.tif: Python integer -999 out of bounds for uint8
2025-10-26 10:52:45,923 - ERROR - Fehler bei der Verarbeitung von GWP.OSWF.DAILY.20100117.h22v04.tif und MCDWD_L3.A2010017.h22v04.061.2024284084044.tif: Python integer -999 out of bounds for uint8
2025-10-26 10:52:45,950 - ERROR - Error in calculate_zonalstats_df for T:\DLR\Analysis3\Input\NasaFlood\02_MWP_gtiff\MCDWD.h22v04.2010\MCDWD_L3.A2010018.h22v04.061.2024284085202.tif: Python integer -999 out of bounds for uint8
2025-10-26 10:52:45,950 - ERROR - Fehler bei der Verarbeitung von GWP.OSWF.DAILY.20100118.h22v04.tif und MCDWD_L3.A2010018.h22v04.061.2024284085202.tif: Python integer -999 out of bounds for uint8
2025-10-26 10:52:46,517 - ERROR - Error in calculate_zonalstats_df for T:\DLR\Analysis3\Input\NasaFlood\02_MWP_gtiff\MCDWD.h22v04.2010\MCDWD_L3.A2010019.h22v04.061.2024284090625.tif: Python integer -999 out of bounds for uint8
2025-10-26 10:52:46,517 - ERROR - Fehler bei der Verarbeitung von GWP.OSWF.DAILY.20100119.h22v04.tif und MCDWD_L3.A2010019.h22v04.061.2024284090625.tif: Python integer -999 out of bounds for uint8
2025-10-26 10:52:46,552 - ERROR - Error in calculate_zonalstats_df for T:\DLR\Analysis3\Input\NasaFlood\02_MWP_gtiff\MCDWD.h22v04.2010\MCDWD_L3.A2010020.h22v04.061.2024284091827.tif: Python integer -999 out of bounds for uint8
2025-10-26 10:52:46,553 - ERROR - Fehler bei der Verarbeitung von GWP.OSWF.DAILY.20100120.h22v04.tif und MCDWD_L3.A2010020.h22v04.061.2024284091827.tif: Python integer -999 out of bounds for uint8
2025-10-26 10:52:48,394 - ERROR - Error in calculate_zonalstats_df for T:\DLR\Analysis3\Input\NasaFlood\02_MWP_gtiff\MCDWD.h22v04.2010\MCDWD_L3.A2010021.h22v04.061.2024284093422.tif: Python integer -999 out of bounds for uint8
2025-10-26 10:52:48,395 - ERROR - Fehler bei der Verarbeitung von GWP.OSWF.DAILY.20100121.h22v04.tif und MCDWD_L3.A2010021.h22v04.061.2024284093422.tif: Python integer -999 out of bounds for uint8
2025-10-26 10:52:48,395 - ERROR - Error in calculate_zonalstats_df for T:\DLR\Analysis3\Input\NasaFlood\02_MWP_gtiff\MCDWD.h22v04.2010\MCDWD_L3.A2010022.h22v04.061.2024284094755.tif: Python integer -999 out of bounds for uint8
2025-10-26 10:52:48,396 - ERROR - Fehler bei der Verarbeitung von GWP.OSWF.DAILY.20100122.h22v04.tif und MCDWD_L3.A2010022.h22v04.061.2024284094755.tif: Python integer -999 out of bounds for uint8
2025-10-26 10:52:48,402 - ERROR - Error in calculate_zonalstats_df for T:\DLR\Analysis3\Input\NasaFlood\02_MWP_gtiff\MCDWD.h22v04.2010\MCDWD_L3.A2010024.h22v04.061.2024284101659.tif: Python integer -999 out of bounds for uint8
2025-10-26 10:52:48,402 - ERROR - Fehler bei der Verarbeitung von GWP.OSWF.DAILY.20100124.h22v04.tif und MCDWD_L3.A2010024.h22v04.061.2024284101659.tif: Python integer -999 out of bounds for uint8
2025-10-26 10:52:48,409 - ERROR - Error in calculate_zonalstats_df for T:\DLR\Analysis3\Input\NasaFlood\02_MWP_gtiff\MCDWD.h22v04.2010\MCDWD_L3.A2010023.h22v04.061.2024284100135.tif: Python integer -999 out of bounds for uint8
2025-10-26 10:52:48,409 - ERROR - Fehler bei der Verarbeitung von GWP.OSWF.DAILY.20100123.h22v04.tif und MCDWD_L3.A2010023.h22v04.061.2024284100135.tif: Python integer -999 out of bounds for uint8
2025-10-26 10:52:49,147 - ERROR - Error in calculate_zonalstats_df for T:\DLR\Analysis3\Input\NasaFlood\02_MWP_gtiff\MCDWD.h22v04.2010\MCDWD_L3.A2010025.h22v04.061.2024284102918.tif: Python integer -999 out of bounds for uint8
2025-10-26 10:52:49,148 - ERROR - Fehler bei der Verarbeitung von GWP.OSWF.DAILY.20100125.h22v04.tif und MCDWD_L3.A2010025.h22v04.061.2024284102918.tif: Python integer -999 out of bounds for uint8
2025-10-26 10:52:49,154 - ERROR - Error in calculate_zonalstats_df for T:\DLR\Analysis3\Input\NasaFlood\02_MWP_gtiff\MCDWD.h22v04.2010\MCDWD_L3.A2010026.h22v04.061.2024284104230.tif: Python integer -999 out of bounds for uint8
2025-10-26 10:52:49,154 - ERROR - Fehler bei der Verarbeitung von GWP.OSWF.DAILY.20100126.h22v04.tif und MCDWD_L3.A2010026.h22v04.061.2024284104230.tif: Python integer -999 out of bounds for uint8
2025-10-26 10:52:49,156 - ERROR - Error in calculate_zonalstats_df for T:\DLR\Analysis3\Input\NasaFlood\02_MWP_gtiff\MCDWD.h22v04.2010\MCDWD_L3.A2010027.h22v04.061.2024284105331.tif: Python integer -999 out of bounds for uint8
2025-10-26 10:52:49,156 - ERROR - Fehler bei der Verarbeitung von GWP.OSWF.DAILY.20100127.h22v04.tif und MCDWD_L3.A2010027.h22v04.061.2024284105331.tif: Python integer -999 out of bounds for uint8
2025-10-26 10:52:49,170 - ERROR - Error in calculate_zonalstats_df for T:\DLR\Analysis3\Input\NasaFlood\02_MWP_gtiff\MCDWD.h22v04.2010\MCDWD_L3.A2010028.h22v04.061.2024284110651.tif: Python integer -999 out of bounds for uint8
2025-10-26 10:52:49,170 - ERROR - Fehler bei der Verarbeitung von GWP.OSWF.DAILY.20100128.h22v04.tif und MCDWD_L3.A2010028.h22v04.061.2024284110651.tif: Python integer -999 out of bounds for uint8
2025-10-26 10:52:49,819 - ERROR - Error in calculate_zonalstats_df for T:\DLR\Analysis3\Input\NasaFlood\02_MWP_gtiff\MCDWD.h22v04.2010\MCDWD_L3.A2010029.h22v04.061.2024284112037.tif: Python integer -999 out of bounds for uint8
2025-10-26 10:52:49,820 - ERROR - Fehler bei der Verarbeitung von GWP.OSWF.DAILY.20100129.h22v04.tif und MCDWD_L3.A2010029.h22v04.061.2024284112037.tif: Python integer -999 out of bounds for uint8
2025-10-26 10:52:49,835 - ERROR - Error in calculate_zonalstats_df for T:\DLR\Analysis3\Input\NasaFlood\02_MWP_gtiff\MCDWD.h22v04.2010\MCDWD_L3.A2010030.h22v04.061.2024284113651.tif: Python integer -999 out of bounds for uint8
2025-10-26 10:52:49,835 - ERROR - Fehler bei der Verarbeitung von GWP.OSWF.DAILY.20100130.h22v04.tif und MCDWD_L3.A2010030.h22v04.061.2024284113651.tif: Python integer -999 out of bounds for uint8
2025-10-26 10:52:51,735 - ERROR - Error in calculate_zonalstats_df for T:\DLR\Analysis3\Input\NasaFlood\02_MWP_gtiff\MCDWD.h22v04.2010\MCDWD_L3.A2010032.h22v04.061.2024296183317.tif: Python integer -999 out of bounds for uint8
2025-10-26 10:52:51,735 - ERROR - Fehler bei der Verarbeitung von GWP.OSWF.DAILY.20100201.h22v04.tif und MCDWD_L3.A2010032.h22v04.061.2024296183317.tif: Python integer -999 out of bounds for uint8
2025-10-26 10:52:51,737 - ERROR - Error in calculate_zonalstats_df for T:\DLR\Analysis3\Input\NasaFlood\02_MWP_gtiff\MCDWD.h22v04.2010\MCDWD_L3.A2010031.h22v04.061.2024284114654.tif: Python integer -999 out of bounds for uint8
2025-10-26 10:52:51,737 - ERROR - Fehler bei der Verarbeitung von GWP.OSWF.DAILY.20100131.h22v04.tif und MCDWD_L3.A2010031.h22v04.061.2024284114654.tif: Python integer -999 out of bounds for uint8
2025-10-26 10:52:51,739 - ERROR - Error in calculate_zonalstats_df for T:\DLR\Analysis3\Input\NasaFlood\02_MWP_gtiff\MCDWD.h22v04.2010\MCDWD_L3.A2010034.h22v04.061.2024296204049.tif: Python integer -999 out of bounds for uint8
2025-10-26 10:52:51,739 - ERROR - Fehler bei der Verarbeitung von GWP.OSWF.DAILY.20100203.h22v04.tif und MCDWD_L3.A2010034.h22v04.061.2024296204049.tif: Python integer -999 out of bounds for uint8
2025-10-26 10:52:51,746 - ERROR - Error in calculate_zonalstats_df for T:\DLR\Analysis3\Input\NasaFlood\02_MWP_gtiff\MCDWD.h22v04.2010\MCDWD_L3.A2010033.h22v04.061.2024296193906.tif: Python integer -999 out of bounds for uint8
2025-10-26 10:52:51,746 - ERROR - Fehler bei der Verarbeitung von GWP.OSWF.DAILY.20100202.h22v04.tif und MCDWD_L3.A2010033.h22v04.061.2024296193906.tif: Python integer -999 out of bounds for uint8
2025-10-26 10:52:52,474 - ERROR - Error in calculate_zonalstats_df for T:\DLR\Analysis3\Input\NasaFlood\02_MWP_gtiff\MCDWD.h22v04.2010\MCDWD_L3.A2010037.h22v04.061.2024297000619.tif: Python integer -999 out of bounds for uint8
2025-10-26 10:52:52,475 - ERROR - Fehler bei der Verarbeitung von GWP.OSWF.DAILY.20100206.h22v04.tif und MCDWD_L3.A2010037.h22v04.061.2024297000619.tif: Python integer -999 out of bounds for uint8
2025-10-26 10:52:52,478 - ERROR - Error in calculate_zonalstats_df for T:\DLR\Analysis3\Input\NasaFlood\02_MWP_gtiff\MCDWD.h22v04.2010\MCDWD_L3.A2010036.h22v04.061.2024296225524.tif: Python integer -999 out of bounds for uint8
2025-10-26 10:52:52,479 - ERROR - Error in calculate_zonalstats_df for T:\DLR\Analysis3\Input\NasaFlood\02_MWP_gtiff\MCDWD.h22v04.2010\MCDWD_L3.A2010038.h22v04.061.2024297011002.tif: Python integer -999 out of bounds for uint8
2025-10-26 10:52:52,479 - ERROR - Fehler bei der Verarbeitung von GWP.OSWF.DAILY.20100205.h22v04.tif und MCDWD_L3.A2010036.h22v04.061.2024296225524.tif: Python integer -999 out of bounds for uint8
2025-10-26 10:52:52,479 - ERROR - Fehler bei der Verarbeitung von GWP.OSWF.DAILY.20100207.h22v04.tif und MCDWD_L3.A2010038.h22v04.061.2024297011002.tif: Python integer -999 out of bounds for uint8
2025-10-26 10:52:52,489 - ERROR - Error in calculate_zonalstats_df for T:\DLR\Analysis3\Input\NasaFlood\02_MWP_gtiff\MCDWD.h22v04.2010\MCDWD_L3.A2010035.h22v04.061.2024296215155.tif: Python integer -999 out of bounds for uint8
2025-10-26 10:52:52,489 - ERROR - Fehler bei der Verarbeitung von GWP.OSWF.DAILY.20100204.h22v04.tif und MCDWD_L3.A2010035.h22v04.061.2024296215155.tif: Python integer -999 out of bounds for uint8
2025-10-26 10:52:53,119 - ERROR - Error in calculate_zonalstats_df for T:\DLR\Analysis3\Input\NasaFlood\02_MWP_gtiff\MCDWD.h22v04.2010\MCDWD_L3.A2010039.h22v04.061.2024297021703.tif: Python integer -999 out of bounds for uint8
2025-10-26 10:52:53,120 - ERROR - Fehler bei der Verarbeitung von GWP.OSWF.DAILY.20100208.h22v04.tif und MCDWD_L3.A2010039.h22v04.061.2024297021703.tif: Python integer -999 out of bounds for uint8
2025-10-26 10:52:53,134 - ERROR - Error in calculate_zonalstats_df for T:\DLR\Analysis3\Input\NasaFlood\02_MWP_gtiff\MCDWD.h22v04.2010\MCDWD_L3.A2010040.h22v04.061.2024297032646.tif: Python integer -999 out of bounds for uint8
2025-10-26 10:52:53,134 - ERROR - Fehler bei der Verarbeitung von GWP.OSWF.DAILY.20100209.h22v04.tif und MCDWD_L3.A2010040.h22v04.061.2024297032646.tif: Python integer -999 out of bounds for uint8
2025-10-26 10:52:55,010 - ERROR - Error in calculate_zonalstats_df for T:\DLR\Analysis3\Input\NasaFlood\02_MWP_gtiff\MCDWD.h22v04.2010\MCDWD_L3.A2010043.h22v04.061.2024297064400.tif: Python integer -999 out of bounds for uint8
2025-10-26 10:52:55,011 - ERROR - Fehler bei der Verarbeitung von GWP.OSWF.DAILY.20100212.h22v04.tif und MCDWD_L3.A2010043.h22v04.061.2024297064400.tif: Python integer -999 out of bounds for uint8
2025-10-26 10:52:55,012 - ERROR - Error in calculate_zonalstats_df for T:\DLR\Analysis3\Input\NasaFlood\02_MWP_gtiff\MCDWD.h22v04.2010\MCDWD_L3.A2010044.h22v04.061.2024297075715.tif: Python integer -999 out of bounds for uint8
2025-10-26 10:52:55,012 - ERROR - Fehler bei der Verarbeitung von GWP.OSWF.DAILY.20100213.h22v04.tif und MCDWD_L3.A2010044.h22v04.061.2024297075715.tif: Python integer -999 out of bounds for uint8
2025-10-26 10:52:55,018 - ERROR - Error in calculate_zonalstats_df for T:\DLR\Analysis3\Input\NasaFlood\02_MWP_gtiff\MCDWD.h22v04.2010\MCDWD_L3.A2010041.h22v04.061.2024297043020.tif: Python integer -999 out of bounds for uint8
2025-10-26 10:52:55,018 - ERROR - Fehler bei der Verarbeitung von GWP.OSWF.DAILY.20100210.h22v04.tif und MCDWD_L3.A2010041.h22v04.061.2024297043020.tif: Python integer -999 out of bounds for uint8
2025-10-26 10:52:55,020 - ERROR - Error in calculate_zonalstats_df for T:\DLR\Analysis3\Input\NasaFlood\02_MWP_gtiff\MCDWD.h22v04.2010\MCDWD_L3.A2010042.h22v04.061.2024297054133.tif: Python integer -999 out of bounds for uint8
2025-10-26 10:52:55,020 - ERROR - Fehler bei der Verarbeitung von GWP.OSWF.DAILY.20100211.h22v04.tif und MCDWD_L3.A2010042.h22v04.061.2024297054133.tif: Python integer -999 out of bounds for uint8
2025-10-26 10:52:55,745 - ERROR - Error in calculate_zonalstats_df for T:\DLR\Analysis3\Input\NasaFlood\02_MWP_gtiff\MCDWD.h22v04.2010\MCDWD_L3.A2010045.h22v04.061.2024297090237.tif: Python integer -999 out of bounds for uint8
2025-10-26 10:52:55,746 - ERROR - Fehler bei der Verarbeitung von GWP.OSWF.DAILY.20100214.h22v04.tif und MCDWD_L3.A2010045.h22v04.061.2024297090237.tif: Python integer -999 out of bounds for uint8
2025-10-26 10:52:55,750 - ERROR - Error in calculate_zonalstats_df for T:\DLR\Analysis3\Input\NasaFlood\02_MWP_gtiff\MCDWD.h22v04.2010\MCDWD_L3.A2010046.h22v04.061.2024297101416.tif: Python integer -999 out of bounds for uint8
2025-10-26 10:52:55,751 - ERROR - Fehler bei der Verarbeitung von GWP.OSWF.DAILY.20100215.h22v04.tif und MCDWD_L3.A2010046.h22v04.061.2024297101416.tif: Python integer -999 out of bounds for uint8
2025-10-26 10:52:55,760 - ERROR - Error in calculate_zonalstats_df for T:\DLR\Analysis3\Input\NasaFlood\02_MWP_gtiff\MCDWD.h22v04.2010\MCDWD_L3.A2010047.h22v04.061.2024297112328.tif: Python integer -999 out of bounds for uint8
2025-10-26 10:52:55,760 - ERROR - Fehler bei der Verarbeitung von GWP.OSWF.DAILY.20100216.h22v04.tif und MCDWD_L3.A2010047.h22v04.061.2024297112328.tif: Python integer -999 out of bounds for uint8
2025-10-26 10:52:55,763 - ERROR - Error in calculate_zonalstats_df for T:\DLR\Analysis3\Input\NasaFlood\02_MWP_gtiff\MCDWD.h22v04.2010\MCDWD_L3.A2010048.h22v04.061.2024297123313.tif: Python integer -999 out of bounds for uint8
2025-10-26 10:52:55,763 - ERROR - Fehler bei der Verarbeitung von GWP.OSWF.DAILY.20100217.h22v04.tif und MCDWD_L3.A2010048.h22v04.061.2024297123313.tif: Python integer -999 out of bounds for uint8
2025-10-26 10:52:56,397 - ERROR - Error in calculate_zonalstats_df for T:\DLR\Analysis3\Input\NasaFlood\02_MWP_gtiff\MCDWD.h22v04.2010\MCDWD_L3.A2010050.h22v04.061.2024297134751.tif: Python integer -999 out of bounds for uint8
2025-10-26 10:52:56,397 - ERROR - Error in calculate_zonalstats_df for T:\DLR\Analysis3\Input\NasaFlood\02_MWP_gtiff\MCDWD.h22v04.2010\MCDWD_L3.A2010049.h22v04.061.2024297133811.tif: Python integer -999 out of bounds for uint8
2025-10-26 10:52:56,397 - ERROR - Fehler bei der Verarbeitung von GWP.OSWF.DAILY.20100219.h22v04.tif und MCDWD_L3.A2010050.h22v04.061.2024297134751.tif: Python integer -999 out of bounds for uint8
2025-10-26 10:52:56,397 - ERROR - Fehler bei der Verarbeitung von GWP.OSWF.DAILY.20100218.h22v04.tif und MCDWD_L3.A2010049.h22v04.061.2024297133811.tif: Python integer -999 out of bounds for uint8
2025-10-26 10:52:58,215 - ERROR - Error in calculate_zonalstats_df for T:\DLR\Analysis3\Input\NasaFlood\02_MWP_gtiff\MCDWD.h22v04.2010\MCDWD_L3.A2010051.h22v04.061.2024297140435.tif: Python integer -999 out of bounds for uint8
2025-10-26 10:52:58,215 - ERROR - Fehler bei der Verarbeitung von GWP.OSWF.DAILY.20100220.h22v04.tif und MCDWD_L3.A2010051.h22v04.061.2024297140435.tif: Python integer -999 out of bounds for uint8
2025-10-26 10:52:58,219 - ERROR - Error in calculate_zonalstats_df for T:\DLR\Analysis3\Input\NasaFlood\02_MWP_gtiff\MCDWD.h22v04.2010\MCDWD_L3.A2010052.h22v04.061.2024297141239.tif: Python integer -999 out of bounds for uint8
2025-10-26 10:52:58,219 - ERROR - Fehler bei der Verarbeitung von GWP.OSWF.DAILY.20100221.h22v04.tif und MCDWD_L3.A2010052.h22v04.061.2024297141239.tif: Python integer -999 out of bounds for uint8
2025-10-26 10:52:58,224 - ERROR - Error in calculate_zonalstats_df for T:\DLR\Analysis3\Input\NasaFlood\02_MWP_gtiff\MCDWD.h22v04.2010\MCDWD_L3.A2010053.h22v04.061.2024297142904.tif: Python integer -999 out of bounds for uint8
2025-10-26 10:52:58,224 - ERROR - Fehler bei der Verarbeitung von GWP.OSWF.DAILY.20100222.h22v04.tif und MCDWD_L3.A2010053.h22v04.061.2024297142904.tif: Python integer -999 out of bounds for uint8
2025-10-26 10:52:58,226 - ERROR - Error in calculate_zonalstats_df for T:\DLR\Analysis3\Input\NasaFlood\02_MWP_gtiff\MCDWD.h22v04.2010\MCDWD_L3.A2010054.h22v04.061.2024297144020.tif: Python integer -999 out of bounds for uint8
2025-10-26 10:52:58,226 - ERROR - Fehler bei der Verarbeitung von GWP.OSWF.DAILY.20100223.h22v04.tif und MCDWD_L3.A2010054.h22v04.061.2024297144020.tif: Python integer -999 out of bounds for uint8
2025-10-26 10:52:58,973 - ERROR - Error in calculate_zonalstats_df for T:\DLR\Analysis3\Input\NasaFlood\02_MWP_gtiff\MCDWD.h22v04.2010\MCDWD_L3.A2010056.h22v04.061.2024302125050.tif: Python integer -999 out of bounds for uint8
2025-10-26 10:52:58,974 - ERROR - Fehler bei der Verarbeitung von GWP.OSWF.DAILY.20100225.h22v04.tif und MCDWD_L3.A2010056.h22v04.061.2024302125050.tif: Python integer -999 out of bounds for uint8
2025-10-26 10:52:58,980 - ERROR - Error in calculate_zonalstats_df for T:\DLR\Analysis3\Input\NasaFlood\02_MWP_gtiff\MCDWD.h22v04.2010\MCDWD_L3.A2010055.h22v04.061.2024302123940.tif: Python integer -999 out of bounds for uint8
2025-10-26 10:52:58,981 - ERROR - Fehler bei der Verarbeitung von GWP.OSWF.DAILY.20100224.h22v04.tif und MCDWD_L3.A2010055.h22v04.061.2024302123940.tif: Python integer -999 out of bounds for uint8
2025-10-26 10:52:58,986 - ERROR - Error in calculate_zonalstats_df for T:\DLR\Analysis3\Input\NasaFlood\02_MWP_gtiff\MCDWD.h22v04.2010\MCDWD_L3.A2010058.h22v04.061.2024302131259.tif: Python integer -999 out of bounds for uint8
2025-10-26 10:52:58,987 - ERROR - Fehler bei der Verarbeitung von GWP.OSWF.DAILY.20100227.h22v04.tif und MCDWD_L3.A2010058.h22v04.061.2024302131259.tif: Python integer -999 out of bounds for uint8
2025-10-26 10:52:58,999 - ERROR - Error in calculate_zonalstats_df for T:\DLR\Analysis3\Input\NasaFlood\02_MWP_gtiff\MCDWD.h22v04.2010\MCDWD_L3.A2010057.h22v04.061.2024302130104.tif: Python integer -999 out of bounds for uint8
2025-10-26 10:52:59,000 - ERROR - Fehler bei der Verarbeitung von GWP.OSWF.DAILY.20100226.h22v04.tif und MCDWD_L3.A2010057.h22v04.061.2024302130104.tif: Python integer -999 out of bounds for uint8
2025-10-26 10:52:59,633 - ERROR - Error in calculate_zonalstats_df for T:\DLR\Analysis3\Input\NasaFlood\02_MWP_gtiff\MCDWD.h22v04.2010\MCDWD_L3.A2010059.h22v04.061.2024302132329.tif: Python integer -999 out of bounds for uint8
2025-10-26 10:52:59,633 - ERROR - Fehler bei der Verarbeitung von GWP.OSWF.DAILY.20100228.h22v04.tif und MCDWD_L3.A2010059.h22v04.061.2024302132329.tif: Python integer -999 out of bounds for uint8
2025-10-26 10:52:59,641 - ERROR - Error in calculate_zonalstats_df for T:\DLR\Analysis3\Input\NasaFlood\02_MWP_gtiff\MCDWD.h22v04.2010\MCDWD_L3.A2010060.h22v04.061.2024302133616.tif: Python integer -999 out of bounds for uint8
2025-10-26 10:52:59,642 - ERROR - Fehler bei der Verarbeitung von GWP.OSWF.DAILY.20100301.h22v04.tif und MCDWD_L3.A2010060.h22v04.061.2024302133616.tif: Python integer -999 out of bounds for uint8
2025-10-26 10:53:01,655 - ERROR - Error in calculate_zonalstats_df for T:\DLR\Analysis3\Input\NasaFlood\02_MWP_gtiff\MCDWD.h22v04.2010\MCDWD_L3.A2010061.h22v04.061.2024302134628.tif: Python integer -999 out of bounds for uint8
2025-10-26 10:53:01,656 - ERROR - Fehler bei der Verarbeitung von GWP.OSWF.DAILY.20100302.h22v04.tif und MCDWD_L3.A2010061.h22v04.061.2024302134628.tif: Python integer -999 out of bounds for uint8
2025-10-26 10:53:01,664 - ERROR - Error in calculate_zonalstats_df for T:\DLR\Analysis3\Input\NasaFlood\02_MWP_gtiff\MCDWD.h22v04.2010\MCDWD_L3.A2010063.h22v04.061.2024302141109.tif: Python integer -999 out of bounds for uint8
2025-10-26 10:53:01,664 - ERROR - Fehler bei der Verarbeitung von GWP.OSWF.DAILY.20100304.h22v04.tif und MCDWD_L3.A2010063.h22v04.061.2024302141109.tif: Python integer -999 out of bounds for uint8
2025-10-26 10:53:01,666 - ERROR - Error in calculate_zonalstats_df for T:\DLR\Analysis3\Input\NasaFlood\02_MWP_gtiff\MCDWD.h22v04.2010\MCDWD_L3.A2010062.h22v04.061.2024302135810.tif: Python integer -999 out of bounds for uint8
2025-10-26 10:53:01,667 - ERROR - Fehler bei der Verarbeitung von GWP.OSWF.DAILY.20100303.h22v04.tif und MCDWD_L3.A2010062.h22v04.061.2024302135810.tif: Python integer -999 out of bounds for uint8
2025-10-26 10:53:01,670 - ERROR - Error in calculate_zonalstats_df for T:\DLR\Analysis3\Input\NasaFlood\02_MWP_gtiff\MCDWD.h22v04.2010\MCDWD_L3.A2010064.h22v04.061.2024302142432.tif: Python integer -999 out of bounds for uint8
2025-10-26 10:53:01,671 - ERROR - Fehler bei der Verarbeitung von GWP.OSWF.DAILY.20100305.h22v04.tif und MCDWD_L3.A2010064.h22v04.061.2024302142432.tif: Python integer -999 out of bounds for uint8
2025-10-26 10:53:02,438 - ERROR - Error in calculate_zonalstats_df for T:\DLR\Analysis3\Input\NasaFlood\02_MWP_gtiff\MCDWD.h22v04.2010\MCDWD_L3.A2010065.h22v04.061.2024302144000.tif: Python integer -999 out of bounds for uint8
2025-10-26 10:53:02,438 - ERROR - Fehler bei der Verarbeitung von GWP.OSWF.DAILY.20100306.h22v04.tif und MCDWD_L3.A2010065.h22v04.061.2024302144000.tif: Python integer -999 out of bounds for uint8
2025-10-26 10:53:02,447 - ERROR - Error in calculate_zonalstats_df for T:\DLR\Analysis3\Input\NasaFlood\02_MWP_gtiff\MCDWD.h22v04.2010\MCDWD_L3.A2010066.h22v04.061.2024302145044.tif: Python integer -999 out of bounds for uint8
2025-10-26 10:53:02,448 - ERROR - Fehler bei der Verarbeitung von GWP.OSWF.DAILY.20100307.h22v04.tif und MCDWD_L3.A2010066.h22v04.061.2024302145044.tif: Python integer -999 out of bounds for uint8
2025-10-26 10:53:02,454 - ERROR - Error in calculate_zonalstats_df for T:\DLR\Analysis3\Input\NasaFlood\02_MWP_gtiff\MCDWD.h22v04.2010\MCDWD_L3.A2010068.h22v04.061.2024302152012.tif: Python integer -999 out of bounds for uint8
2025-10-26 10:53:02,455 - ERROR - Fehler bei der Verarbeitung von GWP.OSWF.DAILY.20100309.h22v04.tif und MCDWD_L3.A2010068.h22v04.061.2024302152012.tif: Python integer -999 out of bounds for uint8
2025-10-26 10:53:02,462 - ERROR - Error in calculate_zonalstats_df for T:\DLR\Analysis3\Input\NasaFlood\02_MWP_gtiff\MCDWD.h22v04.2010\MCDWD_L3.A2010067.h22v04.061.2024302150835.tif: Python integer -999 out of bounds for uint8
2025-10-26 10:53:02,462 - ERROR - Fehler bei der Verarbeitung von GWP.OSWF.DAILY.20100308.h22v04.tif und MCDWD_L3.A2010067.h22v04.061.2024302150835.tif: Python integer -999 out of bounds for uint8
2025-10-26 10:53:03,113 - ERROR - Error in calculate_zonalstats_df for T:\DLR\Analysis3\Input\NasaFlood\02_MWP_gtiff\MCDWD.h22v04.2010\MCDWD_L3.A2010070.h22v04.061.2024302154344.tif: Python integer -999 out of bounds for uint8
2025-10-26 10:53:03,114 - ERROR - Fehler bei der Verarbeitung von GWP.OSWF.DAILY.20100311.h22v04.tif und MCDWD_L3.A2010070.h22v04.061.2024302154344.tif: Python integer -999 out of bounds for uint8
2025-10-26 10:53:03,118 - ERROR - Error in calculate_zonalstats_df for T:\DLR\Analysis3\Input\NasaFlood\02_MWP_gtiff\MCDWD.h22v04.2010\MCDWD_L3.A2010069.h22v04.061.2024302153744.tif: Python integer -999 out of bounds for uint8
2025-10-26 10:53:03,118 - ERROR - Fehler bei der Verarbeitung von GWP.OSWF.DAILY.20100310.h22v04.tif und MCDWD_L3.A2010069.h22v04.061.2024302153744.tif: Python integer -999 out of bounds for uint8
2025-10-26 10:53:25,585 - INFO - Verarbeite Tile h22v04 für Jahr 2010
2025-10-26 10:53:25,639 - INFO - Insgesamt 365 passende Dateipaare gefunden
2025-10-26 10:53:25,639 - INFO - 365 passende Dateien für h22v04, 2010 gefunden
2025-10-26 10:53:27,248 - ERROR - Error in calculate_zonalstats_df for T:\DLR\Analysis3\Input\NasaFlood\02_MWP_gtiff\MCDWD.h22v04.2010\MCDWD_L3.A2010001.h22v04.061.2024284002200.tif: Python integer 999 out of bounds for uint8
2025-10-26 10:53:27,249 - ERROR - Fehler bei der Verarbeitung von GWP.OSWF.DAILY.20100101.h22v04.tif und MCDWD_L3.A2010001.h22v04.061.2024284002200.tif: Python integer 999 out of bounds for uint8
2025-10-26 10:53:27,255 - ERROR - Error in calculate_zonalstats_df for T:\DLR\Analysis3\Input\NasaFlood\02_MWP_gtiff\MCDWD.h22v04.2010\MCDWD_L3.A2010002.h22v04.061.2024284005424.tif: Python integer 999 out of bounds for uint8
2025-10-26 10:53:27,255 - ERROR - Fehler bei der Verarbeitung von GWP.OSWF.DAILY.20100102.h22v04.tif und MCDWD_L3.A2010002.h22v04.061.2024284005424.tif: Python integer 999 out of bounds for uint8
2025-10-26 10:53:27,257 - ERROR - Error in calculate_zonalstats_df for T:\DLR\Analysis3\Input\NasaFlood\02_MWP_gtiff\MCDWD.h22v04.2010\MCDWD_L3.A2010003.h22v04.061.2024284020214.tif: Python integer 999 out of bounds for uint8
2025-10-26 10:53:27,257 - ERROR - Fehler bei der Verarbeitung von GWP.OSWF.DAILY.20100103.h22v04.tif und MCDWD_L3.A2010003.h22v04.061.2024284020214.tif: Python integer 999 out of bounds for uint8
2025-10-26 10:53:27,270 - ERROR - Error in calculate_zonalstats_df for T:\DLR\Analysis3\Input\NasaFlood\02_MWP_gtiff\MCDWD.h22v04.2010\MCDWD_L3.A2010004.h22v04.061.2024284033424.tif: Python integer 999 out of bounds for uint8
2025-10-26 10:53:27,270 - ERROR - Fehler bei der Verarbeitung von GWP.OSWF.DAILY.20100104.h22v04.tif und MCDWD_L3.A2010004.h22v04.061.2024284033424.tif: Python integer 999 out of bounds for uint8
2025-10-26 10:53:27,940 - ERROR - Error in calculate_zonalstats_df for T:\DLR\Analysis3\Input\NasaFlood\02_MWP_gtiff\MCDWD.h22v04.2010\MCDWD_L3.A2010005.h22v04.061.2024284052214.tif: Python integer 999 out of bounds for uint8
2025-10-26 10:53:27,940 - ERROR - Fehler bei der Verarbeitung von GWP.OSWF.DAILY.20100105.h22v04.tif und MCDWD_L3.A2010005.h22v04.061.2024284052214.tif: Python integer 999 out of bounds for uint8
2025-10-26 10:53:27,941 - ERROR - Error in calculate_zonalstats_df for T:\DLR\Analysis3\Input\NasaFlood\02_MWP_gtiff\MCDWD.h22v04.2010\MCDWD_L3.A2010007.h22v04.061.2024284060604.tif: Python integer 999 out of bounds for uint8
2025-10-26 10:53:27,941 - ERROR - Fehler bei der Verarbeitung von GWP.OSWF.DAILY.20100107.h22v04.tif und MCDWD_L3.A2010007.h22v04.061.2024284060604.tif: Python integer 999 out of bounds for uint8
2025-10-26 10:53:27,944 - ERROR - Error in calculate_zonalstats_df for T:\DLR\Analysis3\Input\NasaFlood\02_MWP_gtiff\MCDWD.h22v04.2010\MCDWD_L3.A2010006.h22v04.061.2024284054522.tif: Python integer 999 out of bounds for uint8
2025-10-26 10:53:27,944 - ERROR - Fehler bei der Verarbeitung von GWP.OSWF.DAILY.20100106.h22v04.tif und MCDWD_L3.A2010006.h22v04.061.2024284054522.tif: Python integer 999 out of bounds for uint8
2025-10-26 10:53:27,957 - ERROR - Error in calculate_zonalstats_df for T:\DLR\Analysis3\Input\NasaFlood\02_MWP_gtiff\MCDWD.h22v04.2010\MCDWD_L3.A2010008.h22v04.061.2024284062525.tif: Python integer 999 out of bounds for uint8
2025-10-26 10:53:27,957 - ERROR - Fehler bei der Verarbeitung von GWP.OSWF.DAILY.20100108.h22v04.tif und MCDWD_L3.A2010008.h22v04.061.2024284062525.tif: Python integer 999 out of bounds for uint8
2025-10-26 10:53:28,566 - ERROR - Error in calculate_zonalstats_df for T:\DLR\Analysis3\Input\NasaFlood\02_MWP_gtiff\MCDWD.h22v04.2010\MCDWD_L3.A2010009.h22v04.061.2024284064250.tif: Python integer 999 out of bounds for uint8
2025-10-26 10:53:28,567 - ERROR - Fehler bei der Verarbeitung von GWP.OSWF.DAILY.20100109.h22v04.tif und MCDWD_L3.A2010009.h22v04.061.2024284064250.tif: Python integer 999 out of bounds for uint8
2025-10-26 10:53:28,573 - ERROR - Error in calculate_zonalstats_df for T:\DLR\Analysis3\Input\NasaFlood\02_MWP_gtiff\MCDWD.h22v04.2010\MCDWD_L3.A2010010.h22v04.061.2024284070013.tif: Python integer 999 out of bounds for uint8
2025-10-26 10:53:28,574 - ERROR - Fehler bei der Verarbeitung von GWP.OSWF.DAILY.20100110.h22v04.tif und MCDWD_L3.A2010010.h22v04.061.2024284070013.tif: Python integer 999 out of bounds for uint8
2025-10-26 10:53:30,317 - ERROR - Error in calculate_zonalstats_df for T:\DLR\Analysis3\Input\NasaFlood\02_MWP_gtiff\MCDWD.h22v04.2010\MCDWD_L3.A2010011.h22v04.061.2024284071926.tif: Python integer 999 out of bounds for uint8
2025-10-26 10:53:30,317 - ERROR - Fehler bei der Verarbeitung von GWP.OSWF.DAILY.20100111.h22v04.tif und MCDWD_L3.A2010011.h22v04.061.2024284071926.tif: Python integer 999 out of bounds for uint8
2025-10-26 10:53:30,318 - ERROR - Error in calculate_zonalstats_df for T:\DLR\Analysis3\Input\NasaFlood\02_MWP_gtiff\MCDWD.h22v04.2010\MCDWD_L3.A2010013.h22v04.061.2024284074705.tif: Python integer 999 out of bounds for uint8
2025-10-26 10:53:30,318 - ERROR - Fehler bei der Verarbeitung von GWP.OSWF.DAILY.20100113.h22v04.tif und MCDWD_L3.A2010013.h22v04.061.2024284074705.tif: Python integer 999 out of bounds for uint8
2025-10-26 10:53:30,328 - ERROR - Error in calculate_zonalstats_df for T:\DLR\Analysis3\Input\NasaFlood\02_MWP_gtiff\MCDWD.h22v04.2010\MCDWD_L3.A2010012.h22v04.061.2024284073617.tif: Python integer 999 out of bounds for uint8
2025-10-26 10:53:30,328 - ERROR - Fehler bei der Verarbeitung von GWP.OSWF.DAILY.20100112.h22v04.tif und MCDWD_L3.A2010012.h22v04.061.2024284073617.tif: Python integer 999 out of bounds for uint8
2025-10-26 10:53:30,344 - ERROR - Error in calculate_zonalstats_df for T:\DLR\Analysis3\Input\NasaFlood\02_MWP_gtiff\MCDWD.h22v04.2010\MCDWD_L3.A2010014.h22v04.061.2024284080047.tif: Python integer 999 out of bounds for uint8
2025-10-26 10:53:30,344 - ERROR - Fehler bei der Verarbeitung von GWP.OSWF.DAILY.20100114.h22v04.tif und MCDWD_L3.A2010014.h22v04.061.2024284080047.tif: Python integer 999 out of bounds for uint8
2025-10-26 10:53:31,003 - ERROR - Error in calculate_zonalstats_df for T:\DLR\Analysis3\Input\NasaFlood\02_MWP_gtiff\MCDWD.h22v04.2010\MCDWD_L3.A2010015.h22v04.061.2024284081451.tif: Python integer 999 out of bounds for uint8
2025-10-26 10:53:31,003 - ERROR - Fehler bei der Verarbeitung von GWP.OSWF.DAILY.20100115.h22v04.tif und MCDWD_L3.A2010015.h22v04.061.2024284081451.tif: Python integer 999 out of bounds for uint8
2025-10-26 10:53:31,015 - ERROR - Error in calculate_zonalstats_df for T:\DLR\Analysis3\Input\NasaFlood\02_MWP_gtiff\MCDWD.h22v04.2010\MCDWD_L3.A2010016.h22v04.061.2024284082722.tif: Python integer 999 out of bounds for uint8
2025-10-26 10:53:31,015 - ERROR - Fehler bei der Verarbeitung von GWP.OSWF.DAILY.20100116.h22v04.tif und MCDWD_L3.A2010016.h22v04.061.2024284082722.tif: Python integer 999 out of bounds for uint8
2025-10-26 10:53:31,031 - ERROR - Error in calculate_zonalstats_df for T:\DLR\Analysis3\Input\NasaFlood\02_MWP_gtiff\MCDWD.h22v04.2010\MCDWD_L3.A2010018.h22v04.061.2024284085202.tif: Python integer 999 out of bounds for uint8
2025-10-26 10:53:31,031 - ERROR - Fehler bei der Verarbeitung von GWP.OSWF.DAILY.20100118.h22v04.tif und MCDWD_L3.A2010018.h22v04.061.2024284085202.tif: Python integer 999 out of bounds for uint8
2025-10-26 10:53:31,031 - ERROR - Error in calculate_zonalstats_df for T:\DLR\Analysis3\Input\NasaFlood\02_MWP_gtiff\MCDWD.h22v04.2010\MCDWD_L3.A2010017.h22v04.061.2024284084044.tif: Python integer 999 out of bounds for uint8
2025-10-26 10:53:31,032 - ERROR - Fehler bei der Verarbeitung von GWP.OSWF.DAILY.20100117.h22v04.tif und MCDWD_L3.A2010017.h22v04.061.2024284084044.tif: Python integer 999 out of bounds for uint8
2025-10-26 10:53:31,627 - ERROR - Error in calculate_zonalstats_df for T:\DLR\Analysis3\Input\NasaFlood\02_MWP_gtiff\MCDWD.h22v04.2010\MCDWD_L3.A2010019.h22v04.061.2024284090625.tif: Python integer 999 out of bounds for uint8
2025-10-26 10:53:31,627 - ERROR - Fehler bei der Verarbeitung von GWP.OSWF.DAILY.20100119.h22v04.tif und MCDWD_L3.A2010019.h22v04.061.2024284090625.tif: Python integer 999 out of bounds for uint8
2025-10-26 10:53:31,638 - ERROR - Error in calculate_zonalstats_df for T:\DLR\Analysis3\Input\NasaFlood\02_MWP_gtiff\MCDWD.h22v04.2010\MCDWD_L3.A2010020.h22v04.061.2024284091827.tif: Python integer 999 out of bounds for uint8
2025-10-26 10:53:31,639 - ERROR - Fehler bei der Verarbeitung von GWP.OSWF.DAILY.20100120.h22v04.tif und MCDWD_L3.A2010020.h22v04.061.2024284091827.tif: Python integer 999 out of bounds for uint8
2025-10-26 10:53:33,505 - ERROR - Error in calculate_zonalstats_df for T:\DLR\Analysis3\Input\NasaFlood\02_MWP_gtiff\MCDWD.h22v04.2010\MCDWD_L3.A2010021.h22v04.061.2024284093422.tif: Python integer 999 out of bounds for uint8
2025-10-26 10:53:33,506 - ERROR - Fehler bei der Verarbeitung von GWP.OSWF.DAILY.20100121.h22v04.tif und MCDWD_L3.A2010021.h22v04.061.2024284093422.tif: Python integer 999 out of bounds for uint8
2025-10-26 10:53:33,521 - ERROR - Error in calculate_zonalstats_df for T:\DLR\Analysis3\Input\NasaFlood\02_MWP_gtiff\MCDWD.h22v04.2010\MCDWD_L3.A2010022.h22v04.061.2024284094755.tif: Python integer 999 out of bounds for uint8
2025-10-26 10:53:33,521 - ERROR - Fehler bei der Verarbeitung von GWP.OSWF.DAILY.20100122.h22v04.tif und MCDWD_L3.A2010022.h22v04.061.2024284094755.tif: Python integer 999 out of bounds for uint8
2025-10-26 10:53:33,533 - ERROR - Error in calculate_zonalstats_df for T:\DLR\Analysis3\Input\NasaFlood\02_MWP_gtiff\MCDWD.h22v04.2010\MCDWD_L3.A2010023.h22v04.061.2024284100135.tif: Python integer 999 out of bounds for uint8
2025-10-26 10:53:33,534 - ERROR - Fehler bei der Verarbeitung von GWP.OSWF.DAILY.20100123.h22v04.tif und MCDWD_L3.A2010023.h22v04.061.2024284100135.tif: Python integer 999 out of bounds for uint8
2025-10-26 10:53:33,539 - ERROR - Error in calculate_zonalstats_df for T:\DLR\Analysis3\Input\NasaFlood\02_MWP_gtiff\MCDWD.h22v04.2010\MCDWD_L3.A2010024.h22v04.061.2024284101659.tif: Python integer 999 out of bounds for uint8
2025-10-26 10:53:33,539 - ERROR - Fehler bei der Verarbeitung von GWP.OSWF.DAILY.20100124.h22v04.tif und MCDWD_L3.A2010024.h22v04.061.2024284101659.tif: Python integer 999 out of bounds for uint8
2025-10-26 10:53:34,256 - ERROR - Error in calculate_zonalstats_df for T:\DLR\Analysis3\Input\NasaFlood\02_MWP_gtiff\MCDWD.h22v04.2010\MCDWD_L3.A2010025.h22v04.061.2024284102918.tif: Python integer 999 out of bounds for uint8
2025-10-26 10:53:34,256 - ERROR - Fehler bei der Verarbeitung von GWP.OSWF.DAILY.20100125.h22v04.tif und MCDWD_L3.A2010025.h22v04.061.2024284102918.tif: Python integer 999 out of bounds for uint8
2025-10-26 10:53:34,257 - ERROR - Error in calculate_zonalstats_df for T:\DLR\Analysis3\Input\NasaFlood\02_MWP_gtiff\MCDWD.h22v04.2010\MCDWD_L3.A2010026.h22v04.061.2024284104230.tif: Python integer 999 out of bounds for uint8
2025-10-26 10:53:34,257 - ERROR - Fehler bei der Verarbeitung von GWP.OSWF.DAILY.20100126.h22v04.tif und MCDWD_L3.A2010026.h22v04.061.2024284104230.tif: Python integer 999 out of bounds for uint8
2025-10-26 10:53:34,287 - ERROR - Error in calculate_zonalstats_df for T:\DLR\Analysis3\Input\NasaFlood\02_MWP_gtiff\MCDWD.h22v04.2010\MCDWD_L3.A2010027.h22v04.061.2024284105331.tif: Python integer 999 out of bounds for uint8
2025-10-26 10:53:34,287 - ERROR - Fehler bei der Verarbeitung von GWP.OSWF.DAILY.20100127.h22v04.tif und MCDWD_L3.A2010027.h22v04.061.2024284105331.tif: Python integer 999 out of bounds for uint8
2025-10-26 10:53:34,290 - ERROR - Error in calculate_zonalstats_df for T:\DLR\Analysis3\Input\NasaFlood\02_MWP_gtiff\MCDWD.h22v04.2010\MCDWD_L3.A2010028.h22v04.061.2024284110651.tif: Python integer 999 out of bounds for uint8
2025-10-26 10:53:34,291 - ERROR - Fehler bei der Verarbeitung von GWP.OSWF.DAILY.20100128.h22v04.tif und MCDWD_L3.A2010028.h22v04.061.2024284110651.tif: Python integer 999 out of bounds for uint8
2025-10-26 10:53:34,613 - ERROR - Fehler bei der Verarbeitung von h22v04, 2010: A process in the process pool was terminated abruptly while the future was running or pending.
2025-10-26 10:53:50,398 - INFO - Verarbeite Tile h22v04 für Jahr 2010
2025-10-26 10:53:50,448 - INFO - Insgesamt 365 passende Dateipaare gefunden
2025-10-26 10:53:50,449 - INFO - 365 passende Dateien für h22v04, 2010 gefunden
2025-10-26 10:53:52,259 - WARNING - Column mwp-recurring-flood not found in raster MCDWD_L3.A2010003.h22v04.061.2024284020214.tif. Adding with zeros.
2025-10-26 10:53:52,263 - WARNING - Column mwp-recurring-flood not found in raster MCDWD_L3.A2010002.h22v04.061.2024284005424.tif. Adding with zeros.
2025-10-26 10:53:52,266 - WARNING - Column mwp-recurring-flood not found in raster MCDWD_L3.A2010004.h22v04.061.2024284033424.tif. Adding with zeros.
2025-10-26 10:53:53,206 - WARNING - Column mwp-recurring-flood not found in raster MCDWD_L3.A2010005.h22v04.061.2024284052214.tif. Adding with zeros.
2025-10-26 10:53:53,210 - WARNING - Column mwp-recurring-flood not found in raster MCDWD_L3.A2010006.h22v04.061.2024284054522.tif. Adding with zeros.
2025-10-26 10:53:53,213 - WARNING - Column mwp-recurring-flood not found in raster MCDWD_L3.A2010008.h22v04.061.2024284062525.tif. Adding with zeros.
2025-10-26 10:53:53,214 - WARNING - Column mwp-recurring-flood not found in raster MCDWD_L3.A2010007.h22v04.061.2024284060604.tif. Adding with zeros.
2025-10-26 10:53:54,032 - WARNING - Column mwp-recurring-flood not found in raster MCDWD_L3.A2010009.h22v04.061.2024284064250.tif. Adding with zeros.
2025-10-26 10:53:54,043 - WARNING - Column mwp-recurring-flood not found in raster MCDWD_L3.A2010010.h22v04.061.2024284070013.tif. Adding with zeros.
2025-10-26 10:53:56,074 - WARNING - Column mwp-recurring-flood not found in raster MCDWD_L3.A2010012.h22v04.061.2024284073617.tif. Adding with zeros.
2025-10-26 10:53:56,079 - WARNING - Column mwp-recurring-flood not found in raster MCDWD_L3.A2010011.h22v04.061.2024284071926.tif. Adding with zeros.
2025-10-26 10:53:56,086 - WARNING - Column mwp-recurring-flood not found in raster MCDWD_L3.A2010014.h22v04.061.2024284080047.tif. Adding with zeros.
2025-10-26 10:53:56,099 - WARNING - Column mwp-recurring-flood not found in raster MCDWD_L3.A2010013.h22v04.061.2024284074705.tif. Adding with zeros.
2025-10-26 10:53:57,093 - WARNING - Column mwp-recurring-flood not found in raster MCDWD_L3.A2010015.h22v04.061.2024284081451.tif. Adding with zeros.
2025-10-26 10:53:57,098 - WARNING - Column mwp-recurring-flood not found in raster MCDWD_L3.A2010017.h22v04.061.2024284084044.tif. Adding with zeros.
2025-10-26 10:53:57,103 - WARNING - Column mwp-recurring-flood not found in raster MCDWD_L3.A2010016.h22v04.061.2024284082722.tif. Adding with zeros.
2025-10-26 10:53:57,113 - WARNING - Column mwp-recurring-flood not found in raster MCDWD_L3.A2010018.h22v04.061.2024284085202.tif. Adding with zeros.
2025-10-26 10:53:57,947 - WARNING - Column mwp-recurring-flood not found in raster MCDWD_L3.A2010020.h22v04.061.2024284091827.tif. Adding with zeros.
2025-10-26 10:53:57,947 - WARNING - Column mwp-recurring-flood not found in raster MCDWD_L3.A2010019.h22v04.061.2024284090625.tif. Adding with zeros.
2025-10-26 10:54:00,104 - WARNING - Column mwp-recurring-flood not found in raster MCDWD_L3.A2010021.h22v04.061.2024284093422.tif. Adding with zeros.
2025-10-26 10:54:00,116 - WARNING - Column mwp-recurring-flood not found in raster MCDWD_L3.A2010023.h22v04.061.2024284100135.tif. Adding with zeros.
2025-10-26 10:54:00,126 - WARNING - Column mwp-recurring-flood not found in raster MCDWD_L3.A2010022.h22v04.061.2024284094755.tif. Adding with zeros.
2025-10-26 10:54:00,129 - WARNING - Column mwp-recurring-flood not found in raster MCDWD_L3.A2010024.h22v04.061.2024284101659.tif. Adding with zeros.
2025-10-26 10:54:01,140 - WARNING - Column mwp-recurring-flood not found in raster MCDWD_L3.A2010025.h22v04.061.2024284102918.tif. Adding with zeros.
2025-10-26 10:54:01,151 - WARNING - Column mwp-recurring-flood not found in raster MCDWD_L3.A2010027.h22v04.061.2024284105331.tif. Adding with zeros.
2025-10-26 10:54:01,152 - WARNING - Column mwp-recurring-flood not found in raster MCDWD_L3.A2010026.h22v04.061.2024284104230.tif. Adding with zeros.
2025-10-26 10:54:01,157 - WARNING - Column mwp-recurring-flood not found in raster MCDWD_L3.A2010028.h22v04.061.2024284110651.tif. Adding with zeros.
2025-10-26 10:54:02,006 - WARNING - Column mwp-recurring-flood not found in raster MCDWD_L3.A2010029.h22v04.061.2024284112037.tif. Adding with zeros.
2025-10-26 10:54:02,014 - WARNING - Column mwp-recurring-flood not found in raster MCDWD_L3.A2010030.h22v04.061.2024284113651.tif. Adding with zeros.
2025-10-26 10:54:04,127 - WARNING - Column mwp-recurring-flood not found in raster MCDWD_L3.A2010031.h22v04.061.2024284114654.tif. Adding with zeros.
2025-10-26 10:54:04,141 - WARNING - Column mwp-recurring-flood not found in raster MCDWD_L3.A2010033.h22v04.061.2024296193906.tif. Adding with zeros.
2025-10-26 10:54:04,146 - WARNING - Column mwp-recurring-flood not found in raster MCDWD_L3.A2010032.h22v04.061.2024296183317.tif. Adding with zeros.
2025-10-26 10:54:04,159 - WARNING - Column mwp-recurring-flood not found in raster MCDWD_L3.A2010034.h22v04.061.2024296204049.tif. Adding with zeros.
2025-10-26 10:54:05,109 - WARNING - Column mwp-recurring-flood not found in raster MCDWD_L3.A2010035.h22v04.061.2024296215155.tif. Adding with zeros.
2025-10-26 10:54:05,123 - WARNING - Column mwp-recurring-flood not found in raster MCDWD_L3.A2010037.h22v04.061.2024297000619.tif. Adding with zeros.
2025-10-26 10:54:05,123 - WARNING - Column mwp-flood not found in raster MCDWD_L3.A2010037.h22v04.061.2024297000619.tif. Adding with zeros.
2025-10-26 10:54:05,128 - WARNING - Column mwp-recurring-flood not found in raster MCDWD_L3.A2010038.h22v04.061.2024297011002.tif. Adding with zeros.
2025-10-26 10:54:05,131 - WARNING - Column mwp-recurring-flood not found in raster MCDWD_L3.A2010036.h22v04.061.2024296225524.tif. Adding with zeros.
2025-10-26 10:54:05,132 - WARNING - Column mwp-flood not found in raster MCDWD_L3.A2010036.h22v04.061.2024296225524.tif. Adding with zeros.
2025-10-26 10:54:05,971 - WARNING - Column mwp-recurring-flood not found in raster MCDWD_L3.A2010039.h22v04.061.2024297021703.tif. Adding with zeros.
2025-10-26 10:54:05,990 - WARNING - Column mwp-recurring-flood not found in raster MCDWD_L3.A2010040.h22v04.061.2024297032646.tif. Adding with zeros.
2025-10-26 10:54:08,043 - WARNING - Column mwp-recurring-flood not found in raster MCDWD_L3.A2010043.h22v04.061.2024297064400.tif. Adding with zeros.
2025-10-26 10:54:08,044 - WARNING - Column mwp-recurring-flood not found in raster MCDWD_L3.A2010042.h22v04.061.2024297054133.tif. Adding with zeros.
2025-10-26 10:54:08,044 - WARNING - Column mwp-recurring-flood not found in raster MCDWD_L3.A2010044.h22v04.061.2024297075715.tif. Adding with zeros.
2025-10-26 10:54:08,044 - WARNING - Column mwp-recurring-flood not found in raster MCDWD_L3.A2010041.h22v04.061.2024297043020.tif. Adding with zeros.
2025-10-26 10:54:09,014 - WARNING - Column mwp-recurring-flood not found in raster MCDWD_L3.A2010045.h22v04.061.2024297090237.tif. Adding with zeros.
2025-10-26 10:54:09,018 - WARNING - Column mwp-recurring-flood not found in raster MCDWD_L3.A2010047.h22v04.061.2024297112328.tif. Adding with zeros.
2025-10-26 10:54:09,019 - WARNING - Column mwp-flood not found in raster MCDWD_L3.A2010047.h22v04.061.2024297112328.tif. Adding with zeros.
2025-10-26 10:54:09,022 - WARNING - Column mwp-recurring-flood not found in raster MCDWD_L3.A2010048.h22v04.061.2024297123313.tif. Adding with zeros.
2025-10-26 10:54:09,032 - WARNING - Column mwp-recurring-flood not found in raster MCDWD_L3.A2010046.h22v04.061.2024297101416.tif. Adding with zeros.
2025-10-26 10:54:09,872 - WARNING - Column mwp-recurring-flood not found in raster MCDWD_L3.A2010049.h22v04.061.2024297133811.tif. Adding with zeros.
2025-10-26 10:54:09,880 - WARNING - Column mwp-recurring-flood not found in raster MCDWD_L3.A2010050.h22v04.061.2024297134751.tif. Adding with zeros.
2025-10-26 10:54:12,005 - WARNING - Column mwp-recurring-flood not found in raster MCDWD_L3.A2010051.h22v04.061.2024297140435.tif. Adding with zeros.
2025-10-26 10:54:12,012 - WARNING - Column mwp-recurring-flood not found in raster MCDWD_L3.A2010053.h22v04.061.2024297142904.tif. Adding with zeros.
2025-10-26 10:54:12,031 - WARNING - Column mwp-recurring-flood not found in raster MCDWD_L3.A2010052.h22v04.061.2024297141239.tif. Adding with zeros.
2025-10-26 10:54:12,058 - WARNING - Column mwp-recurring-flood not found in raster MCDWD_L3.A2010054.h22v04.061.2024297144020.tif. Adding with zeros.
2025-10-26 10:54:12,976 - WARNING - Column mwp-recurring-flood not found in raster MCDWD_L3.A2010056.h22v04.061.2024302125050.tif. Adding with zeros.
2025-10-26 10:54:12,991 - WARNING - Column mwp-recurring-flood not found in raster MCDWD_L3.A2010055.h22v04.061.2024302123940.tif. Adding with zeros.
2025-10-26 10:54:13,002 - WARNING - Column mwp-recurring-flood not found in raster MCDWD_L3.A2010057.h22v04.061.2024302130104.tif. Adding with zeros.
2025-10-26 10:54:13,039 - WARNING - Column mwp-recurring-flood not found in raster MCDWD_L3.A2010058.h22v04.061.2024302131259.tif. Adding with zeros.
2025-10-26 10:54:13,871 - WARNING - Column mwp-recurring-flood not found in raster MCDWD_L3.A2010059.h22v04.061.2024302132329.tif. Adding with zeros.
2025-10-26 10:54:13,882 - WARNING - Column mwp-recurring-flood not found in raster MCDWD_L3.A2010060.h22v04.061.2024302133616.tif. Adding with zeros.
2025-10-26 10:54:16,051 - WARNING - Column mwp-recurring-flood not found in raster MCDWD_L3.A2010061.h22v04.061.2024302134628.tif. Adding with zeros.
2025-10-26 10:54:16,053 - WARNING - Column mwp-recurring-flood not found in raster MCDWD_L3.A2010062.h22v04.061.2024302135810.tif. Adding with zeros.
2025-10-26 10:54:16,055 - WARNING - Column mwp-recurring-flood not found in raster MCDWD_L3.A2010064.h22v04.061.2024302142432.tif. Adding with zeros.
2025-10-26 10:54:16,070 - WARNING - Column mwp-recurring-flood not found in raster MCDWD_L3.A2010063.h22v04.061.2024302141109.tif. Adding with zeros.
2025-10-26 10:54:17,087 - WARNING - Column mwp-recurring-flood not found in raster MCDWD_L3.A2010065.h22v04.061.2024302144000.tif. Adding with zeros.
2025-10-26 10:54:17,100 - WARNING - Column mwp-recurring-flood not found in raster MCDWD_L3.A2010068.h22v04.061.2024302152012.tif. Adding with zeros.
2025-10-26 10:54:17,102 - WARNING - Column mwp-recurring-flood not found in raster MCDWD_L3.A2010067.h22v04.061.2024302150835.tif. Adding with zeros.
2025-10-26 10:54:17,124 - WARNING - Column mwp-recurring-flood not found in raster MCDWD_L3.A2010066.h22v04.061.2024302145044.tif. Adding with zeros.
2025-10-26 10:54:17,966 - WARNING - Column mwp-recurring-flood not found in raster MCDWD_L3.A2010070.h22v04.061.2024302154344.tif. Adding with zeros.
2025-10-26 10:54:17,974 - WARNING - Column mwp-recurring-flood not found in raster MCDWD_L3.A2010069.h22v04.061.2024302153744.tif. Adding with zeros.
2025-10-26 10:54:22,025 - WARNING - Column mwp-recurring-flood not found in raster MCDWD_L3.A2010072.h22v04.061.2024302155417.tif. Adding with zeros.
2025-10-26 10:54:22,028 - WARNING - Column mwp-recurring-flood not found in raster MCDWD_L3.A2010074.h22v04.061.2024302160824.tif. Adding with zeros.
2025-10-26 10:54:22,029 - WARNING - Column mwp-recurring-flood not found in raster MCDWD_L3.A2010073.h22v04.061.2024302160304.tif. Adding with zeros.
2025-10-26 10:54:22,030 - WARNING - Column mwp-flood not found in raster MCDWD_L3.A2010073.h22v04.061.2024302160304.tif. Adding with zeros.
2025-10-26 10:54:22,036 - WARNING - Column mwp-recurring-flood not found in raster MCDWD_L3.A2010071.h22v04.061.2024302154833.tif. Adding with zeros.
2025-10-26 10:54:22,989 - WARNING - Column mwp-recurring-flood not found in raster MCDWD_L3.A2010075.h22v04.061.2024302161033.tif. Adding with zeros.
2025-10-26 10:54:22,992 - WARNING - Column mwp-recurring-flood not found in raster MCDWD_L3.A2010077.h22v04.061.2024302161832.tif. Adding with zeros.
2025-10-26 10:54:23,000 - WARNING - Column mwp-recurring-flood not found in raster MCDWD_L3.A2010078.h22v04.061.2024302162228.tif. Adding with zeros.
2025-10-26 10:54:23,002 - WARNING - Column mwp-recurring-flood not found in raster MCDWD_L3.A2010076.h22v04.061.2024302161551.tif. Adding with zeros.
2025-10-26 10:54:23,862 - WARNING - Column mwp-recurring-flood not found in raster MCDWD_L3.A2010080.h22v04.061.2024302163016.tif. Adding with zeros.
2025-10-26 10:54:23,865 - WARNING - Column mwp-recurring-flood not found in raster MCDWD_L3.A2010079.h22v04.061.2024302162604.tif. Adding with zeros.
2025-10-26 10:54:25,915 - WARNING - Column mwp-recurring-flood not found in raster MCDWD_L3.A2010082.h22v04.061.2024302163705.tif. Adding with zeros.
2025-10-26 10:54:25,922 - WARNING - Column mwp-recurring-flood not found in raster MCDWD_L3.A2010083.h22v04.061.2024302164236.tif. Adding with zeros.
2025-10-26 10:54:25,923 - WARNING - Column mwp-recurring-flood not found in raster MCDWD_L3.A2010084.h22v04.061.2024302164414.tif. Adding with zeros.
2025-10-26 10:54:25,927 - WARNING - Column mwp-recurring-flood not found in raster MCDWD_L3.A2010081.h22v04.061.2024302163452.tif. Adding with zeros.
2025-10-26 10:54:26,976 - WARNING - Column mwp-recurring-flood not found in raster MCDWD_L3.A2010088.h22v04.061.2024302170833.tif. Adding with zeros.
2025-10-26 10:54:26,979 - WARNING - Column mwp-recurring-flood not found in raster MCDWD_L3.A2010086.h22v04.061.2024302165352.tif. Adding with zeros.
2025-10-26 10:54:26,980 - WARNING - Column mwp-recurring-flood not found in raster MCDWD_L3.A2010087.h22v04.061.2024302165924.tif. Adding with zeros.
2025-10-26 10:54:26,991 - WARNING - Column mwp-recurring-flood not found in raster MCDWD_L3.A2010085.h22v04.061.2024302164854.tif. Adding with zeros.
2025-10-26 10:54:27,856 - WARNING - Column mwp-recurring-flood not found in raster MCDWD_L3.A2010089.h22v04.061.2024302171458.tif. Adding with zeros.
2025-10-26 10:54:27,859 - WARNING - Column mwp-recurring-flood not found in raster MCDWD_L3.A2010090.h22v04.061.2024302171956.tif. Adding with zeros.
2025-10-26 10:54:29,997 - WARNING - Column mwp-recurring-flood not found in raster MCDWD_L3.A2010091.h22v04.061.2024302172220.tif. Adding with zeros.
2025-10-26 10:54:29,998 - WARNING - Column mwp-recurring-flood not found in raster MCDWD_L3.A2010094.h22v04.061.2024302173603.tif. Adding with zeros.
2025-10-26 10:54:29,999 - WARNING - Column mwp-recurring-flood not found in raster MCDWD_L3.A2010092.h22v04.061.2024302172706.tif. Adding with zeros.
2025-10-26 10:54:30,001 - WARNING - Column mwp-recurring-flood not found in raster MCDWD_L3.A2010093.h22v04.061.2024302173022.tif. Adding with zeros.
2025-10-26 10:54:31,241 - WARNING - Column mwp-recurring-flood not found in raster MCDWD_L3.A2010095.h22v04.061.2024302173950.tif. Adding with zeros.
2025-10-26 10:54:31,268 - WARNING - Column mwp-recurring-flood not found in raster MCDWD_L3.A2010097.h22v04.061.2024302174812.tif. Adding with zeros.
2025-10-26 10:54:31,312 - WARNING - Column mwp-recurring-flood not found in raster MCDWD_L3.A2010098.h22v04.061.2024302175006.tif. Adding with zeros.
2025-10-26 10:54:31,335 - WARNING - Column mwp-recurring-flood not found in raster MCDWD_L3.A2010096.h22v04.061.2024302174304.tif. Adding with zeros.
2025-10-26 10:54:32,802 - WARNING - Column mwp-recurring-flood not found in raster MCDWD_L3.A2010099.h22v04.061.2024302175617.tif. Adding with zeros.
2025-10-26 10:54:32,822 - WARNING - Column mwp-recurring-flood not found in raster MCDWD_L3.A2010100.h22v04.061.2024302175845.tif. Adding with zeros.
2025-10-26 10:54:35,909 - WARNING - Column mwp-recurring-flood not found in raster MCDWD_L3.A2010101.h22v04.061.2024302180552.tif. Adding with zeros.
2025-10-26 10:54:35,910 - WARNING - Column mwp-recurring-flood not found in raster MCDWD_L3.A2010102.h22v04.061.2024302181047.tif. Adding with zeros.
2025-10-26 10:54:35,911 - WARNING - Column mwp-recurring-flood not found in raster MCDWD_L3.A2010104.h22v04.061.2024302182432.tif. Adding with zeros.
2025-10-26 10:54:35,940 - WARNING - Column mwp-recurring-flood not found in raster MCDWD_L3.A2010103.h22v04.061.2024302181726.tif. Adding with zeros.
2025-10-26 10:54:37,372 - WARNING - Column mwp-recurring-flood not found in raster MCDWD_L3.A2010107.h22v04.061.2024302184337.tif. Adding with zeros.
2025-10-26 10:54:37,375 - WARNING - Column mwp-recurring-flood not found in raster MCDWD_L3.A2010106.h22v04.061.2024302183851.tif. Adding with zeros.
2025-10-26 10:54:37,495 - WARNING - Column mwp-recurring-flood not found in raster MCDWD_L3.A2010105.h22v04.061.2024302183028.tif. Adding with zeros.
2025-10-26 10:54:37,517 - WARNING - Column mwp-recurring-flood not found in raster MCDWD_L3.A2010108.h22v04.061.2024302185307.tif. Adding with zeros.
2025-10-26 10:54:38,572 - WARNING - Column mwp-recurring-flood not found in raster MCDWD_L3.A2010110.h22v04.061.2024302190819.tif. Adding with zeros.
2025-10-26 10:54:38,640 - WARNING - Column mwp-recurring-flood not found in raster MCDWD_L3.A2010109.h22v04.061.2024302185905.tif. Adding with zeros.
2025-10-26 10:54:41,276 - WARNING - Column mwp-recurring-flood not found in raster MCDWD_L3.A2010113.h22v04.061.2024302193139.tif. Adding with zeros.
2025-10-26 10:54:41,300 - WARNING - Column mwp-recurring-flood not found in raster MCDWD_L3.A2010111.h22v04.061.2024302191526.tif. Adding with zeros.
2025-10-26 10:54:41,467 - WARNING - Column mwp-recurring-flood not found in raster MCDWD_L3.A2010114.h22v04.061.2024302193630.tif. Adding with zeros.
2025-10-26 10:54:41,507 - WARNING - Column mwp-recurring-flood not found in raster MCDWD_L3.A2010112.h22v04.061.2024302192214.tif. Adding with zeros.
2025-10-26 10:54:42,667 - WARNING - Column mwp-recurring-flood not found in raster MCDWD_L3.A2010115.h22v04.061.2024302194733.tif. Adding with zeros.
2025-10-26 10:54:42,686 - WARNING - Column mwp-recurring-flood not found in raster MCDWD_L3.A2010116.h22v04.061.2024302195240.tif. Adding with zeros.
2025-10-26 10:54:42,940 - WARNING - Column mwp-recurring-flood not found in raster MCDWD_L3.A2010118.h22v04.061.2024302201004.tif. Adding with zeros.
2025-10-26 10:54:43,017 - WARNING - Column mwp-recurring-flood not found in raster MCDWD_L3.A2010117.h22v04.061.2024302200403.tif. Adding with zeros.
2025-10-26 10:54:43,911 - WARNING - Column mwp-recurring-flood not found in raster MCDWD_L3.A2010120.h22v04.061.2024302202748.tif. Adding with zeros.
2025-10-26 10:54:43,925 - WARNING - Column mwp-recurring-flood not found in raster MCDWD_L3.A2010119.h22v04.061.2024302202057.tif. Adding with zeros.
2025-10-26 10:54:46,688 - WARNING - Column mwp-recurring-flood not found in raster MCDWD_L3.A2010123.h22v04.061.2024302205422.tif. Adding with zeros.
2025-10-26 10:54:46,703 - WARNING - Column mwp-recurring-flood not found in raster MCDWD_L3.A2010121.h22v04.061.2024302203648.tif. Adding with zeros.
2025-10-26 10:54:46,727 - WARNING - Column mwp-recurring-flood not found in raster MCDWD_L3.A2010124.h22v04.061.2024302210615.tif. Adding with zeros.
2025-10-26 10:54:46,751 - WARNING - Column mwp-recurring-flood not found in raster MCDWD_L3.A2010122.h22v04.061.2024302204739.tif. Adding with zeros.
2025-10-26 10:54:48,179 - WARNING - Column mwp-recurring-flood not found in raster MCDWD_L3.A2010125.h22v04.061.2024302211513.tif. Adding with zeros.
2025-10-26 10:54:48,180 - WARNING - Column mwp-recurring-flood not found in raster MCDWD_L3.A2010126.h22v04.061.2024302212646.tif. Adding with zeros.
2025-10-26 10:54:48,232 - WARNING - Column mwp-recurring-flood not found in raster MCDWD_L3.A2010127.h22v04.061.2024302215651.tif. Adding with zeros.
2025-10-26 10:54:48,255 - WARNING - Column mwp-recurring-flood not found in raster MCDWD_L3.A2010128.h22v04.061.2024302220445.tif. Adding with zeros.
2025-10-26 10:54:49,553 - WARNING - Column mwp-recurring-flood not found in raster MCDWD_L3.A2010129.h22v04.061.2024302221520.tif. Adding with zeros.
2025-10-26 10:54:49,554 - WARNING - Column mwp-recurring-flood not found in raster MCDWD_L3.A2010130.h22v04.061.2024302222523.tif. Adding with zeros.
2025-10-26 10:54:52,109 - WARNING - Column mwp-recurring-flood not found in raster MCDWD_L3.A2010132.h22v04.061.2024302224455.tif. Adding with zeros.
2025-10-26 10:54:52,134 - WARNING - Column mwp-recurring-flood not found in raster MCDWD_L3.A2010133.h22v04.061.2024302225833.tif. Adding with zeros.
2025-10-26 10:54:52,350 - WARNING - Column mwp-recurring-flood not found in raster MCDWD_L3.A2010134.h22v04.061.2024302230933.tif. Adding with zeros.
2025-10-26 10:54:52,353 - WARNING - Column mwp-recurring-flood not found in raster MCDWD_L3.A2010131.h22v04.061.2024302223824.tif. Adding with zeros.
2025-10-26 10:54:53,646 - WARNING - Column mwp-recurring-flood not found in raster MCDWD_L3.A2010135.h22v04.061.2024302231829.tif. Adding with zeros.
2025-10-26 10:54:53,652 - WARNING - Column mwp-recurring-flood not found in raster MCDWD_L3.A2010136.h22v04.061.2024303152332.tif. Adding with zeros.
2025-10-26 10:54:53,820 - WARNING - Column mwp-recurring-flood not found in raster MCDWD_L3.A2010137.h22v04.061.2024303152700.tif. Adding with zeros.
2025-10-26 10:54:53,831 - WARNING - Column mwp-recurring-flood not found in raster MCDWD_L3.A2010138.h22v04.061.2024303153324.tif. Adding with zeros.
2025-10-26 10:54:54,640 - WARNING - Column mwp-recurring-flood not found in raster MCDWD_L3.A2010139.h22v04.061.2024303153602.tif. Adding with zeros.
2025-10-26 10:54:54,672 - WARNING - Column mwp-recurring-flood not found in raster MCDWD_L3.A2010140.h22v04.061.2024303154217.tif. Adding with zeros.
2025-10-26 10:54:57,496 - WARNING - Column mwp-recurring-flood not found in raster MCDWD_L3.A2010143.h22v04.061.2024303155544.tif. Adding with zeros.
2025-10-26 10:54:57,498 - WARNING - Column mwp-recurring-flood not found in raster MCDWD_L3.A2010142.h22v04.061.2024303155016.tif. Adding with zeros.
2025-10-26 10:54:57,498 - WARNING - Column mwp-recurring-flood not found in raster MCDWD_L3.A2010144.h22v04.061.2024303160010.tif. Adding with zeros.
2025-10-26 10:54:57,499 - WARNING - Column mwp-recurring-flood not found in raster MCDWD_L3.A2010141.h22v04.061.2024303154545.tif. Adding with zeros.
2025-10-26 10:54:58,940 - WARNING - Column mwp-recurring-flood not found in raster MCDWD_L3.A2010147.h22v04.061.2024303161528.tif. Adding with zeros.
2025-10-26 10:54:58,982 - WARNING - Column mwp-recurring-flood not found in raster MCDWD_L3.A2010145.h22v04.061.2024303160518.tif. Adding with zeros.
2025-10-26 10:54:58,989 - WARNING - Column mwp-recurring-flood not found in raster MCDWD_L3.A2010148.h22v04.061.2024303161824.tif. Adding with zeros.
2025-10-26 10:54:59,001 - WARNING - Column mwp-recurring-flood not found in raster MCDWD_L3.A2010146.h22v04.061.2024303160918.tif. Adding with zeros.
2025-10-26 10:55:00,240 - WARNING - Column mwp-recurring-flood not found in raster MCDWD_L3.A2010149.h22v04.061.2024303162418.tif. Adding with zeros.
2025-10-26 10:55:00,284 - WARNING - Column mwp-recurring-flood not found in raster MCDWD_L3.A2010150.h22v04.061.2024303162914.tif. Adding with zeros.
2025-10-26 10:55:02,966 - WARNING - Column mwp-recurring-flood not found in raster MCDWD_L3.A2010153.h22v04.061.2024303164510.tif. Adding with zeros.
2025-10-26 10:55:02,967 - WARNING - Column mwp-recurring-flood not found in raster MCDWD_L3.A2010152.h22v04.061.2024303164038.tif. Adding with zeros.
2025-10-26 10:55:03,117 - WARNING - Column mwp-recurring-flood not found in raster MCDWD_L3.A2010151.h22v04.061.2024303163458.tif. Adding with zeros.
2025-10-26 10:55:03,118 - WARNING - Column mwp-recurring-flood not found in raster MCDWD_L3.A2010154.h22v04.061.2024303165055.tif. Adding with zeros.
2025-10-26 10:55:04,448 - WARNING - Column mwp-recurring-flood not found in raster MCDWD_L3.A2010156.h22v04.061.2024303165844.tif. Adding with zeros.
2025-10-26 10:55:04,462 - WARNING - Column mwp-recurring-flood not found in raster MCDWD_L3.A2010155.h22v04.061.2024303165329.tif. Adding with zeros.
2025-10-26 10:55:04,623 - WARNING - Column mwp-recurring-flood not found in raster MCDWD_L3.A2010157.h22v04.061.2024303170345.tif. Adding with zeros.
2025-10-26 10:55:04,647 - WARNING - Column mwp-recurring-flood not found in raster MCDWD_L3.A2010158.h22v04.061.2024303170815.tif. Adding with zeros.
2025-10-26 10:55:05,591 - WARNING - Column mwp-recurring-flood not found in raster MCDWD_L3.A2010159.h22v04.061.2024303171305.tif. Adding with zeros.
2025-10-26 10:55:05,611 - WARNING - Column mwp-recurring-flood not found in raster MCDWD_L3.A2010160.h22v04.061.2024303171750.tif. Adding with zeros.
2025-10-26 10:55:08,239 - WARNING - Column mwp-recurring-flood not found in raster MCDWD_L3.A2010161.h22v04.061.2024303172326.tif. Adding with zeros.
2025-10-26 10:55:08,296 - WARNING - Column mwp-recurring-flood not found in raster MCDWD_L3.A2010164.h22v04.061.2024303173723.tif. Adding with zeros.
2025-10-26 10:55:08,314 - WARNING - Column mwp-recurring-flood not found in raster MCDWD_L3.A2010163.h22v04.061.2024303173419.tif. Adding with zeros.
2025-10-26 10:55:08,353 - WARNING - Column mwp-recurring-flood not found in raster MCDWD_L3.A2010162.h22v04.061.2024303172654.tif. Adding with zeros.
2025-10-26 10:55:09,739 - WARNING - Column mwp-recurring-flood not found in raster MCDWD_L3.A2010165.h22v04.061.2024303174216.tif. Adding with zeros.
2025-10-26 10:55:09,777 - WARNING - Column mwp-recurring-flood not found in raster MCDWD_L3.A2010166.h22v04.061.2024303174650.tif. Adding with zeros.
2025-10-26 10:55:09,814 - WARNING - Column mwp-recurring-flood not found in raster MCDWD_L3.A2010167.h22v04.061.2024303175212.tif. Adding with zeros.
2025-10-26 10:55:09,853 - WARNING - Column mwp-recurring-flood not found in raster MCDWD_L3.A2010168.h22v04.061.2024303180009.tif. Adding with zeros.
2025-10-26 10:55:10,960 - WARNING - Column mwp-recurring-flood not found in raster MCDWD_L3.A2010169.h22v04.061.2024303180643.tif. Adding with zeros.
2025-10-26 10:55:10,983 - WARNING - Column mwp-recurring-flood not found in raster MCDWD_L3.A2010170.h22v04.061.2024303181358.tif. Adding with zeros.
2025-10-26 10:55:13,558 - WARNING - Column mwp-recurring-flood not found in raster MCDWD_L3.A2010174.h22v04.061.2024303183050.tif. Adding with zeros.
2025-10-26 10:55:13,570 - WARNING - Column mwp-recurring-flood not found in raster MCDWD_L3.A2010171.h22v04.061.2024303181802.tif. Adding with zeros.
2025-10-26 10:55:13,670 - WARNING - Column mwp-recurring-flood not found in raster MCDWD_L3.A2010173.h22v04.061.2024303182629.tif. Adding with zeros.
2025-10-26 10:55:13,715 - WARNING - Column mwp-recurring-flood not found in raster MCDWD_L3.A2010172.h22v04.061.2024303182250.tif. Adding with zeros.
2025-10-26 10:55:14,847 - WARNING - Column mwp-recurring-flood not found in raster MCDWD_L3.A2010176.h22v04.061.2024303183935.tif. Adding with zeros.
2025-10-26 10:55:14,978 - WARNING - Column mwp-recurring-flood not found in raster MCDWD_L3.A2010177.h22v04.061.2024303184326.tif. Adding with zeros.
2025-10-26 10:55:15,103 - WARNING - Column mwp-recurring-flood not found in raster MCDWD_L3.A2010175.h22v04.061.2024303183428.tif. Adding with zeros.
2025-10-26 10:55:15,204 - WARNING - Column mwp-recurring-flood not found in raster MCDWD_L3.A2010178.h22v04.061.2024303184700.tif. Adding with zeros.
2025-10-26 10:55:16,125 - WARNING - Column mwp-recurring-flood not found in raster MCDWD_L3.A2010179.h22v04.061.2024303185253.tif. Adding with zeros.
2025-10-26 10:55:16,224 - WARNING - Column mwp-recurring-flood not found in raster MCDWD_L3.A2010180.h22v04.061.2024303185537.tif. Adding with zeros.
2025-10-26 10:55:18,942 - WARNING - Column mwp-recurring-flood not found in raster MCDWD_L3.A2010184.h22v04.061.2024303191606.tif. Adding with zeros.
2025-10-26 10:55:18,966 - WARNING - Column mwp-recurring-flood not found in raster MCDWD_L3.A2010182.h22v04.061.2024303190637.tif. Adding with zeros.
2025-10-26 10:55:18,984 - WARNING - Column mwp-recurring-flood not found in raster MCDWD_L3.A2010181.h22v04.061.2024303190041.tif. Adding with zeros.
2025-10-26 10:55:19,032 - WARNING - Column mwp-recurring-flood not found in raster MCDWD_L3.A2010183.h22v04.061.2024303191138.tif. Adding with zeros.
2025-10-26 10:55:20,339 - WARNING - Column mwp-recurring-flood not found in raster MCDWD_L3.A2010187.h22v04.061.2024303192712.tif. Adding with zeros.
2025-10-26 10:55:20,404 - WARNING - Column mwp-recurring-flood not found in raster MCDWD_L3.A2010188.h22v04.061.2024303193233.tif. Adding with zeros.
2025-10-26 10:55:20,455 - WARNING - Column mwp-recurring-flood not found in raster MCDWD_L3.A2010185.h22v04.061.2024303191926.tif. Adding with zeros.
2025-10-26 10:55:20,490 - WARNING - Column mwp-recurring-flood not found in raster MCDWD_L3.A2010186.h22v04.061.2024303192501.tif. Adding with zeros.
2025-10-26 10:55:21,768 - WARNING - Column mwp-recurring-flood not found in raster MCDWD_L3.A2010189.h22v04.061.2024303193552.tif. Adding with zeros.
2025-10-26 10:55:21,831 - WARNING - Column mwp-recurring-flood not found in raster MCDWD_L3.A2010190.h22v04.061.2024303193959.tif. Adding with zeros.
2025-10-26 10:55:24,347 - WARNING - Column mwp-recurring-flood not found in raster MCDWD_L3.A2010191.h22v04.061.2024303194406.tif. Adding with zeros.
2025-10-26 10:55:24,368 - WARNING - Column mwp-recurring-flood not found in raster MCDWD_L3.A2010194.h22v04.061.2024303200634.tif. Adding with zeros.
2025-10-26 10:55:24,473 - WARNING - Column mwp-recurring-flood not found in raster MCDWD_L3.A2010193.h22v04.061.2024303195803.tif. Adding with zeros.
2025-10-26 10:55:24,475 - WARNING - Column mwp-recurring-flood not found in raster MCDWD_L3.A2010192.h22v04.061.2024303194818.tif. Adding with zeros.
2025-10-26 10:55:25,798 - WARNING - Column mwp-recurring-flood not found in raster MCDWD_L3.A2010196.h22v04.061.2024303202815.tif. Adding with zeros.
2025-10-26 10:55:25,843 - WARNING - Column mwp-recurring-flood not found in raster MCDWD_L3.A2010195.h22v04.061.2024303201912.tif. Adding with zeros.
2025-10-26 10:55:25,908 - WARNING - Column mwp-recurring-flood not found in raster MCDWD_L3.A2010198.h22v04.061.2024303205329.tif. Adding with zeros.
2025-10-26 10:55:25,990 - WARNING - Column mwp-recurring-flood not found in raster MCDWD_L3.A2010197.h22v04.061.2024303204002.tif. Adding with zeros.
2025-10-26 10:55:27,011 - WARNING - Column mwp-recurring-flood not found in raster MCDWD_L3.A2010200.h22v04.061.2024303211826.tif. Adding with zeros.
2025-10-26 10:55:27,012 - WARNING - Column mwp-recurring-flood not found in raster MCDWD_L3.A2010199.h22v04.061.2024303210437.tif. Adding with zeros.
2025-10-26 10:55:29,996 - WARNING - Column mwp-recurring-flood not found in raster MCDWD_L3.A2010203.h22v04.061.2024303214650.tif. Adding with zeros.
2025-10-26 10:55:30,026 - WARNING - Column mwp-recurring-flood not found in raster MCDWD_L3.A2010201.h22v04.061.2024303212705.tif. Adding with zeros.
2025-10-26 10:55:30,032 - WARNING - Column mwp-recurring-flood not found in raster MCDWD_L3.A2010202.h22v04.061.2024303214013.tif. Adding with zeros.
2025-10-26 10:55:30,034 - WARNING - Column mwp-recurring-flood not found in raster MCDWD_L3.A2010204.h22v04.061.2024303215934.tif. Adding with zeros.
2025-10-26 10:55:31,608 - WARNING - Column mwp-recurring-flood not found in raster MCDWD_L3.A2010205.h22v04.061.2024303220814.tif. Adding with zeros.
2025-10-26 10:55:31,623 - WARNING - Column mwp-recurring-flood not found in raster MCDWD_L3.A2010206.h22v04.061.2024303221845.tif. Adding with zeros.
2025-10-26 10:55:31,632 - WARNING - Column mwp-recurring-flood not found in raster MCDWD_L3.A2010207.h22v04.061.2024303222845.tif. Adding with zeros.
2025-10-26 10:55:31,666 - WARNING - Column mwp-recurring-flood not found in raster MCDWD_L3.A2010208.h22v04.061.2024303223756.tif. Adding with zeros.
2025-10-26 10:55:32,918 - WARNING - Column mwp-recurring-flood not found in raster MCDWD_L3.A2010210.h22v04.061.2024303230351.tif. Adding with zeros.
2025-10-26 10:55:32,919 - WARNING - Column mwp-recurring-flood not found in raster MCDWD_L3.A2010209.h22v04.061.2024303225648.tif. Adding with zeros.
2025-10-26 10:55:35,615 - WARNING - Column mwp-recurring-flood not found in raster MCDWD_L3.A2010212.h22v04.061.2024303233717.tif. Adding with zeros.
2025-10-26 10:55:35,634 - WARNING - Column mwp-recurring-flood not found in raster MCDWD_L3.A2010213.h22v04.061.2024303235337.tif. Adding with zeros.
2025-10-26 10:55:35,684 - WARNING - Column mwp-recurring-flood not found in raster MCDWD_L3.A2010211.h22v04.061.2024303232418.tif. Adding with zeros.
2025-10-26 10:55:35,732 - WARNING - Column mwp-recurring-flood not found in raster MCDWD_L3.A2010214.h22v04.061.2024304000935.tif. Adding with zeros.
2025-10-26 10:55:37,020 - WARNING - Column mwp-recurring-flood not found in raster MCDWD_L3.A2010217.h22v04.061.2024304005413.tif. Adding with zeros.
2025-10-26 10:55:37,033 - WARNING - Column mwp-recurring-flood not found in raster MCDWD_L3.A2010215.h22v04.061.2024304002221.tif. Adding with zeros.
2025-10-26 10:55:37,098 - WARNING - Column mwp-recurring-flood not found in raster MCDWD_L3.A2010216.h22v04.061.2024304003948.tif. Adding with zeros.
2025-10-26 10:55:37,261 - WARNING - Column mwp-recurring-flood not found in raster MCDWD_L3.A2010218.h22v04.061.2024304011052.tif. Adding with zeros.
2025-10-26 10:55:38,258 - WARNING - Column mwp-recurring-flood not found in raster MCDWD_L3.A2010219.h22v04.061.2024304012424.tif. Adding with zeros.
2025-10-26 10:55:38,283 - WARNING - Column mwp-recurring-flood not found in raster MCDWD_L3.A2010220.h22v04.061.2024304014430.tif. Adding with zeros.
2025-10-26 10:55:40,792 - WARNING - Column mwp-recurring-flood not found in raster MCDWD_L3.A2010224.h22v04.061.2024304024234.tif. Adding with zeros.
2025-10-26 10:55:40,807 - WARNING - Column mwp-recurring-flood not found in raster MCDWD_L3.A2010221.h22v04.061.2024304015427.tif. Adding with zeros.
2025-10-26 10:55:40,960 - WARNING - Column mwp-recurring-flood not found in raster MCDWD_L3.A2010223.h22v04.061.2024304022754.tif. Adding with zeros.
2025-10-26 10:55:40,998 - WARNING - Column mwp-recurring-flood not found in raster MCDWD_L3.A2010222.h22v04.061.2024304021137.tif. Adding with zeros.
2025-10-26 10:55:42,090 - WARNING - Column mwp-recurring-flood not found in raster MCDWD_L3.A2010226.h22v04.061.2024304030949.tif. Adding with zeros.
2025-10-26 10:55:42,125 - WARNING - Column mwp-recurring-flood not found in raster MCDWD_L3.A2010225.h22v04.061.2024304025615.tif. Adding with zeros.
2025-10-26 10:55:42,417 - WARNING - Column mwp-recurring-flood not found in raster MCDWD_L3.A2010227.h22v04.061.2024304032854.tif. Adding with zeros.
2025-10-26 10:55:42,513 - WARNING - Column mwp-recurring-flood not found in raster MCDWD_L3.A2010228.h22v04.061.2024304033926.tif. Adding with zeros.
2025-10-26 10:55:43,343 - WARNING - Column mwp-recurring-flood not found in raster MCDWD_L3.A2010229.h22v04.061.2024304035724.tif. Adding with zeros.
2025-10-26 10:55:43,377 - WARNING - Column mwp-recurring-flood not found in raster MCDWD_L3.A2010230.h22v04.061.2024304041240.tif. Adding with zeros.
2025-10-26 10:55:46,571 - WARNING - Column mwp-recurring-flood not found in raster MCDWD_L3.A2010234.h22v04.061.2024304052201.tif. Adding with zeros.
2025-10-26 10:55:46,578 - WARNING - Column mwp-recurring-flood not found in raster MCDWD_L3.A2010232.h22v04.061.2024304045413.tif. Adding with zeros.
2025-10-26 10:55:46,596 - WARNING - Column mwp-recurring-flood not found in raster MCDWD_L3.A2010231.h22v04.061.2024304042857.tif. Adding with zeros.
2025-10-26 10:55:46,623 - WARNING - Column mwp-recurring-flood not found in raster MCDWD_L3.A2010233.h22v04.061.2024304050511.tif. Adding with zeros.
2025-10-26 10:55:47,868 - WARNING - Column mwp-recurring-flood not found in raster MCDWD_L3.A2010236.h22v04.061.2024304060531.tif. Adding with zeros.
2025-10-26 10:55:47,870 - WARNING - Column mwp-recurring-flood not found in raster MCDWD_L3.A2010235.h22v04.061.2024304053323.tif. Adding with zeros.
2025-10-26 10:55:47,908 - WARNING - Column mwp-recurring-flood not found in raster MCDWD_L3.A2010237.h22v04.061.2024304061633.tif. Adding with zeros.
2025-10-26 10:55:47,924 - WARNING - Column mwp-recurring-flood not found in raster MCDWD_L3.A2010238.h22v04.061.2024304063933.tif. Adding with zeros.
2025-10-26 10:55:48,917 - WARNING - Column mwp-recurring-flood not found in raster MCDWD_L3.A2010239.h22v04.061.2024304064728.tif. Adding with zeros.
2025-10-26 10:55:48,935 - WARNING - Column mwp-recurring-flood not found in raster MCDWD_L3.A2010240.h22v04.061.2024304070322.tif. Adding with zeros.
2025-10-26 10:55:51,117 - WARNING - Column mwp-recurring-flood not found in raster MCDWD_L3.A2010241.h22v04.061.2024304072330.tif. Adding with zeros.
2025-10-26 10:55:51,125 - WARNING - Column mwp-recurring-flood not found in raster MCDWD_L3.A2010242.h22v04.061.2024304074606.tif. Adding with zeros.
2025-10-26 10:55:51,152 - WARNING - Column mwp-recurring-flood not found in raster MCDWD_L3.A2010244.h22v04.061.2024304081135.tif. Adding with zeros.
2025-10-26 10:55:51,152 - WARNING - Column mwp-recurring-flood not found in raster MCDWD_L3.A2010243.h22v04.061.2024304080433.tif. Adding with zeros.
2025-10-26 10:55:52,124 - WARNING - Column mwp-recurring-flood not found in raster MCDWD_L3.A2010245.h22v04.061.2024304083024.tif. Adding with zeros.
2025-10-26 10:55:52,138 - WARNING - Column mwp-recurring-flood not found in raster MCDWD_L3.A2010246.h22v04.061.2024304084241.tif. Adding with zeros.
2025-10-26 10:55:52,177 - WARNING - Column mwp-recurring-flood not found in raster MCDWD_L3.A2010248.h22v04.061.2024304090829.tif. Adding with zeros.
2025-10-26 10:55:52,184 - WARNING - Column mwp-recurring-flood not found in raster MCDWD_L3.A2010247.h22v04.061.2024304085742.tif. Adding with zeros.
2025-10-26 10:55:53,085 - WARNING - Column mwp-recurring-flood not found in raster MCDWD_L3.A2010249.h22v04.061.2024304092759.tif. Adding with zeros.
2025-10-26 10:55:53,112 - WARNING - Column mwp-recurring-flood not found in raster MCDWD_L3.A2010250.h22v04.061.2024304095001.tif. Adding with zeros.
2025-10-26 10:55:55,275 - WARNING - Column mwp-recurring-flood not found in raster MCDWD_L3.A2010251.h22v04.061.2024304095730.tif. Adding with zeros.
2025-10-26 10:55:55,276 - WARNING - Column mwp-recurring-flood not found in raster MCDWD_L3.A2010252.h22v04.061.2024304101257.tif. Adding with zeros.
2025-10-26 10:55:55,276 - WARNING - Column mwp-recurring-flood not found in raster MCDWD_L3.A2010253.h22v04.061.2024304102255.tif. Adding with zeros.
2025-10-26 10:55:55,277 - WARNING - Column mwp-recurring-flood not found in raster MCDWD_L3.A2010254.h22v04.061.2024304104044.tif. Adding with zeros.
2025-10-26 10:55:56,340 - WARNING - Column mwp-recurring-flood not found in raster MCDWD_L3.A2010258.h22v04.061.2024304113633.tif. Adding with zeros.
2025-10-26 10:55:56,342 - WARNING - Column mwp-recurring-flood not found in raster MCDWD_L3.A2010256.h22v04.061.2024304110804.tif. Adding with zeros.
2025-10-26 10:55:56,343 - WARNING - Column mwp-recurring-flood not found in raster MCDWD_L3.A2010255.h22v04.061.2024304105249.tif. Adding with zeros.
2025-10-26 10:55:56,345 - WARNING - Column mwp-recurring-flood not found in raster MCDWD_L3.A2010257.h22v04.061.2024304112337.tif. Adding with zeros.
2025-10-26 10:55:57,256 - WARNING - Column mwp-recurring-flood not found in raster MCDWD_L3.A2010260.h22v04.061.2024304120145.tif. Adding with zeros.
2025-10-26 10:55:57,262 - WARNING - Column mwp-recurring-flood not found in raster MCDWD_L3.A2010259.h22v04.061.2024304115309.tif. Adding with zeros.
2025-10-26 10:55:59,492 - WARNING - Column mwp-recurring-flood not found in raster MCDWD_L3.A2010261.h22v04.061.2024304121723.tif. Adding with zeros.
2025-10-26 10:55:59,496 - WARNING - Column mwp-recurring-flood not found in raster MCDWD_L3.A2010264.h22v04.061.2024304125523.tif. Adding with zeros.
2025-10-26 10:55:59,503 - WARNING - Column mwp-recurring-flood not found in raster MCDWD_L3.A2010262.h22v04.061.2024304123138.tif. Adding with zeros.
2025-10-26 10:55:59,524 - WARNING - Column mwp-recurring-flood not found in raster MCDWD_L3.A2010263.h22v04.061.2024304124312.tif. Adding with zeros.
2025-10-26 10:56:00,504 - WARNING - Column mwp-recurring-flood not found in raster MCDWD_L3.A2010265.h22v04.061.2024304130855.tif. Adding with zeros.
2025-10-26 10:56:00,513 - WARNING - Column mwp-recurring-flood not found in raster MCDWD_L3.A2010266.h22v04.061.2024304132150.tif. Adding with zeros.
2025-10-26 10:56:00,536 - WARNING - Column mwp-recurring-flood not found in raster MCDWD_L3.A2010267.h22v04.061.2024304133416.tif. Adding with zeros.
2025-10-26 10:56:00,554 - WARNING - Column mwp-recurring-flood not found in raster MCDWD_L3.A2010268.h22v04.061.2024304134943.tif. Adding with zeros.
2025-10-26 10:56:01,414 - WARNING - Column mwp-recurring-flood not found in raster MCDWD_L3.A2010269.h22v04.061.2024304140256.tif. Adding with zeros.
2025-10-26 10:56:01,426 - WARNING - Column mwp-recurring-flood not found in raster MCDWD_L3.A2010270.h22v04.061.2024304141928.tif. Adding with zeros.
2025-10-26 10:56:03,534 - WARNING - Column mwp-recurring-flood not found in raster MCDWD_L3.A2010271.h22v04.061.2024304143039.tif. Adding with zeros.
2025-10-26 10:56:03,539 - WARNING - Column mwp-recurring-flood not found in raster MCDWD_L3.A2010273.h22v04.061.2024304150634.tif. Adding with zeros.
2025-10-26 10:56:03,541 - WARNING - Column mwp-recurring-flood not found in raster MCDWD_L3.A2010272.h22v04.061.2024304144746.tif. Adding with zeros.
2025-10-26 10:56:03,546 - WARNING - Column mwp-recurring-flood not found in raster MCDWD_L3.A2010274.h22v04.061.2024304152018.tif. Adding with zeros.
2025-10-26 10:56:04,525 - WARNING - Column mwp-recurring-flood not found in raster MCDWD_L3.A2010275.h22v04.061.2024304153727.tif. Adding with zeros.
2025-10-26 10:56:04,540 - WARNING - Column mwp-recurring-flood not found in raster MCDWD_L3.A2010276.h22v04.061.2024304155249.tif. Adding with zeros.
2025-10-26 10:56:04,556 - WARNING - Column mwp-recurring-flood not found in raster MCDWD_L3.A2010278.h22v04.061.2024304163550.tif. Adding with zeros.
2025-10-26 10:56:04,567 - WARNING - Column mwp-recurring-flood not found in raster MCDWD_L3.A2010277.h22v04.061.2024304162337.tif. Adding with zeros.
2025-10-26 10:56:05,399 - WARNING - Column mwp-recurring-flood not found in raster MCDWD_L3.A2010279.h22v04.061.2024304165445.tif. Adding with zeros.
2025-10-26 10:56:05,410 - WARNING - Column mwp-recurring-flood not found in raster MCDWD_L3.A2010280.h22v04.061.2024304171412.tif. Adding with zeros.
2025-10-26 10:56:07,596 - WARNING - Column mwp-recurring-flood not found in raster MCDWD_L3.A2010282.h22v04.061.2024304175702.tif. Adding with zeros.
2025-10-26 10:56:07,598 - WARNING - Column mwp-recurring-flood not found in raster MCDWD_L3.A2010281.h22v04.061.2024304173403.tif. Adding with zeros.
2025-10-26 10:56:07,600 - WARNING - Column mwp-recurring-flood not found in raster MCDWD_L3.A2010284.h22v04.061.2024304182425.tif. Adding with zeros.
2025-10-26 10:56:07,605 - WARNING - Column mwp-recurring-flood not found in raster MCDWD_L3.A2010283.h22v04.061.2024304180532.tif. Adding with zeros.
2025-10-26 10:56:08,966 - WARNING - Column mwp-recurring-flood not found in raster MCDWD_L3.A2010285.h22v04.061.2024304183454.tif. Adding with zeros.
2025-10-26 10:56:08,966 - WARNING - Column mwp-recurring-flood not found in raster MCDWD_L3.A2010286.h22v04.061.2024304185336.tif. Adding with zeros.
2025-10-26 10:56:08,968 - WARNING - Column mwp-recurring-flood not found in raster MCDWD_L3.A2010288.h22v04.061.2024304192641.tif. Adding with zeros.
2025-10-26 10:56:08,968 - WARNING - Column mwp-recurring-flood not found in raster MCDWD_L3.A2010287.h22v04.061.2024304190555.tif. Adding with zeros.
2025-10-26 10:56:10,304 - WARNING - Column mwp-recurring-flood not found in raster MCDWD_L3.A2010290.h22v04.061.2024304194453.tif. Adding with zeros.
2025-10-26 10:56:10,307 - WARNING - Column mwp-recurring-flood not found in raster MCDWD_L3.A2010289.h22v04.061.2024304193414.tif. Adding with zeros.
2025-10-26 10:56:12,948 - WARNING - Column mwp-recurring-flood not found in raster MCDWD_L3.A2010294.h22v04.061.2024304204519.tif. Adding with zeros.
2025-10-26 10:56:12,985 - WARNING - Column mwp-recurring-flood not found in raster MCDWD_L3.A2010293.h22v04.061.2024304202838.tif. Adding with zeros.
2025-10-26 10:56:13,217 - WARNING - Column mwp-recurring-flood not found in raster MCDWD_L3.A2010291.h22v04.061.2024304200114.tif. Adding with zeros.
2025-10-26 10:56:13,217 - WARNING - Column mwp-recurring-flood not found in raster MCDWD_L3.A2010292.h22v04.061.2024304201226.tif. Adding with zeros.
2025-10-26 10:56:14,529 - WARNING - Column mwp-recurring-flood not found in raster MCDWD_L3.A2010295.h22v04.061.2024304205803.tif. Adding with zeros.
2025-10-26 10:56:14,532 - WARNING - Column mwp-recurring-flood not found in raster MCDWD_L3.A2010296.h22v04.061.2024304211513.tif. Adding with zeros.
2025-10-26 10:56:14,782 - WARNING - Column mwp-recurring-flood not found in raster MCDWD_L3.A2010297.h22v04.061.2024304214308.tif. Adding with zeros.
2025-10-26 10:56:14,816 - WARNING - Column mwp-recurring-flood not found in raster MCDWD_L3.A2010298.h22v04.061.2024304220928.tif. Adding with zeros.
2025-10-26 10:56:15,934 - WARNING - Column mwp-recurring-flood not found in raster MCDWD_L3.A2010299.h22v04.061.2024304223753.tif. Adding with zeros.
2025-10-26 10:56:15,938 - WARNING - Column mwp-recurring-flood not found in raster MCDWD_L3.A2010300.h22v04.061.2024304230547.tif. Adding with zeros.
2025-10-26 10:56:18,825 - WARNING - Column mwp-recurring-flood not found in raster MCDWD_L3.A2010304.h22v04.061.2024305003618.tif. Adding with zeros.
2025-10-26 10:56:18,849 - WARNING - Column mwp-recurring-flood not found in raster MCDWD_L3.A2010303.h22v04.061.2024305001502.tif. Adding with zeros.
2025-10-26 10:56:18,856 - WARNING - Column mwp-recurring-flood not found in raster MCDWD_L3.A2010302.h22v04.061.2024304234947.tif. Adding with zeros.
2025-10-26 10:56:18,880 - WARNING - Column mwp-recurring-flood not found in raster MCDWD_L3.A2010301.h22v04.061.2024304232535.tif. Adding with zeros.
2025-10-26 10:56:20,396 - WARNING - Column mwp-recurring-flood not found in raster MCDWD_L3.A2010305.h22v04.061.2024305010142.tif. Adding with zeros.
2025-10-26 10:56:20,398 - WARNING - Column mwp-recurring-flood not found in raster MCDWD_L3.A2010306.h22v04.061.2024305011846.tif. Adding with zeros.
2025-10-26 10:56:20,401 - WARNING - Column mwp-recurring-flood not found in raster MCDWD_L3.A2010307.h22v04.061.2024305014307.tif. Adding with zeros.
2025-10-26 10:56:20,426 - WARNING - Column mwp-recurring-flood not found in raster MCDWD_L3.A2010308.h22v04.061.2024305020143.tif. Adding with zeros.
2025-10-26 10:56:21,654 - WARNING - Column mwp-recurring-flood not found in raster MCDWD_L3.A2010310.h22v04.061.2024305024757.tif. Adding with zeros.
2025-10-26 10:56:21,654 - WARNING - Column mwp-recurring-flood not found in raster MCDWD_L3.A2010309.h22v04.061.2024305023010.tif. Adding with zeros.
2025-10-26 10:56:24,378 - WARNING - Column mwp-recurring-flood not found in raster MCDWD_L3.A2010311.h22v04.061.2024305030948.tif. Adding with zeros.
2025-10-26 10:56:24,424 - WARNING - Column mwp-recurring-flood not found in raster MCDWD_L3.A2010312.h22v04.061.2024305033129.tif. Adding with zeros.
2025-10-26 10:56:24,472 - WARNING - Column mwp-recurring-flood not found in raster MCDWD_L3.A2010313.h22v04.061.2024305035256.tif. Adding with zeros.
2025-10-26 10:56:24,482 - WARNING - Column mwp-recurring-flood not found in raster MCDWD_L3.A2010314.h22v04.061.2024305041542.tif. Adding with zeros.
2025-10-26 10:56:25,883 - WARNING - Column mwp-recurring-flood not found in raster MCDWD_L3.A2010315.h22v04.061.2024305043436.tif. Adding with zeros.
2025-10-26 10:56:25,947 - WARNING - Column mwp-recurring-flood not found in raster MCDWD_L3.A2010316.h22v04.061.2024305045654.tif. Adding with zeros.
2025-10-26 10:56:25,981 - WARNING - Column mwp-recurring-flood not found in raster MCDWD_L3.A2010317.h22v04.061.2024305051538.tif. Adding with zeros.
2025-10-26 10:56:25,999 - WARNING - Column mwp-recurring-flood not found in raster MCDWD_L3.A2010318.h22v04.061.2024305053919.tif. Adding with zeros.
2025-10-26 10:56:27,327 - WARNING - Column mwp-recurring-flood not found in raster MCDWD_L3.A2010319.h22v04.061.2024305055955.tif. Adding with zeros.
2025-10-26 10:56:27,374 - WARNING - Column mwp-recurring-flood not found in raster MCDWD_L3.A2010320.h22v04.061.2024305062043.tif. Adding with zeros.
2025-10-26 10:56:30,046 - WARNING - Column mwp-recurring-flood not found in raster MCDWD_L3.A2010322.h22v04.061.2024305070000.tif. Adding with zeros.
2025-10-26 10:56:30,101 - WARNING - Column mwp-recurring-flood not found in raster MCDWD_L3.A2010323.h22v04.061.2024305072343.tif. Adding with zeros.
2025-10-26 10:56:30,114 - WARNING - Column mwp-recurring-flood not found in raster MCDWD_L3.A2010324.h22v04.061.2024305074130.tif. Adding with zeros.
2025-10-26 10:56:30,149 - WARNING - Column mwp-recurring-flood not found in raster MCDWD_L3.A2010321.h22v04.061.2024305065041.tif. Adding with zeros.
2025-10-26 10:56:31,618 - WARNING - Column mwp-recurring-flood not found in raster MCDWD_L3.A2010325.h22v04.061.2024305080634.tif. Adding with zeros.
2025-10-26 10:56:31,674 - WARNING - Column mwp-recurring-flood not found in raster MCDWD_L3.A2010326.h22v04.061.2024305083043.tif. Adding with zeros.
2025-10-26 10:56:31,711 - WARNING - Column mwp-recurring-flood not found in raster MCDWD_L3.A2010327.h22v04.061.2024305085408.tif. Adding with zeros.
2025-10-26 10:56:31,747 - WARNING - Column mwp-recurring-flood not found in raster MCDWD_L3.A2010328.h22v04.061.2024305090824.tif. Adding with zeros.
2025-10-26 10:56:32,944 - WARNING - Column mwp-recurring-flood not found in raster MCDWD_L3.A2010329.h22v04.061.2024305093506.tif. Adding with zeros.
2025-10-26 10:56:32,982 - WARNING - Column mwp-recurring-flood not found in raster MCDWD_L3.A2010330.h22v04.061.2024305095548.tif. Adding with zeros.
2025-10-26 10:56:35,758 - WARNING - Column mwp-recurring-flood not found in raster MCDWD_L3.A2010331.h22v04.061.2024305101029.tif. Adding with zeros.
2025-10-26 10:56:35,761 - WARNING - Column mwp-recurring-flood not found in raster MCDWD_L3.A2010332.h22v04.061.2024305103239.tif. Adding with zeros.
2025-10-26 10:56:35,809 - WARNING - Column mwp-recurring-flood not found in raster MCDWD_L3.A2010333.h22v04.061.2024305105000.tif. Adding with zeros.
2025-10-26 10:56:35,843 - WARNING - Column mwp-recurring-flood not found in raster MCDWD_L3.A2010334.h22v04.061.2024305110806.tif. Adding with zeros.
2025-10-26 10:56:37,129 - WARNING - Column mwp-recurring-flood not found in raster MCDWD_L3.A2010336.h22v04.061.2024305113851.tif. Adding with zeros.
2025-10-26 10:56:37,149 - WARNING - Column mwp-recurring-flood not found in raster MCDWD_L3.A2010335.h22v04.061.2024305112419.tif. Adding with zeros.
2025-10-26 10:56:37,310 - WARNING - Column mwp-recurring-flood not found in raster MCDWD_L3.A2010337.h22v04.061.2024305115917.tif. Adding with zeros.
2025-10-26 10:56:37,402 - WARNING - Column mwp-recurring-flood not found in raster MCDWD_L3.A2010338.h22v04.061.2024305121541.tif. Adding with zeros.
2025-10-26 10:56:38,216 - WARNING - Column mwp-recurring-flood not found in raster MCDWD_L3.A2010339.h22v04.061.2024305123500.tif. Adding with zeros.
2025-10-26 10:56:38,279 - WARNING - Column mwp-recurring-flood not found in raster MCDWD_L3.A2010340.h22v04.061.2024305124554.tif. Adding with zeros.
2025-10-26 10:56:41,146 - WARNING - Column mwp-recurring-flood not found in raster MCDWD_L3.A2010344.h22v04.061.2024305171420.tif. Adding with zeros.
2025-10-26 10:56:41,149 - WARNING - Column mwp-recurring-flood not found in raster MCDWD_L3.A2010343.h22v04.061.2024305143303.tif. Adding with zeros.
2025-10-26 10:56:41,181 - WARNING - Column mwp-recurring-flood not found in raster MCDWD_L3.A2010342.h22v04.061.2024305142928.tif. Adding with zeros.
2025-10-26 10:56:41,195 - WARNING - Column mwp-recurring-flood not found in raster MCDWD_L3.A2010341.h22v04.061.2024305130216.tif. Adding with zeros.
2025-10-26 10:56:42,608 - WARNING - Column mwp-recurring-flood not found in raster MCDWD_L3.A2010346.h22v04.061.2024305200313.tif. Adding with zeros.
2025-10-26 10:56:42,657 - WARNING - Column mwp-recurring-flood not found in raster MCDWD_L3.A2010345.h22v04.061.2024305190613.tif. Adding with zeros.
2025-10-26 10:56:42,681 - WARNING - Column mwp-recurring-flood not found in raster MCDWD_L3.A2010348.h22v04.061.2024305204628.tif. Adding with zeros.
2025-10-26 10:56:42,698 - WARNING - Column mwp-recurring-flood not found in raster MCDWD_L3.A2010347.h22v04.061.2024305202955.tif. Adding with zeros.
2025-10-26 10:56:43,954 - WARNING - Column mwp-recurring-flood not found in raster MCDWD_L3.A2010349.h22v04.061.2024305210934.tif. Adding with zeros.
2025-10-26 10:56:43,979 - WARNING - Column mwp-recurring-flood not found in raster MCDWD_L3.A2010350.h22v04.061.2024306150300.tif. Adding with zeros.
2025-10-26 10:56:46,493 - WARNING - Column mwp-recurring-flood not found in raster MCDWD_L3.A2010351.h22v04.061.2024306152321.tif. Adding with zeros.
2025-10-26 10:56:46,534 - WARNING - Column mwp-recurring-flood not found in raster MCDWD_L3.A2010353.h22v04.061.2024306154448.tif. Adding with zeros.
2025-10-26 10:56:46,722 - WARNING - Column mwp-recurring-flood not found in raster MCDWD_L3.A2010354.h22v04.061.2024306155812.tif. Adding with zeros.
2025-10-26 10:56:46,775 - WARNING - Column mwp-recurring-flood not found in raster MCDWD_L3.A2010352.h22v04.061.2024306153427.tif. Adding with zeros.
2025-10-26 10:56:48,005 - WARNING - Column mwp-recurring-flood not found in raster MCDWD_L3.A2010356.h22v04.061.2024306160729.tif. Adding with zeros.
2025-10-26 10:56:48,028 - WARNING - Column mwp-recurring-flood not found in raster MCDWD_L3.A2010355.h22v04.061.2024306160450.tif. Adding with zeros.
2025-10-26 10:56:48,235 - WARNING - Column mwp-recurring-flood not found in raster MCDWD_L3.A2010357.h22v04.061.2024306161243.tif. Adding with zeros.
2025-10-26 10:56:48,258 - WARNING - Column mwp-recurring-flood not found in raster MCDWD_L3.A2010358.h22v04.061.2024306161701.tif. Adding with zeros.
2025-10-26 10:56:49,265 - WARNING - Column mwp-recurring-flood not found in raster MCDWD_L3.A2010360.h22v04.061.2024306162809.tif. Adding with zeros.
2025-10-26 10:56:49,265 - WARNING - Column mwp-recurring-flood not found in raster MCDWD_L3.A2010359.h22v04.061.2024306162203.tif. Adding with zeros.
2025-10-26 10:56:52,059 - WARNING - Column mwp-recurring-flood not found in raster MCDWD_L3.A2010363.h22v04.061.2024306164138.tif. Adding with zeros.
2025-10-26 10:56:52,061 - WARNING - Column mwp-recurring-flood not found in raster MCDWD_L3.A2010364.h22v04.061.2024306164636.tif. Adding with zeros.
2025-10-26 10:56:52,083 - WARNING - Column mwp-recurring-flood not found in raster MCDWD_L3.A2010361.h22v04.061.2024306163202.tif. Adding with zeros.
2025-10-26 10:56:52,091 - WARNING - Column mwp-recurring-flood not found in raster MCDWD_L3.A2010362.h22v04.061.2024306163938.tif. Adding with zeros.
2025-10-26 10:56:52,998 - WARNING - Column mwp-recurring-flood not found in raster MCDWD_L3.A2010365.h22v04.061.2024306165119.tif. Adding with zeros.
2025-10-26 10:56:53,449 - INFO - Zwischenergebnisse gespeichert in T:\DLR\Analysis3\Output\Nasaflood2\intermediate_h22v04_2010.csv
2025-10-26 10:56:53,449 - INFO - Verarbeite Tile h22v04 für Jahr 2021
2025-10-26 10:56:53,474 - INFO - Insgesamt 364 passende Dateipaare gefunden
2025-10-26 10:56:53,475 - INFO - 364 passende Dateien für h22v04, 2021 gefunden
2025-10-26 10:56:55,849 - WARNING - Column mwp-recurring-flood not found in raster MCDWD_L3.A2021003.h22v04.061.2024348161808.tif. Adding with zeros.
2025-10-26 10:56:55,879 - WARNING - Column mwp-recurring-flood not found in raster MCDWD_L3.A2021004.h22v04.061.2024348162644.tif. Adding with zeros.
2025-10-26 10:56:56,086 - WARNING - Column mwp-recurring-flood not found in raster MCDWD_L3.A2021001.h22v04.061.2025064154951.tif. Adding with zeros.
2025-10-26 10:56:56,117 - WARNING - Column mwp-recurring-flood not found in raster MCDWD_L3.A2021002.h22v04.061.2025064160746.tif. Adding with zeros.
2025-10-26 10:56:57,404 - WARNING - Column mwp-recurring-flood not found in raster MCDWD_L3.A2021005.h22v04.061.2024350150836.tif. Adding with zeros.
2025-10-26 10:56:57,421 - WARNING - Column mwp-recurring-flood not found in raster MCDWD_L3.A2021006.h22v04.061.2024350151100.tif. Adding with zeros.
2025-10-26 10:56:57,640 - WARNING - Column mwp-recurring-flood not found in raster MCDWD_L3.A2021007.h22v04.061.2024350151300.tif. Adding with zeros.
2025-10-26 10:56:57,657 - WARNING - Column mwp-recurring-flood not found in raster MCDWD_L3.A2021008.h22v04.061.2024350151613.tif. Adding with zeros.
2025-10-26 10:56:58,680 - WARNING - Column mwp-recurring-flood not found in raster MCDWD_L3.A2021009.h22v04.061.2024350151757.tif. Adding with zeros.
2025-10-26 10:56:58,692 - WARNING - Column mwp-recurring-flood not found in raster MCDWD_L3.A2021010.h22v04.061.2024350152043.tif. Adding with zeros.
2025-10-26 10:57:01,529 - WARNING - Column mwp-recurring-flood not found in raster MCDWD_L3.A2021013.h22v04.061.2024350152951.tif. Adding with zeros.
2025-10-26 10:57:01,530 - WARNING - Column mwp-flood not found in raster MCDWD_L3.A2021013.h22v04.061.2024350152951.tif. Adding with zeros.
2025-10-26 10:57:01,540 - WARNING - Column mwp-recurring-flood not found in raster MCDWD_L3.A2021014.h22v04.061.2024350153232.tif. Adding with zeros.
2025-10-26 10:57:01,541 - WARNING - Column mwp-flood not found in raster MCDWD_L3.A2021014.h22v04.061.2024350153232.tif. Adding with zeros.
2025-10-26 10:57:01,544 - WARNING - Column mwp-recurring-flood not found in raster MCDWD_L3.A2021012.h22v04.061.2024350152636.tif. Adding with zeros.
2025-10-26 10:57:01,546 - WARNING - Column mwp-recurring-flood not found in raster MCDWD_L3.A2021011.h22v04.061.2024350152325.tif. Adding with zeros.
2025-10-26 10:57:03,003 - WARNING - Column mwp-recurring-flood not found in raster MCDWD_L3.A2021015.h22v04.061.2024350153559.tif. Adding with zeros.
2025-10-26 10:57:03,036 - WARNING - Column mwp-recurring-flood not found in raster MCDWD_L3.A2021018.h22v04.061.2024350154341.tif. Adding with zeros.
2025-10-26 10:57:03,094 - WARNING - Column mwp-recurring-flood not found in raster MCDWD_L3.A2021017.h22v04.061.2024350154146.tif. Adding with zeros.
2025-10-26 10:57:03,117 - WARNING - Column mwp-recurring-flood not found in raster MCDWD_L3.A2021016.h22v04.061.2024350153734.tif. Adding with zeros.
2025-10-26 10:57:04,411 - WARNING - Column mwp-recurring-flood not found in raster MCDWD_L3.A2021019.h22v04.061.2024350154650.tif. Adding with zeros.
2025-10-26 10:57:04,440 - WARNING - Column mwp-recurring-flood not found in raster MCDWD_L3.A2021020.h22v04.061.2024350154939.tif. Adding with zeros.
2025-10-26 10:57:04,440 - WARNING - Column mwp-flood not found in raster MCDWD_L3.A2021020.h22v04.061.2024350154939.tif. Adding with zeros.
2025-10-26 10:57:07,242 - WARNING - Column mwp-recurring-flood not found in raster MCDWD_L3.A2021023.h22v04.061.2024350155842.tif. Adding with zeros.
2025-10-26 10:57:07,244 - WARNING - Column mwp-recurring-flood not found in raster MCDWD_L3.A2021022.h22v04.061.2024350155502.tif. Adding with zeros.
2025-10-26 10:57:07,295 - WARNING - Column mwp-recurring-flood not found in raster MCDWD_L3.A2021021.h22v04.061.2024350155156.tif. Adding with zeros.
2025-10-26 10:57:07,305 - WARNING - Column mwp-recurring-flood not found in raster MCDWD_L3.A2021024.h22v04.061.2024350160243.tif. Adding with zeros.
2025-10-26 10:57:08,674 - WARNING - Column mwp-recurring-flood not found in raster MCDWD_L3.A2021026.h22v04.061.2024350160948.tif. Adding with zeros.
2025-10-26 10:57:08,787 - WARNING - Column mwp-recurring-flood not found in raster MCDWD_L3.A2021025.h22v04.061.2024350160439.tif. Adding with zeros.
2025-10-26 10:57:08,797 - WARNING - Column mwp-recurring-flood not found in raster MCDWD_L3.A2021028.h22v04.061.2024350161631.tif. Adding with zeros.
2025-10-26 10:57:08,815 - WARNING - Column mwp-recurring-flood not found in raster MCDWD_L3.A2021027.h22v04.061.2024350161214.tif. Adding with zeros.
2025-10-26 10:57:09,915 - WARNING - Column mwp-recurring-flood not found in raster MCDWD_L3.A2021029.h22v04.061.2024350161937.tif. Adding with zeros.
2025-10-26 10:57:09,989 - WARNING - Column mwp-recurring-flood not found in raster MCDWD_L3.A2021030.h22v04.061.2024350162159.tif. Adding with zeros.
2025-10-26 10:57:12,708 - WARNING - Column mwp-recurring-flood not found in raster MCDWD_L3.A2021034.h22v04.061.2024350163350.tif. Adding with zeros.
2025-10-26 10:57:12,811 - WARNING - Column mwp-recurring-flood not found in raster MCDWD_L3.A2021032.h22v04.061.2024350162750.tif. Adding with zeros.
2025-10-26 10:57:12,823 - WARNING - Column mwp-recurring-flood not found in raster MCDWD_L3.A2021031.h22v04.061.2024350162546.tif. Adding with zeros.
2025-10-26 10:57:12,838 - WARNING - Column mwp-recurring-flood not found in raster MCDWD_L3.A2021033.h22v04.061.2024350163232.tif. Adding with zeros.
2025-10-26 10:57:14,191 - WARNING - Column mwp-recurring-flood not found in raster MCDWD_L3.A2021035.h22v04.061.2024350163744.tif. Adding with zeros.
2025-10-26 10:57:14,313 - WARNING - Column mwp-recurring-flood not found in raster MCDWD_L3.A2021036.h22v04.061.2024350164055.tif. Adding with zeros.
2025-10-26 10:57:14,372 - WARNING - Column mwp-recurring-flood not found in raster MCDWD_L3.A2021037.h22v04.061.2024350164424.tif. Adding with zeros.
2025-10-26 10:57:14,375 - WARNING - Column mwp-recurring-flood not found in raster MCDWD_L3.A2021038.h22v04.061.2024350164748.tif. Adding with zeros.
2025-10-26 10:57:15,652 - WARNING - Column mwp-recurring-flood not found in raster MCDWD_L3.A2021039.h22v04.061.2024350165038.tif. Adding with zeros.
2025-10-26 10:57:15,740 - WARNING - Column mwp-recurring-flood not found in raster MCDWD_L3.A2021040.h22v04.061.2024350165452.tif. Adding with zeros.
2025-10-26 10:57:18,072 - WARNING - Column mwp-recurring-flood not found in raster MCDWD_L3.A2021042.h22v04.061.2024350170154.tif. Adding with zeros.
2025-10-26 10:57:18,073 - WARNING - Column mwp-recurring-flood not found in raster MCDWD_L3.A2021043.h22v04.061.2024350170509.tif. Adding with zeros.
2025-10-26 10:57:18,075 - WARNING - Column mwp-recurring-flood not found in raster MCDWD_L3.A2021044.h22v04.061.2024350170936.tif. Adding with zeros.
2025-10-26 10:57:18,075 - WARNING - Column mwp-recurring-flood not found in raster MCDWD_L3.A2021041.h22v04.061.2024350165723.tif. Adding with zeros.
2025-10-26 10:57:19,083 - WARNING - Column mwp-recurring-flood not found in raster MCDWD_L3.A2021047.h22v04.061.2024350172020.tif. Adding with zeros.
2025-10-26 10:57:19,097 - WARNING - Column mwp-recurring-flood not found in raster MCDWD_L3.A2021046.h22v04.061.2024350171622.tif. Adding with zeros.
2025-10-26 10:57:19,099 - WARNING - Column mwp-recurring-flood not found in raster MCDWD_L3.A2021045.h22v04.061.2024350171243.tif. Adding with zeros.
2025-10-26 10:57:19,110 - WARNING - Column mwp-recurring-flood not found in raster MCDWD_L3.A2021048.h22v04.061.2024350172200.tif. Adding with zeros.
2025-10-26 10:57:19,943 - WARNING - Column mwp-recurring-flood not found in raster MCDWD_L3.A2021049.h22v04.061.2024350172738.tif. Adding with zeros.
2025-10-26 10:57:19,971 - WARNING - Column mwp-recurring-flood not found in raster MCDWD_L3.A2021050.h22v04.061.2024350172936.tif. Adding with zeros.
2025-10-26 10:57:22,139 - WARNING - Column mwp-recurring-flood not found in raster MCDWD_L3.A2021052.h22v04.061.2024350173731.tif. Adding with zeros.
2025-10-26 10:57:22,143 - WARNING - Column mwp-recurring-flood not found in raster MCDWD_L3.A2021053.h22v04.061.2024350174121.tif. Adding with zeros.
2025-10-26 10:57:22,145 - WARNING - Column mwp-recurring-flood not found in raster MCDWD_L3.A2021054.h22v04.061.2024350174511.tif. Adding with zeros.
2025-10-26 10:57:22,171 - WARNING - Column mwp-recurring-flood not found in raster MCDWD_L3.A2021051.h22v04.061.2024350173413.tif. Adding with zeros.
2025-10-26 10:57:23,165 - WARNING - Column mwp-recurring-flood not found in raster MCDWD_L3.A2021056.h22v04.061.2024350175323.tif. Adding with zeros.
2025-10-26 10:57:23,173 - WARNING - Column mwp-recurring-flood not found in raster MCDWD_L3.A2021055.h22v04.061.2024350174815.tif. Adding with zeros.
2025-10-26 10:57:23,175 - WARNING - Column mwp-recurring-flood not found in raster MCDWD_L3.A2021057.h22v04.061.2024350175447.tif. Adding with zeros.
2025-10-26 10:57:23,189 - WARNING - Column mwp-recurring-flood not found in raster MCDWD_L3.A2021058.h22v04.061.2024350175932.tif. Adding with zeros.
2025-10-26 10:57:24,067 - WARNING - Column mwp-recurring-flood not found in raster MCDWD_L3.A2021059.h22v04.061.2024350180257.tif. Adding with zeros.
2025-10-26 10:57:24,074 - WARNING - Column mwp-recurring-flood not found in raster MCDWD_L3.A2021060.h22v04.061.2024350180729.tif. Adding with zeros.
2025-10-26 10:57:26,259 - WARNING - Column mwp-recurring-flood not found in raster MCDWD_L3.A2021061.h22v04.061.2024350181114.tif. Adding with zeros.
2025-10-26 10:57:26,268 - WARNING - Column mwp-recurring-flood not found in raster MCDWD_L3.A2021064.h22v04.061.2024350182216.tif. Adding with zeros.
2025-10-26 10:57:26,269 - WARNING - Column mwp-recurring-flood not found in raster MCDWD_L3.A2021063.h22v04.061.2024350182023.tif. Adding with zeros.
2025-10-26 10:57:26,275 - WARNING - Column mwp-recurring-flood not found in raster MCDWD_L3.A2021062.h22v04.061.2024350181524.tif. Adding with zeros.
2025-10-26 10:57:27,627 - WARNING - Column mwp-recurring-flood not found in raster MCDWD_L3.A2021067.h22v04.061.2024350183337.tif. Adding with zeros.
2025-10-26 10:57:27,670 - WARNING - Column mwp-recurring-flood not found in raster MCDWD_L3.A2021068.h22v04.061.2024350183643.tif. Adding with zeros.
2025-10-26 10:57:27,691 - WARNING - Column mwp-recurring-flood not found in raster MCDWD_L3.A2021066.h22v04.061.2024350182939.tif. Adding with zeros.
2025-10-26 10:57:27,701 - WARNING - Column mwp-recurring-flood not found in raster MCDWD_L3.A2021065.h22v04.061.2024350182656.tif. Adding with zeros.
2025-10-26 10:57:28,754 - WARNING - Column mwp-recurring-flood not found in raster MCDWD_L3.A2021069.h22v04.061.2024350184113.tif. Adding with zeros.
2025-10-26 10:57:28,781 - WARNING - Column mwp-recurring-flood not found in raster MCDWD_L3.A2021070.h22v04.061.2024350184559.tif. Adding with zeros.
2025-10-26 10:57:31,398 - WARNING - Column mwp-recurring-flood not found in raster MCDWD_L3.A2021072.h22v04.061.2024350185343.tif. Adding with zeros.
2025-10-26 10:57:31,418 - WARNING - Column mwp-recurring-flood not found in raster MCDWD_L3.A2021071.h22v04.061.2024350184920.tif. Adding with zeros.
2025-10-26 10:57:31,420 - WARNING - Column mwp-recurring-flood not found in raster MCDWD_L3.A2021074.h22v04.061.2024350185914.tif. Adding with zeros.
2025-10-26 10:57:31,423 - WARNING - Column mwp-recurring-flood not found in raster MCDWD_L3.A2021073.h22v04.061.2024350185458.tif. Adding with zeros.
2025-10-26 10:57:32,647 - WARNING - Column mwp-recurring-flood not found in raster MCDWD_L3.A2021075.h22v04.061.2024350190203.tif. Adding with zeros.
2025-10-26 10:57:32,705 - WARNING - Column mwp-recurring-flood not found in raster MCDWD_L3.A2021076.h22v04.061.2024350190541.tif. Adding with zeros.
2025-10-26 10:57:32,711 - WARNING - Column mwp-recurring-flood not found in raster MCDWD_L3.A2021077.h22v04.061.2024350190847.tif. Adding with zeros.
2025-10-26 10:57:32,746 - WARNING - Column mwp-recurring-flood not found in raster MCDWD_L3.A2021078.h22v04.061.2024350191141.tif. Adding with zeros.
2025-10-26 10:57:33,822 - WARNING - Column mwp-recurring-flood not found in raster MCDWD_L3.A2021079.h22v04.061.2024350191610.tif. Adding with zeros.
2025-10-26 10:57:33,856 - WARNING - Column mwp-recurring-flood not found in raster MCDWD_L3.A2021080.h22v04.061.2024350191717.tif. Adding with zeros.
2025-10-26 10:57:36,974 - WARNING - Column mwp-recurring-flood not found in raster MCDWD_L3.A2021083.h22v04.061.2024350192720.tif. Adding with zeros.
2025-10-26 10:57:36,980 - WARNING - Column mwp-recurring-flood not found in raster MCDWD_L3.A2021082.h22v04.061.2024350192328.tif. Adding with zeros.
2025-10-26 10:57:37,040 - WARNING - Column mwp-recurring-flood not found in raster MCDWD_L3.A2021081.h22v04.061.2024350192203.tif. Adding with zeros.
2025-10-26 10:57:37,050 - WARNING - Column mwp-recurring-flood not found in raster MCDWD_L3.A2021084.h22v04.061.2024350192958.tif. Adding with zeros.
2025-10-26 10:57:38,235 - WARNING - Column mwp-recurring-flood not found in raster MCDWD_L3.A2021085.h22v04.061.2024350193401.tif. Adding with zeros.
2025-10-26 10:57:38,253 - WARNING - Column mwp-recurring-flood not found in raster MCDWD_L3.A2021087.h22v04.061.2024350194020.tif. Adding with zeros.
2025-10-26 10:57:38,261 - WARNING - Column mwp-recurring-flood not found in raster MCDWD_L3.A2021086.h22v04.061.2024350193714.tif. Adding with zeros.
2025-10-26 10:57:38,274 - WARNING - Column mwp-recurring-flood not found in raster MCDWD_L3.A2021088.h22v04.061.2024350194436.tif. Adding with zeros.
2025-10-26 10:57:39,256 - WARNING - Column mwp-recurring-flood not found in raster MCDWD_L3.A2021089.h22v04.061.2024350194632.tif. Adding with zeros.
2025-10-26 10:57:39,283 - WARNING - Column mwp-recurring-flood not found in raster MCDWD_L3.A2021090.h22v04.061.2024350195102.tif. Adding with zeros.
2025-10-26 10:57:41,516 - WARNING - Column mwp-recurring-flood not found in raster MCDWD_L3.A2021092.h22v04.061.2024350200254.tif. Adding with zeros.
2025-10-26 10:57:41,518 - WARNING - Column mwp-recurring-flood not found in raster MCDWD_L3.A2021091.h22v04.061.2024350195315.tif. Adding with zeros.
2025-10-26 10:57:41,525 - WARNING - Column mwp-recurring-flood not found in raster MCDWD_L3.A2021094.h22v04.061.2024350202154.tif. Adding with zeros.
2025-10-26 10:57:41,527 - WARNING - Column mwp-recurring-flood not found in raster MCDWD_L3.A2021093.h22v04.061.2024350201200.tif. Adding with zeros.
2025-10-26 10:57:42,527 - WARNING - Column mwp-recurring-flood not found in raster MCDWD_L3.A2021095.h22v04.061.2024350203426.tif. Adding with zeros.
2025-10-26 10:57:42,527 - WARNING - Column mwp-recurring-flood not found in raster MCDWD_L3.A2021096.h22v04.061.2024350204143.tif. Adding with zeros.
2025-10-26 10:57:42,538 - WARNING - Column mwp-recurring-flood not found in raster MCDWD_L3.A2021097.h22v04.061.2024350205522.tif. Adding with zeros.
2025-10-26 10:57:42,549 - WARNING - Column mwp-recurring-flood not found in raster MCDWD_L3.A2021098.h22v04.061.2024350210106.tif. Adding with zeros.
2025-10-26 10:57:43,405 - WARNING - Column mwp-recurring-flood not found in raster MCDWD_L3.A2021099.h22v04.061.2024350211349.tif. Adding with zeros.
2025-10-26 10:57:43,406 - WARNING - Column mwp-recurring-flood not found in raster MCDWD_L3.A2021100.h22v04.061.2024350212317.tif. Adding with zeros.
2025-10-26 10:57:45,540 - WARNING - Column mwp-recurring-flood not found in raster MCDWD_L3.A2021102.h22v04.061.2024350214453.tif. Adding with zeros.
2025-10-26 10:57:45,540 - WARNING - Column mwp-recurring-flood not found in raster MCDWD_L3.A2021103.h22v04.061.2024350215314.tif. Adding with zeros.
2025-10-26 10:57:45,546 - WARNING - Column mwp-recurring-flood not found in raster MCDWD_L3.A2021104.h22v04.061.2024350220641.tif. Adding with zeros.
2025-10-26 10:57:45,553 - WARNING - Column mwp-recurring-flood not found in raster MCDWD_L3.A2021101.h22v04.061.2024350213319.tif. Adding with zeros.
2025-10-26 10:57:46,585 - WARNING - Column mwp-recurring-flood not found in raster MCDWD_L3.A2021106.h22v04.061.2024350222738.tif. Adding with zeros.
2025-10-26 10:57:46,592 - WARNING - Column mwp-recurring-flood not found in raster MCDWD_L3.A2021105.h22v04.061.2024350221243.tif. Adding with zeros.
2025-10-26 10:57:46,592 - WARNING - Column mwp-recurring-flood not found in raster MCDWD_L3.A2021108.h22v04.061.2024350224632.tif. Adding with zeros.
2025-10-26 10:57:46,598 - WARNING - Column mwp-recurring-flood not found in raster MCDWD_L3.A2021107.h22v04.061.2024350223502.tif. Adding with zeros.
2025-10-26 10:57:47,462 - WARNING - Column mwp-recurring-flood not found in raster MCDWD_L3.A2021109.h22v04.061.2024350225756.tif. Adding with zeros.
2025-10-26 10:57:47,465 - WARNING - Column mwp-recurring-flood not found in raster MCDWD_L3.A2021110.h22v04.061.2024350230740.tif. Adding with zeros.
2025-10-26 10:57:49,546 - WARNING - Column mwp-recurring-flood not found in raster MCDWD_L3.A2021111.h22v04.061.2024350232058.tif. Adding with zeros.
2025-10-26 10:57:49,547 - WARNING - Column mwp-recurring-flood not found in raster MCDWD_L3.A2021112.h22v04.061.2024350232756.tif. Adding with zeros.
2025-10-26 10:57:49,563 - WARNING - Column mwp-recurring-flood not found in raster MCDWD_L3.A2021113.h22v04.061.2024350234357.tif. Adding with zeros.
2025-10-26 10:57:49,569 - WARNING - Column mwp-recurring-flood not found in raster MCDWD_L3.A2021114.h22v04.061.2024350235013.tif. Adding with zeros.
2025-10-26 10:57:50,553 - WARNING - Column mwp-recurring-flood not found in raster MCDWD_L3.A2021116.h22v04.061.2024351001405.tif. Adding with zeros.
2025-10-26 10:57:50,562 - WARNING - Column mwp-recurring-flood not found in raster MCDWD_L3.A2021115.h22v04.061.2024351000430.tif. Adding with zeros.
2025-10-26 10:57:50,583 - WARNING - Column mwp-recurring-flood not found in raster MCDWD_L3.A2021118.h22v04.061.2024351003803.tif. Adding with zeros.
2025-10-26 10:57:50,583 - WARNING - Column mwp-recurring-flood not found in raster MCDWD_L3.A2021117.h22v04.061.2024351002604.tif. Adding with zeros.
2025-10-26 10:57:51,438 - WARNING - Column mwp-recurring-flood not found in raster MCDWD_L3.A2021120.h22v04.061.2024351010208.tif. Adding with zeros.
2025-10-26 10:57:53,597 - WARNING - Column mwp-recurring-flood not found in raster MCDWD_L3.A2021121.h22v04.061.2024351010903.tif. Adding with zeros.
2025-10-26 10:57:53,604 - WARNING - Column mwp-recurring-flood not found in raster MCDWD_L3.A2021123.h22v04.061.2024351013342.tif. Adding with zeros.
2025-10-26 10:57:53,607 - WARNING - Column mwp-recurring-flood not found in raster MCDWD_L3.A2021124.h22v04.061.2024351014641.tif. Adding with zeros.
2025-10-26 10:57:53,608 - WARNING - Column mwp-recurring-flood not found in raster MCDWD_L3.A2021122.h22v04.061.2024351012557.tif. Adding with zeros.
2025-10-26 10:57:54,602 - WARNING - Column mwp-recurring-flood not found in raster MCDWD_L3.A2021125.h22v04.061.2024351015852.tif. Adding with zeros.
2025-10-26 10:57:54,612 - WARNING - Column mwp-recurring-flood not found in raster MCDWD_L3.A2021126.h22v04.061.2024351020846.tif. Adding with zeros.
2025-10-26 10:57:54,635 - WARNING - Column mwp-recurring-flood not found in raster MCDWD_L3.A2021127.h22v04.061.2024351022324.tif. Adding with zeros.
2025-10-26 10:57:54,647 - WARNING - Column mwp-recurring-flood not found in raster MCDWD_L3.A2021128.h22v04.061.2024351023137.tif. Adding with zeros.
2025-10-26 10:57:55,510 - WARNING - Column mwp-recurring-flood not found in raster MCDWD_L3.A2021129.h22v04.061.2024351024758.tif. Adding with zeros.
2025-10-26 10:57:55,520 - WARNING - Column mwp-recurring-flood not found in raster MCDWD_L3.A2021130.h22v04.061.2024351025502.tif. Adding with zeros.
2025-10-26 10:57:57,722 - WARNING - Column mwp-recurring-flood not found in raster MCDWD_L3.A2021132.h22v04.061.2024351032028.tif. Adding with zeros.
2025-10-26 10:57:57,727 - WARNING - Column mwp-recurring-flood not found in raster MCDWD_L3.A2021131.h22v04.061.2024351031004.tif. Adding with zeros.
2025-10-26 10:57:57,727 - WARNING - Column mwp-recurring-flood not found in raster MCDWD_L3.A2021133.h22v04.061.2024351033409.tif. Adding with zeros.
2025-10-26 10:57:57,742 - WARNING - Column mwp-recurring-flood not found in raster MCDWD_L3.A2021134.h22v04.061.2024351034556.tif. Adding with zeros.
2025-10-26 10:57:58,767 - WARNING - Column mwp-recurring-flood not found in raster MCDWD_L3.A2021137.h22v04.061.2024351041821.tif. Adding with zeros.
2025-10-26 10:57:58,770 - WARNING - Column mwp-recurring-flood not found in raster MCDWD_L3.A2021136.h22v04.061.2024351041042.tif. Adding with zeros.
2025-10-26 10:57:58,771 - WARNING - Column mwp-recurring-flood not found in raster MCDWD_L3.A2021135.h22v04.061.2024351035512.tif. Adding with zeros.
2025-10-26 10:57:58,783 - WARNING - Column mwp-recurring-flood not found in raster MCDWD_L3.A2021138.h22v04.061.2024351043416.tif. Adding with zeros.
2025-10-26 10:57:59,656 - WARNING - Column mwp-recurring-flood not found in raster MCDWD_L3.A2021139.h22v04.061.2024351044333.tif. Adding with zeros.
2025-10-26 10:57:59,672 - WARNING - Column mwp-recurring-flood not found in raster MCDWD_L3.A2021140.h22v04.061.2024351045801.tif. Adding with zeros.
2025-10-26 10:58:01,800 - WARNING - Column mwp-recurring-flood not found in raster MCDWD_L3.A2021142.h22v04.061.2024351052059.tif. Adding with zeros.
2025-10-26 10:58:01,803 - WARNING - Column mwp-recurring-flood not found in raster MCDWD_L3.A2021144.h22v04.061.2024351054340.tif. Adding with zeros.
2025-10-26 10:58:01,805 - WARNING - Column mwp-recurring-flood not found in raster MCDWD_L3.A2021141.h22v04.061.2024351050922.tif. Adding with zeros.
2025-10-26 10:58:01,821 - WARNING - Column mwp-recurring-flood not found in raster MCDWD_L3.A2021143.h22v04.061.2024351053624.tif. Adding with zeros.
2025-10-26 10:58:02,831 - WARNING - Column mwp-recurring-flood not found in raster MCDWD_L3.A2021145.h22v04.061.2024351060021.tif. Adding with zeros.
2025-10-26 10:58:02,835 - WARNING - Column mwp-recurring-flood not found in raster MCDWD_L3.A2021146.h22v04.061.2024351060818.tif. Adding with zeros.
2025-10-26 10:58:02,845 - WARNING - Column mwp-recurring-flood not found in raster MCDWD_L3.A2021148.h22v04.061.2024351063520.tif. Adding with zeros.
2025-10-26 10:58:02,847 - WARNING - Column mwp-recurring-flood not found in raster MCDWD_L3.A2021147.h22v04.061.2024351062359.tif. Adding with zeros.
2025-10-26 10:58:03,715 - WARNING - Column mwp-recurring-flood not found in raster MCDWD_L3.A2021149.h22v04.061.2024351064828.tif. Adding with zeros.
2025-10-26 10:58:03,716 - WARNING - Column mwp-recurring-flood not found in raster MCDWD_L3.A2021150.h22v04.061.2024351070217.tif. Adding with zeros.
2025-10-26 10:58:05,397 - WARNING - Column gwp-no-water not found in raster GWP.OSWF.DAILY.20210602.h22v04.tif. Adding with zeros.
2025-10-26 10:58:05,398 - WARNING - Column gwp-water not found in raster GWP.OSWF.DAILY.20210602.h22v04.tif. Adding with zeros.
2025-10-26 10:58:05,961 - WARNING - Column mwp-recurring-flood not found in raster MCDWD_L3.A2021151.h22v04.061.2024351071403.tif. Adding with zeros.
2025-10-26 10:58:05,964 - WARNING - Column mwp-recurring-flood not found in raster MCDWD_L3.A2021153.h22v04.061.2024351073811.tif. Adding with zeros.
2025-10-26 10:58:05,968 - WARNING - Column mwp-recurring-flood not found in raster MCDWD_L3.A2021154.h22v04.061.2024351075413.tif. Adding with zeros.
2025-10-26 10:58:05,978 - WARNING - Column mwp-recurring-flood not found in raster MCDWD_L3.A2021152.h22v04.061.2024351072954.tif. Adding with zeros.
2025-10-26 10:58:07,069 - WARNING - Column mwp-recurring-flood not found in raster MCDWD_L3.A2021156.h22v04.061.2024351081701.tif. Adding with zeros.
2025-10-26 10:58:07,081 - WARNING - Column mwp-recurring-flood not found in raster MCDWD_L3.A2021157.h22v04.061.2024351082909.tif. Adding with zeros.
2025-10-26 10:58:07,083 - WARNING - Column mwp-recurring-flood not found in raster MCDWD_L3.A2021155.h22v04.061.2024351080352.tif. Adding with zeros.
2025-10-26 10:58:07,098 - WARNING - Column mwp-recurring-flood not found in raster MCDWD_L3.A2021158.h22v04.061.2024351084029.tif. Adding with zeros.
2025-10-26 10:58:48,034 - INFO - Verarbeite Tile h22v04 für Jahr 2010
2025-10-26 10:58:48,092 - INFO - Insgesamt 365 passende Dateipaare gefunden
2025-10-26 10:58:48,092 - INFO - 365 passende Dateien für h22v04, 2010 gefunden
2025-10-26 10:58:49,302 - ERROR - Error in calculate_zonalstats_df for T:\DLR\Analysis3\Input\NasaFlood\02_GWP-tiles\h22v04\GWP.OSWF.DAILY.20100101.h22v04.tif: Python integer -999 out of bounds for uint8
2025-10-26 10:58:49,302 - ERROR - Error in calculate_zonalstats_df for T:\DLR\Analysis3\Input\NasaFlood\02_GWP-tiles\h22v04\GWP.OSWF.DAILY.20100104.h22v04.tif: Python integer -999 out of bounds for uint8
2025-10-26 10:58:49,302 - ERROR - Error in calculate_zonalstats_df for T:\DLR\Analysis3\Input\NasaFlood\02_GWP-tiles\h22v04\GWP.OSWF.DAILY.20100103.h22v04.tif: Python integer -999 out of bounds for uint8
2025-10-26 10:58:49,302 - ERROR - Error in calculate_zonalstats_df for T:\DLR\Analysis3\Input\NasaFlood\02_GWP-tiles\h22v04\GWP.OSWF.DAILY.20100102.h22v04.tif: Python integer -999 out of bounds for uint8
2025-10-26 10:58:49,302 - ERROR - Fehler bei der Verarbeitung von GWP.OSWF.DAILY.20100101.h22v04.tif und MCDWD_L3.A2010001.h22v04.061.2024284002200.tif: Python integer -999 out of bounds for uint8
2025-10-26 10:58:49,302 - ERROR - Fehler bei der Verarbeitung von GWP.OSWF.DAILY.20100104.h22v04.tif und MCDWD_L3.A2010004.h22v04.061.2024284033424.tif: Python integer -999 out of bounds for uint8
2025-10-26 10:58:49,303 - ERROR - Fehler bei der Verarbeitung von GWP.OSWF.DAILY.20100102.h22v04.tif und MCDWD_L3.A2010002.h22v04.061.2024284005424.tif: Python integer -999 out of bounds for uint8
2025-10-26 10:58:49,551 - ERROR - Error in calculate_zonalstats_df for T:\DLR\Analysis3\Input\NasaFlood\02_GWP-tiles\h22v04\GWP.OSWF.DAILY.20100105.h22v04.tif: Python integer -999 out of bounds for uint8
2025-10-26 10:58:49,551 - ERROR - Fehler bei der Verarbeitung von GWP.OSWF.DAILY.20100105.h22v04.tif und MCDWD_L3.A2010005.h22v04.061.2024284052214.tif: Python integer -999 out of bounds for uint8
2025-10-26 10:58:49,557 - ERROR - Error in calculate_zonalstats_df for T:\DLR\Analysis3\Input\NasaFlood\02_GWP-tiles\h22v04\GWP.OSWF.DAILY.20100106.h22v04.tif: Python integer -999 out of bounds for uint8
2025-10-26 10:58:49,557 - ERROR - Fehler bei der Verarbeitung von GWP.OSWF.DAILY.20100106.h22v04.tif und MCDWD_L3.A2010006.h22v04.061.2024284054522.tif: Python integer -999 out of bounds for uint8
2025-10-26 10:58:49,559 - ERROR - Error in calculate_zonalstats_df for T:\DLR\Analysis3\Input\NasaFlood\02_GWP-tiles\h22v04\GWP.OSWF.DAILY.20100107.h22v04.tif: Python integer -999 out of bounds for uint8
2025-10-26 10:58:49,559 - ERROR - Fehler bei der Verarbeitung von GWP.OSWF.DAILY.20100107.h22v04.tif und MCDWD_L3.A2010007.h22v04.061.2024284060604.tif: Python integer -999 out of bounds for uint8
2025-10-26 10:58:49,562 - ERROR - Error in calculate_zonalstats_df for T:\DLR\Analysis3\Input\NasaFlood\02_GWP-tiles\h22v04\GWP.OSWF.DAILY.20100108.h22v04.tif: Python integer -999 out of bounds for uint8
2025-10-26 10:58:49,563 - ERROR - Fehler bei der Verarbeitung von GWP.OSWF.DAILY.20100108.h22v04.tif und MCDWD_L3.A2010008.h22v04.061.2024284062525.tif: Python integer -999 out of bounds for uint8
2025-10-26 10:58:49,770 - ERROR - Error in calculate_zonalstats_df for T:\DLR\Analysis3\Input\NasaFlood\02_GWP-tiles\h22v04\GWP.OSWF.DAILY.20100109.h22v04.tif: Python integer -999 out of bounds for uint8
2025-10-26 10:58:49,770 - ERROR - Fehler bei der Verarbeitung von GWP.OSWF.DAILY.20100109.h22v04.tif und MCDWD_L3.A2010009.h22v04.061.2024284064250.tif: Python integer -999 out of bounds for uint8
2025-10-26 10:58:49,776 - ERROR - Error in calculate_zonalstats_df for T:\DLR\Analysis3\Input\NasaFlood\02_GWP-tiles\h22v04\GWP.OSWF.DAILY.20100110.h22v04.tif: Python integer -999 out of bounds for uint8
2025-10-26 10:58:49,776 - ERROR - Fehler bei der Verarbeitung von GWP.OSWF.DAILY.20100110.h22v04.tif und MCDWD_L3.A2010010.h22v04.061.2024284070013.tif: Python integer -999 out of bounds for uint8
2025-10-26 10:58:51,071 - ERROR - Error in calculate_zonalstats_df for T:\DLR\Analysis3\Input\NasaFlood\02_GWP-tiles\h22v04\GWP.OSWF.DAILY.20100111.h22v04.tif: Python integer -999 out of bounds for uint8
2025-10-26 10:58:51,072 - ERROR - Fehler bei der Verarbeitung von GWP.OSWF.DAILY.20100111.h22v04.tif und MCDWD_L3.A2010011.h22v04.061.2024284071926.tif: Python integer -999 out of bounds for uint8
2025-10-26 10:58:51,080 - ERROR - Error in calculate_zonalstats_df for T:\DLR\Analysis3\Input\NasaFlood\02_GWP-tiles\h22v04\GWP.OSWF.DAILY.20100112.h22v04.tif: Python integer -999 out of bounds for uint8
2025-10-26 10:58:51,080 - ERROR - Fehler bei der Verarbeitung von GWP.OSWF.DAILY.20100112.h22v04.tif und MCDWD_L3.A2010012.h22v04.061.2024284073617.tif: Python integer -999 out of bounds for uint8
2025-10-26 10:58:51,081 - ERROR - Error in calculate_zonalstats_df for T:\DLR\Analysis3\Input\NasaFlood\02_GWP-tiles\h22v04\GWP.OSWF.DAILY.20100113.h22v04.tif: Python integer -999 out of bounds for uint8
2025-10-26 10:58:51,081 - ERROR - Fehler bei der Verarbeitung von GWP.OSWF.DAILY.20100113.h22v04.tif und MCDWD_L3.A2010013.h22v04.061.2024284074705.tif: Python integer -999 out of bounds for uint8
2025-10-26 10:58:51,086 - ERROR - Error in calculate_zonalstats_df for T:\DLR\Analysis3\Input\NasaFlood\02_GWP-tiles\h22v04\GWP.OSWF.DAILY.20100114.h22v04.tif: Python integer -999 out of bounds for uint8
2025-10-26 10:58:51,086 - ERROR - Fehler bei der Verarbeitung von GWP.OSWF.DAILY.20100114.h22v04.tif und MCDWD_L3.A2010014.h22v04.061.2024284080047.tif: Python integer -999 out of bounds for uint8
2025-10-26 10:58:51,322 - ERROR - Error in calculate_zonalstats_df for T:\DLR\Analysis3\Input\NasaFlood\02_GWP-tiles\h22v04\GWP.OSWF.DAILY.20100115.h22v04.tif: Python integer -999 out of bounds for uint8
2025-10-26 10:58:51,322 - ERROR - Fehler bei der Verarbeitung von GWP.OSWF.DAILY.20100115.h22v04.tif und MCDWD_L3.A2010015.h22v04.061.2024284081451.tif: Python integer -999 out of bounds for uint8
2025-10-26 10:58:51,330 - ERROR - Error in calculate_zonalstats_df for T:\DLR\Analysis3\Input\NasaFlood\02_GWP-tiles\h22v04\GWP.OSWF.DAILY.20100117.h22v04.tif: Python integer -999 out of bounds for uint8
2025-10-26 10:58:51,330 - ERROR - Fehler bei der Verarbeitung von GWP.OSWF.DAILY.20100117.h22v04.tif und MCDWD_L3.A2010017.h22v04.061.2024284084044.tif: Python integer -999 out of bounds for uint8
2025-10-26 10:58:51,334 - ERROR - Error in calculate_zonalstats_df for T:\DLR\Analysis3\Input\NasaFlood\02_GWP-tiles\h22v04\GWP.OSWF.DAILY.20100118.h22v04.tif: Python integer -999 out of bounds for uint8
2025-10-26 10:58:51,335 - ERROR - Fehler bei der Verarbeitung von GWP.OSWF.DAILY.20100118.h22v04.tif und MCDWD_L3.A2010018.h22v04.061.2024284085202.tif: Python integer -999 out of bounds for uint8
2025-10-26 10:58:51,335 - ERROR - Error in calculate_zonalstats_df for T:\DLR\Analysis3\Input\NasaFlood\02_GWP-tiles\h22v04\GWP.OSWF.DAILY.20100116.h22v04.tif: Python integer -999 out of bounds for uint8
2025-10-26 10:58:51,335 - ERROR - Fehler bei der Verarbeitung von GWP.OSWF.DAILY.20100116.h22v04.tif und MCDWD_L3.A2010016.h22v04.061.2024284082722.tif: Python integer -999 out of bounds for uint8
2025-10-26 10:58:51,522 - ERROR - Error in calculate_zonalstats_df for T:\DLR\Analysis3\Input\NasaFlood\02_GWP-tiles\h22v04\GWP.OSWF.DAILY.20100119.h22v04.tif: Python integer -999 out of bounds for uint8
2025-10-26 10:58:51,523 - ERROR - Fehler bei der Verarbeitung von GWP.OSWF.DAILY.20100119.h22v04.tif und MCDWD_L3.A2010019.h22v04.061.2024284090625.tif: Python integer -999 out of bounds for uint8
2025-10-26 10:58:51,533 - ERROR - Error in calculate_zonalstats_df for T:\DLR\Analysis3\Input\NasaFlood\02_GWP-tiles\h22v04\GWP.OSWF.DAILY.20100120.h22v04.tif: Python integer -999 out of bounds for uint8
2025-10-26 10:58:51,533 - ERROR - Fehler bei der Verarbeitung von GWP.OSWF.DAILY.20100120.h22v04.tif und MCDWD_L3.A2010020.h22v04.061.2024284091827.tif: Python integer -999 out of bounds for uint8
2025-10-26 10:58:52,764 - ERROR - Error in calculate_zonalstats_df for T:\DLR\Analysis3\Input\NasaFlood\02_GWP-tiles\h22v04\GWP.OSWF.DAILY.20100121.h22v04.tif: Python integer -999 out of bounds for uint8
2025-10-26 10:58:52,764 - ERROR - Error in calculate_zonalstats_df for T:\DLR\Analysis3\Input\NasaFlood\02_GWP-tiles\h22v04\GWP.OSWF.DAILY.20100122.h22v04.tif: Python integer -999 out of bounds for uint8
2025-10-26 10:58:52,764 - ERROR - Fehler bei der Verarbeitung von GWP.OSWF.DAILY.20100121.h22v04.tif und MCDWD_L3.A2010021.h22v04.061.2024284093422.tif: Python integer -999 out of bounds for uint8
2025-10-26 10:58:52,764 - ERROR - Fehler bei der Verarbeitung von GWP.OSWF.DAILY.20100122.h22v04.tif und MCDWD_L3.A2010022.h22v04.061.2024284094755.tif: Python integer -999 out of bounds for uint8
2025-10-26 10:58:52,766 - ERROR - Error in calculate_zonalstats_df for T:\DLR\Analysis3\Input\NasaFlood\02_GWP-tiles\h22v04\GWP.OSWF.DAILY.20100123.h22v04.tif: Python integer -999 out of bounds for uint8
2025-10-26 10:58:52,766 - ERROR - Fehler bei der Verarbeitung von GWP.OSWF.DAILY.20100123.h22v04.tif und MCDWD_L3.A2010023.h22v04.061.2024284100135.tif: Python integer -999 out of bounds for uint8
2025-10-26 10:58:52,782 - ERROR - Error in calculate_zonalstats_df for T:\DLR\Analysis3\Input\NasaFlood\02_GWP-tiles\h22v04\GWP.OSWF.DAILY.20100124.h22v04.tif: Python integer -999 out of bounds for uint8
2025-10-26 10:58:52,782 - ERROR - Fehler bei der Verarbeitung von GWP.OSWF.DAILY.20100124.h22v04.tif und MCDWD_L3.A2010024.h22v04.061.2024284101659.tif: Python integer -999 out of bounds for uint8
2025-10-26 10:58:53,015 - ERROR - Error in calculate_zonalstats_df for T:\DLR\Analysis3\Input\NasaFlood\02_GWP-tiles\h22v04\GWP.OSWF.DAILY.20100125.h22v04.tif: Python integer -999 out of bounds for uint8
2025-10-26 10:58:53,016 - ERROR - Fehler bei der Verarbeitung von GWP.OSWF.DAILY.20100125.h22v04.tif und MCDWD_L3.A2010025.h22v04.061.2024284102918.tif: Python integer -999 out of bounds for uint8
2025-10-26 10:58:53,016 - ERROR - Error in calculate_zonalstats_df for T:\DLR\Analysis3\Input\NasaFlood\02_GWP-tiles\h22v04\GWP.OSWF.DAILY.20100126.h22v04.tif: Python integer -999 out of bounds for uint8
2025-10-26 10:58:53,016 - ERROR - Fehler bei der Verarbeitung von GWP.OSWF.DAILY.20100126.h22v04.tif und MCDWD_L3.A2010026.h22v04.061.2024284104230.tif: Python integer -999 out of bounds for uint8
2025-10-26 10:58:53,020 - ERROR - Error in calculate_zonalstats_df for T:\DLR\Analysis3\Input\NasaFlood\02_GWP-tiles\h22v04\GWP.OSWF.DAILY.20100127.h22v04.tif: Python integer -999 out of bounds for uint8
2025-10-26 10:58:53,020 - ERROR - Fehler bei der Verarbeitung von GWP.OSWF.DAILY.20100127.h22v04.tif und MCDWD_L3.A2010027.h22v04.061.2024284105331.tif: Python integer -999 out of bounds for uint8
2025-10-26 10:58:53,024 - ERROR - Error in calculate_zonalstats_df for T:\DLR\Analysis3\Input\NasaFlood\02_GWP-tiles\h22v04\GWP.OSWF.DAILY.20100128.h22v04.tif: Python integer -999 out of bounds for uint8
2025-10-26 10:58:53,024 - ERROR - Fehler bei der Verarbeitung von GWP.OSWF.DAILY.20100128.h22v04.tif und MCDWD_L3.A2010028.h22v04.061.2024284110651.tif: Python integer -999 out of bounds for uint8
2025-10-26 10:58:53,220 - ERROR - Error in calculate_zonalstats_df for T:\DLR\Analysis3\Input\NasaFlood\02_GWP-tiles\h22v04\GWP.OSWF.DAILY.20100129.h22v04.tif: Python integer -999 out of bounds for uint8
2025-10-26 10:58:53,221 - ERROR - Fehler bei der Verarbeitung von GWP.OSWF.DAILY.20100129.h22v04.tif und MCDWD_L3.A2010029.h22v04.061.2024284112037.tif: Python integer -999 out of bounds for uint8
2025-10-26 10:58:53,224 - ERROR - Error in calculate_zonalstats_df for T:\DLR\Analysis3\Input\NasaFlood\02_GWP-tiles\h22v04\GWP.OSWF.DAILY.20100130.h22v04.tif: Python integer -999 out of bounds for uint8
2025-10-26 10:58:53,224 - ERROR - Fehler bei der Verarbeitung von GWP.OSWF.DAILY.20100130.h22v04.tif und MCDWD_L3.A2010030.h22v04.061.2024284113651.tif: Python integer -999 out of bounds for uint8
2025-10-26 10:58:54,506 - ERROR - Error in calculate_zonalstats_df for T:\DLR\Analysis3\Input\NasaFlood\02_GWP-tiles\h22v04\GWP.OSWF.DAILY.20100131.h22v04.tif: Python integer -999 out of bounds for uint8
2025-10-26 10:58:54,506 - ERROR - Fehler bei der Verarbeitung von GWP.OSWF.DAILY.20100131.h22v04.tif und MCDWD_L3.A2010031.h22v04.061.2024284114654.tif: Python integer -999 out of bounds for uint8
2025-10-26 10:58:54,507 - ERROR - Error in calculate_zonalstats_df for T:\DLR\Analysis3\Input\NasaFlood\02_GWP-tiles\h22v04\GWP.OSWF.DAILY.20100202.h22v04.tif: Python integer -999 out of bounds for uint8
2025-10-26 10:58:54,507 - ERROR - Fehler bei der Verarbeitung von GWP.OSWF.DAILY.20100202.h22v04.tif und MCDWD_L3.A2010033.h22v04.061.2024296193906.tif: Python integer -999 out of bounds for uint8
2025-10-26 10:58:54,507 - ERROR - Error in calculate_zonalstats_df for T:\DLR\Analysis3\Input\NasaFlood\02_GWP-tiles\h22v04\GWP.OSWF.DAILY.20100201.h22v04.tif: Python integer -999 out of bounds for uint8
2025-10-26 10:58:54,508 - ERROR - Fehler bei der Verarbeitung von GWP.OSWF.DAILY.20100201.h22v04.tif und MCDWD_L3.A2010032.h22v04.061.2024296183317.tif: Python integer -999 out of bounds for uint8
2025-10-26 10:58:54,511 - ERROR - Error in calculate_zonalstats_df for T:\DLR\Analysis3\Input\NasaFlood\02_GWP-tiles\h22v04\GWP.OSWF.DAILY.20100203.h22v04.tif: Python integer -999 out of bounds for uint8
2025-10-26 10:58:54,511 - ERROR - Fehler bei der Verarbeitung von GWP.OSWF.DAILY.20100203.h22v04.tif und MCDWD_L3.A2010034.h22v04.061.2024296204049.tif: Python integer -999 out of bounds for uint8
2025-10-26 10:58:54,767 - ERROR - Error in calculate_zonalstats_df for T:\DLR\Analysis3\Input\NasaFlood\02_GWP-tiles\h22v04\GWP.OSWF.DAILY.20100204.h22v04.tif: Python integer -999 out of bounds for uint8
2025-10-26 10:58:54,767 - ERROR - Fehler bei der Verarbeitung von GWP.OSWF.DAILY.20100204.h22v04.tif und MCDWD_L3.A2010035.h22v04.061.2024296215155.tif: Python integer -999 out of bounds for uint8
2025-10-26 10:58:54,771 - ERROR - Error in calculate_zonalstats_df for T:\DLR\Analysis3\Input\NasaFlood\02_GWP-tiles\h22v04\GWP.OSWF.DAILY.20100205.h22v04.tif: Python integer -999 out of bounds for uint8
2025-10-26 10:58:54,771 - ERROR - Fehler bei der Verarbeitung von GWP.OSWF.DAILY.20100205.h22v04.tif und MCDWD_L3.A2010036.h22v04.061.2024296225524.tif: Python integer -999 out of bounds for uint8
2025-10-26 10:58:54,776 - ERROR - Error in calculate_zonalstats_df for T:\DLR\Analysis3\Input\NasaFlood\02_GWP-tiles\h22v04\GWP.OSWF.DAILY.20100206.h22v04.tif: Python integer -999 out of bounds for uint8
2025-10-26 10:58:54,776 - ERROR - Fehler bei der Verarbeitung von GWP.OSWF.DAILY.20100206.h22v04.tif und MCDWD_L3.A2010037.h22v04.061.2024297000619.tif: Python integer -999 out of bounds for uint8
2025-10-26 10:58:54,786 - ERROR - Error in calculate_zonalstats_df for T:\DLR\Analysis3\Input\NasaFlood\02_GWP-tiles\h22v04\GWP.OSWF.DAILY.20100207.h22v04.tif: Python integer -999 out of bounds for uint8
2025-10-26 10:58:54,786 - ERROR - Fehler bei der Verarbeitung von GWP.OSWF.DAILY.20100207.h22v04.tif und MCDWD_L3.A2010038.h22v04.061.2024297011002.tif: Python integer -999 out of bounds for uint8
2025-10-26 10:58:55,011 - ERROR - Error in calculate_zonalstats_df for T:\DLR\Analysis3\Input\NasaFlood\02_GWP-tiles\h22v04\GWP.OSWF.DAILY.20100208.h22v04.tif: Python integer -999 out of bounds for uint8
2025-10-26 10:58:55,012 - ERROR - Fehler bei der Verarbeitung von GWP.OSWF.DAILY.20100208.h22v04.tif und MCDWD_L3.A2010039.h22v04.061.2024297021703.tif: Python integer -999 out of bounds for uint8
2025-10-26 10:58:55,012 - ERROR - Error in calculate_zonalstats_df for T:\DLR\Analysis3\Input\NasaFlood\02_GWP-tiles\h22v04\GWP.OSWF.DAILY.20100209.h22v04.tif: Python integer -999 out of bounds for uint8
2025-10-26 10:58:55,013 - ERROR - Fehler bei der Verarbeitung von GWP.OSWF.DAILY.20100209.h22v04.tif und MCDWD_L3.A2010040.h22v04.061.2024297032646.tif: Python integer -999 out of bounds for uint8
2025-10-26 10:58:56,373 - ERROR - Error in calculate_zonalstats_df for T:\DLR\Analysis3\Input\NasaFlood\02_GWP-tiles\h22v04\GWP.OSWF.DAILY.20100210.h22v04.tif: Python integer -999 out of bounds for uint8
2025-10-26 10:58:56,374 - ERROR - Fehler bei der Verarbeitung von GWP.OSWF.DAILY.20100210.h22v04.tif und MCDWD_L3.A2010041.h22v04.061.2024297043020.tif: Python integer -999 out of bounds for uint8
2025-10-26 10:58:56,377 - ERROR - Error in calculate_zonalstats_df for T:\DLR\Analysis3\Input\NasaFlood\02_GWP-tiles\h22v04\GWP.OSWF.DAILY.20100211.h22v04.tif: Python integer -999 out of bounds for uint8
2025-10-26 10:58:56,378 - ERROR - Fehler bei der Verarbeitung von GWP.OSWF.DAILY.20100211.h22v04.tif und MCDWD_L3.A2010042.h22v04.061.2024297054133.tif: Python integer -999 out of bounds for uint8
2025-10-26 10:58:56,381 - ERROR - Error in calculate_zonalstats_df for T:\DLR\Analysis3\Input\NasaFlood\02_GWP-tiles\h22v04\GWP.OSWF.DAILY.20100212.h22v04.tif: Python integer -999 out of bounds for uint8
2025-10-26 10:58:56,381 - ERROR - Fehler bei der Verarbeitung von GWP.OSWF.DAILY.20100212.h22v04.tif und MCDWD_L3.A2010043.h22v04.061.2024297064400.tif: Python integer -999 out of bounds for uint8
2025-10-26 10:58:56,387 - ERROR - Error in calculate_zonalstats_df for T:\DLR\Analysis3\Input\NasaFlood\02_GWP-tiles\h22v04\GWP.OSWF.DAILY.20100213.h22v04.tif: Python integer -999 out of bounds for uint8
2025-10-26 10:58:56,387 - ERROR - Fehler bei der Verarbeitung von GWP.OSWF.DAILY.20100213.h22v04.tif und MCDWD_L3.A2010044.h22v04.061.2024297075715.tif: Python integer -999 out of bounds for uint8
2025-10-26 10:58:56,639 - ERROR - Error in calculate_zonalstats_df for T:\DLR\Analysis3\Input\NasaFlood\02_GWP-tiles\h22v04\GWP.OSWF.DAILY.20100214.h22v04.tif: Python integer -999 out of bounds for uint8
2025-10-26 10:58:56,640 - ERROR - Fehler bei der Verarbeitung von GWP.OSWF.DAILY.20100214.h22v04.tif und MCDWD_L3.A2010045.h22v04.061.2024297090237.tif: Python integer -999 out of bounds for uint8
2025-10-26 10:58:56,648 - ERROR - Error in calculate_zonalstats_df for T:\DLR\Analysis3\Input\NasaFlood\02_GWP-tiles\h22v04\GWP.OSWF.DAILY.20100215.h22v04.tif: Python integer -999 out of bounds for uint8
2025-10-26 10:58:56,649 - ERROR - Fehler bei der Verarbeitung von GWP.OSWF.DAILY.20100215.h22v04.tif und MCDWD_L3.A2010046.h22v04.061.2024297101416.tif: Python integer -999 out of bounds for uint8
2025-10-26 10:58:56,649 - ERROR - Error in calculate_zonalstats_df for T:\DLR\Analysis3\Input\NasaFlood\02_GWP-tiles\h22v04\GWP.OSWF.DAILY.20100216.h22v04.tif: Python integer -999 out of bounds for uint8
2025-10-26 10:58:56,650 - ERROR - Fehler bei der Verarbeitung von GWP.OSWF.DAILY.20100216.h22v04.tif und MCDWD_L3.A2010047.h22v04.061.2024297112328.tif: Python integer -999 out of bounds for uint8
2025-10-26 10:58:56,652 - ERROR - Error in calculate_zonalstats_df for T:\DLR\Analysis3\Input\NasaFlood\02_GWP-tiles\h22v04\GWP.OSWF.DAILY.20100217.h22v04.tif: Python integer -999 out of bounds for uint8
2025-10-26 10:58:56,652 - ERROR - Fehler bei der Verarbeitung von GWP.OSWF.DAILY.20100217.h22v04.tif und MCDWD_L3.A2010048.h22v04.061.2024297123313.tif: Python integer -999 out of bounds for uint8
2025-10-26 10:58:56,849 - ERROR - Error in calculate_zonalstats_df for T:\DLR\Analysis3\Input\NasaFlood\02_GWP-tiles\h22v04\GWP.OSWF.DAILY.20100218.h22v04.tif: Python integer -999 out of bounds for uint8
2025-10-26 10:58:56,849 - ERROR - Fehler bei der Verarbeitung von GWP.OSWF.DAILY.20100218.h22v04.tif und MCDWD_L3.A2010049.h22v04.061.2024297133811.tif: Python integer -999 out of bounds for uint8
2025-10-26 10:58:56,856 - ERROR - Error in calculate_zonalstats_df for T:\DLR\Analysis3\Input\NasaFlood\02_GWP-tiles\h22v04\GWP.OSWF.DAILY.20100219.h22v04.tif: Python integer -999 out of bounds for uint8
2025-10-26 10:58:56,856 - ERROR - Fehler bei der Verarbeitung von GWP.OSWF.DAILY.20100219.h22v04.tif und MCDWD_L3.A2010050.h22v04.061.2024297134751.tif: Python integer -999 out of bounds for uint8
2025-10-26 10:58:58,173 - ERROR - Error in calculate_zonalstats_df for T:\DLR\Analysis3\Input\NasaFlood\02_GWP-tiles\h22v04\GWP.OSWF.DAILY.20100221.h22v04.tif: Python integer -999 out of bounds for uint8
2025-10-26 10:58:58,174 - ERROR - Fehler bei der Verarbeitung von GWP.OSWF.DAILY.20100221.h22v04.tif und MCDWD_L3.A2010052.h22v04.061.2024297141239.tif: Python integer -999 out of bounds for uint8
2025-10-26 10:58:58,175 - ERROR - Error in calculate_zonalstats_df for T:\DLR\Analysis3\Input\NasaFlood\02_GWP-tiles\h22v04\GWP.OSWF.DAILY.20100220.h22v04.tif: Python integer -999 out of bounds for uint8
2025-10-26 10:58:58,176 - ERROR - Fehler bei der Verarbeitung von GWP.OSWF.DAILY.20100220.h22v04.tif und MCDWD_L3.A2010051.h22v04.061.2024297140435.tif: Python integer -999 out of bounds for uint8
2025-10-26 10:58:58,182 - ERROR - Error in calculate_zonalstats_df for T:\DLR\Analysis3\Input\NasaFlood\02_GWP-tiles\h22v04\GWP.OSWF.DAILY.20100222.h22v04.tif: Python integer -999 out of bounds for uint8
2025-10-26 10:58:58,182 - ERROR - Fehler bei der Verarbeitung von GWP.OSWF.DAILY.20100222.h22v04.tif und MCDWD_L3.A2010053.h22v04.061.2024297142904.tif: Python integer -999 out of bounds for uint8
2025-10-26 10:58:58,189 - ERROR - Error in calculate_zonalstats_df for T:\DLR\Analysis3\Input\NasaFlood\02_GWP-tiles\h22v04\GWP.OSWF.DAILY.20100223.h22v04.tif: Python integer -999 out of bounds for uint8
2025-10-26 10:58:58,190 - ERROR - Fehler bei der Verarbeitung von GWP.OSWF.DAILY.20100223.h22v04.tif und MCDWD_L3.A2010054.h22v04.061.2024297144020.tif: Python integer -999 out of bounds for uint8
2025-10-26 10:58:58,450 - ERROR - Error in calculate_zonalstats_df for T:\DLR\Analysis3\Input\NasaFlood\02_GWP-tiles\h22v04\GWP.OSWF.DAILY.20100226.h22v04.tif: Python integer -999 out of bounds for uint8
2025-10-26 10:58:58,450 - ERROR - Error in calculate_zonalstats_df for T:\DLR\Analysis3\Input\NasaFlood\02_GWP-tiles\h22v04\GWP.OSWF.DAILY.20100227.h22v04.tif: Python integer -999 out of bounds for uint8
2025-10-26 10:58:58,451 - ERROR - Fehler bei der Verarbeitung von GWP.OSWF.DAILY.20100227.h22v04.tif und MCDWD_L3.A2010058.h22v04.061.2024302131259.tif: Python integer -999 out of bounds for uint8
2025-10-26 10:58:58,451 - ERROR - Error in calculate_zonalstats_df for T:\DLR\Analysis3\Input\NasaFlood\02_GWP-tiles\h22v04\GWP.OSWF.DAILY.20100224.h22v04.tif: Python integer -999 out of bounds for uint8
2025-10-26 10:58:58,451 - ERROR - Fehler bei der Verarbeitung von GWP.OSWF.DAILY.20100224.h22v04.tif und MCDWD_L3.A2010055.h22v04.061.2024302123940.tif: Python integer -999 out of bounds for uint8
2025-10-26 10:58:58,459 - ERROR - Error in calculate_zonalstats_df for T:\DLR\Analysis3\Input\NasaFlood\02_GWP-tiles\h22v04\GWP.OSWF.DAILY.20100225.h22v04.tif: Python integer -999 out of bounds for uint8
2025-10-26 10:58:58,459 - ERROR - Fehler bei der Verarbeitung von GWP.OSWF.DAILY.20100225.h22v04.tif und MCDWD_L3.A2010056.h22v04.061.2024302125050.tif: Python integer -999 out of bounds for uint8
2025-10-26 10:58:58,662 - ERROR - Error in calculate_zonalstats_df for T:\DLR\Analysis3\Input\NasaFlood\02_GWP-tiles\h22v04\GWP.OSWF.DAILY.20100301.h22v04.tif: Python integer -999 out of bounds for uint8
2025-10-26 10:58:58,662 - ERROR - Fehler bei der Verarbeitung von GWP.OSWF.DAILY.20100301.h22v04.tif und MCDWD_L3.A2010060.h22v04.061.2024302133616.tif: Python integer -999 out of bounds for uint8
2025-10-26 10:58:58,664 - ERROR - Error in calculate_zonalstats_df for T:\DLR\Analysis3\Input\NasaFlood\02_GWP-tiles\h22v04\GWP.OSWF.DAILY.20100228.h22v04.tif: Python integer -999 out of bounds for uint8
2025-10-26 10:58:58,664 - ERROR - Fehler bei der Verarbeitung von GWP.OSWF.DAILY.20100228.h22v04.tif und MCDWD_L3.A2010059.h22v04.061.2024302132329.tif: Python integer -999 out of bounds for uint8
2025-10-26 10:58:59,976 - ERROR - Error in calculate_zonalstats_df for T:\DLR\Analysis3\Input\NasaFlood\02_GWP-tiles\h22v04\GWP.OSWF.DAILY.20100303.h22v04.tif: Python integer -999 out of bounds for uint8
2025-10-26 10:58:59,976 - ERROR - Fehler bei der Verarbeitung von GWP.OSWF.DAILY.20100303.h22v04.tif und MCDWD_L3.A2010062.h22v04.061.2024302135810.tif: Python integer -999 out of bounds for uint8
2025-10-26 10:58:59,984 - ERROR - Error in calculate_zonalstats_df for T:\DLR\Analysis3\Input\NasaFlood\02_GWP-tiles\h22v04\GWP.OSWF.DAILY.20100302.h22v04.tif: Python integer -999 out of bounds for uint8
2025-10-26 10:58:59,984 - ERROR - Fehler bei der Verarbeitung von GWP.OSWF.DAILY.20100302.h22v04.tif und MCDWD_L3.A2010061.h22v04.061.2024302134628.tif: Python integer -999 out of bounds for uint8
2025-10-26 10:59:00,004 - ERROR - Error in calculate_zonalstats_df for T:\DLR\Analysis3\Input\NasaFlood\02_GWP-tiles\h22v04\GWP.OSWF.DAILY.20100305.h22v04.tif: Python integer -999 out of bounds for uint8
2025-10-26 10:59:00,004 - ERROR - Fehler bei der Verarbeitung von GWP.OSWF.DAILY.20100305.h22v04.tif und MCDWD_L3.A2010064.h22v04.061.2024302142432.tif: Python integer -999 out of bounds for uint8
2025-10-26 10:59:00,005 - ERROR - Error in calculate_zonalstats_df for T:\DLR\Analysis3\Input\NasaFlood\02_GWP-tiles\h22v04\GWP.OSWF.DAILY.20100304.h22v04.tif: Python integer -999 out of bounds for uint8
2025-10-26 10:59:00,006 - ERROR - Fehler bei der Verarbeitung von GWP.OSWF.DAILY.20100304.h22v04.tif und MCDWD_L3.A2010063.h22v04.061.2024302141109.tif: Python integer -999 out of bounds for uint8
2025-10-26 10:59:00,271 - ERROR - Error in calculate_zonalstats_df for T:\DLR\Analysis3\Input\NasaFlood\02_GWP-tiles\h22v04\GWP.OSWF.DAILY.20100306.h22v04.tif: Python integer -999 out of bounds for uint8
2025-10-26 10:59:00,272 - ERROR - Fehler bei der Verarbeitung von GWP.OSWF.DAILY.20100306.h22v04.tif und MCDWD_L3.A2010065.h22v04.061.2024302144000.tif: Python integer -999 out of bounds for uint8
2025-10-26 10:59:00,290 - ERROR - Error in calculate_zonalstats_df for T:\DLR\Analysis3\Input\NasaFlood\02_GWP-tiles\h22v04\GWP.OSWF.DAILY.20100307.h22v04.tif: Python integer -999 out of bounds for uint8
2025-10-26 10:59:00,290 - ERROR - Fehler bei der Verarbeitung von GWP.OSWF.DAILY.20100307.h22v04.tif und MCDWD_L3.A2010066.h22v04.061.2024302145044.tif: Python integer -999 out of bounds for uint8
2025-10-26 10:59:00,300 - ERROR - Error in calculate_zonalstats_df for T:\DLR\Analysis3\Input\NasaFlood\02_GWP-tiles\h22v04\GWP.OSWF.DAILY.20100308.h22v04.tif: Python integer -999 out of bounds for uint8
2025-10-26 10:59:00,300 - ERROR - Fehler bei der Verarbeitung von GWP.OSWF.DAILY.20100308.h22v04.tif und MCDWD_L3.A2010067.h22v04.061.2024302150835.tif: Python integer -999 out of bounds for uint8
2025-10-26 10:59:00,301 - ERROR - Error in calculate_zonalstats_df for T:\DLR\Analysis3\Input\NasaFlood\02_GWP-tiles\h22v04\GWP.OSWF.DAILY.20100309.h22v04.tif: Python integer -999 out of bounds for uint8
2025-10-26 10:59:00,302 - ERROR - Fehler bei der Verarbeitung von GWP.OSWF.DAILY.20100309.h22v04.tif und MCDWD_L3.A2010068.h22v04.061.2024302152012.tif: Python integer -999 out of bounds for uint8
2025-10-26 10:59:00,487 - ERROR - Error in calculate_zonalstats_df for T:\DLR\Analysis3\Input\NasaFlood\02_GWP-tiles\h22v04\GWP.OSWF.DAILY.20100310.h22v04.tif: Python integer -999 out of bounds for uint8
2025-10-26 10:59:00,488 - ERROR - Fehler bei der Verarbeitung von GWP.OSWF.DAILY.20100310.h22v04.tif und MCDWD_L3.A2010069.h22v04.061.2024302153744.tif: Python integer -999 out of bounds for uint8
2025-10-26 10:59:00,508 - ERROR - Error in calculate_zonalstats_df for T:\DLR\Analysis3\Input\NasaFlood\02_GWP-tiles\h22v04\GWP.OSWF.DAILY.20100311.h22v04.tif: Python integer -999 out of bounds for uint8
2025-10-26 10:59:00,508 - ERROR - Fehler bei der Verarbeitung von GWP.OSWF.DAILY.20100311.h22v04.tif und MCDWD_L3.A2010070.h22v04.061.2024302154344.tif: Python integer -999 out of bounds for uint8
2025-10-26 11:10:43,212 - INFO - Verarbeite Tile h22v04 für Jahr 2010
2025-10-26 11:10:45,262 - INFO - Insgesamt 365 passende Dateipaare gefunden
2025-10-26 11:10:45,262 - INFO - 365 passende Dateien für h22v04, 2010 gefunden
2025-10-26 11:10:47,209 - ERROR - Fehler bei der Verarbeitung von GWP.OSWF.DAILY.20100102.h22v04.tif und MCDWD_L3.A2010002.h22v04.061.tif: "['gwp-Water', 'gwp-noWater'] not in index"
2025-10-26 11:10:47,212 - ERROR - Fehler bei der Verarbeitung von GWP.OSWF.DAILY.20100101.h22v04.tif und MCDWD_L3.A2010001.h22v04.061.tif: "['gwp-Water', 'gwp-noWater'] not in index"
2025-10-26 11:10:47,212 - ERROR - Fehler bei der Verarbeitung von GWP.OSWF.DAILY.20100103.h22v04.tif und MCDWD_L3.A2010003.h22v04.061.tif: "['gwp-Water', 'gwp-noWater'] not in index"
2025-10-26 11:10:47,219 - ERROR - Fehler bei der Verarbeitung von GWP.OSWF.DAILY.20100104.h22v04.tif und MCDWD_L3.A2010004.h22v04.061.tif: "['gwp-Water', 'gwp-noWater'] not in index"
2025-10-26 11:10:48,236 - ERROR - Fehler bei der Verarbeitung von GWP.OSWF.DAILY.20100105.h22v04.tif und MCDWD_L3.A2010005.h22v04.061.tif: "['gwp-Water', 'gwp-noWater'] not in index"
2025-10-26 11:10:48,236 - ERROR - Fehler bei der Verarbeitung von GWP.OSWF.DAILY.20100106.h22v04.tif und MCDWD_L3.A2010006.h22v04.061.tif: "['gwp-Water', 'gwp-noWater'] not in index"
2025-10-26 11:10:48,244 - ERROR - Fehler bei der Verarbeitung von GWP.OSWF.DAILY.20100108.h22v04.tif und MCDWD_L3.A2010008.h22v04.061.tif: "['gwp-Water', 'gwp-noWater'] not in index"
2025-10-26 11:10:48,258 - ERROR - Fehler bei der Verarbeitung von GWP.OSWF.DAILY.20100107.h22v04.tif und MCDWD_L3.A2010007.h22v04.061.tif: "['gwp-Water', 'gwp-noWater'] not in index"
2025-10-26 11:10:49,139 - ERROR - Fehler bei der Verarbeitung von GWP.OSWF.DAILY.20100110.h22v04.tif und MCDWD_L3.A2010010.h22v04.061.tif: "['gwp-Water', 'gwp-noWater'] not in index"
2025-10-26 11:10:49,140 - ERROR - Fehler bei der Verarbeitung von GWP.OSWF.DAILY.20100109.h22v04.tif und MCDWD_L3.A2010009.h22v04.061.tif: "['gwp-Water', 'gwp-noWater'] not in index"
2025-10-26 11:10:51,199 - ERROR - Fehler bei der Verarbeitung von GWP.OSWF.DAILY.20100113.h22v04.tif und MCDWD_L3.A2010013.h22v04.061.tif: "['gwp-Water', 'gwp-noWater'] not in index"
2025-10-26 11:10:51,209 - ERROR - Fehler bei der Verarbeitung von GWP.OSWF.DAILY.20100111.h22v04.tif und MCDWD_L3.A2010011.h22v04.061.tif: "['gwp-Water', 'gwp-noWater'] not in index"
2025-10-26 11:10:51,209 - ERROR - Fehler bei der Verarbeitung von GWP.OSWF.DAILY.20100114.h22v04.tif und MCDWD_L3.A2010014.h22v04.061.tif: "['gwp-Water', 'gwp-noWater'] not in index"
2025-10-26 11:10:51,212 - ERROR - Fehler bei der Verarbeitung von GWP.OSWF.DAILY.20100112.h22v04.tif und MCDWD_L3.A2010012.h22v04.061.tif: "['gwp-Water', 'gwp-noWater'] not in index"
2025-10-26 11:10:52,278 - ERROR - Fehler bei der Verarbeitung von GWP.OSWF.DAILY.20100115.h22v04.tif und MCDWD_L3.A2010015.h22v04.061.tif: "['gwp-Water', 'gwp-noWater'] not in index"
2025-10-26 11:10:52,281 - ERROR - Fehler bei der Verarbeitung von GWP.OSWF.DAILY.20100117.h22v04.tif und MCDWD_L3.A2010017.h22v04.061.tif: "['gwp-Water', 'gwp-noWater'] not in index"
2025-10-26 11:10:52,291 - ERROR - Fehler bei der Verarbeitung von GWP.OSWF.DAILY.20100116.h22v04.tif und MCDWD_L3.A2010016.h22v04.061.tif: "['gwp-Water', 'gwp-noWater'] not in index"
2025-10-26 11:10:52,291 - ERROR - Fehler bei der Verarbeitung von GWP.OSWF.DAILY.20100118.h22v04.tif und MCDWD_L3.A2010018.h22v04.061.tif: "['gwp-Water', 'gwp-noWater'] not in index"
2025-10-26 11:10:53,178 - ERROR - Fehler bei der Verarbeitung von GWP.OSWF.DAILY.20100119.h22v04.tif und MCDWD_L3.A2010019.h22v04.061.tif: "['gwp-Water', 'gwp-noWater'] not in index"
2025-10-26 11:10:53,195 - ERROR - Fehler bei der Verarbeitung von GWP.OSWF.DAILY.20100120.h22v04.tif und MCDWD_L3.A2010020.h22v04.061.tif: "['gwp-Water', 'gwp-noWater'] not in index"
2025-10-26 11:10:55,440 - ERROR - Fehler bei der Verarbeitung von GWP.OSWF.DAILY.20100122.h22v04.tif und MCDWD_L3.A2010022.h22v04.061.tif: "['gwp-Water', 'gwp-noWater'] not in index"
2025-10-26 11:10:55,461 - ERROR - Fehler bei der Verarbeitung von GWP.OSWF.DAILY.20100124.h22v04.tif und MCDWD_L3.A2010024.h22v04.061.tif: "['gwp-Water', 'gwp-noWater'] not in index"
2025-10-26 11:10:55,463 - ERROR - Fehler bei der Verarbeitung von GWP.OSWF.DAILY.20100123.h22v04.tif und MCDWD_L3.A2010023.h22v04.061.tif: "['gwp-Water', 'gwp-noWater'] not in index"
2025-10-26 11:10:55,464 - ERROR - Fehler bei der Verarbeitung von GWP.OSWF.DAILY.20100121.h22v04.tif und MCDWD_L3.A2010021.h22v04.061.tif: "['gwp-Water', 'gwp-noWater'] not in index"
2025-10-26 11:10:56,719 - ERROR - Fehler bei der Verarbeitung von GWP.OSWF.DAILY.20100126.h22v04.tif und MCDWD_L3.A2010026.h22v04.061.tif: "['gwp-Water', 'gwp-noWater'] not in index"
2025-10-26 11:10:56,735 - ERROR - Fehler bei der Verarbeitung von GWP.OSWF.DAILY.20100127.h22v04.tif und MCDWD_L3.A2010027.h22v04.061.tif: "['gwp-Water', 'gwp-noWater'] not in index"
2025-10-26 11:10:56,747 - ERROR - Fehler bei der Verarbeitung von GWP.OSWF.DAILY.20100128.h22v04.tif und MCDWD_L3.A2010028.h22v04.061.tif: "['gwp-Water', 'gwp-noWater'] not in index"
2025-10-26 11:10:56,755 - ERROR - Fehler bei der Verarbeitung von GWP.OSWF.DAILY.20100125.h22v04.tif und MCDWD_L3.A2010025.h22v04.061.tif: "['gwp-Water', 'gwp-noWater'] not in index"
2025-10-26 11:11:31,129 - INFO - Verarbeite Tile h22v04 für Jahr 2010
2025-10-26 11:11:31,182 - INFO - Insgesamt 365 passende Dateipaare gefunden
2025-10-26 11:11:31,183 - INFO - 365 passende Dateien für h22v04, 2010 gefunden
2025-10-26 11:11:33,054 - ERROR - Fehler bei der Verarbeitung von GWP.OSWF.DAILY.20100104.h22v04.tif und MCDWD_L3.A2010004.h22v04.061.tif: "['gwp-Water', 'gwp-noWater'] not in index"
2025-10-26 11:11:33,054 - ERROR - Fehler bei der Verarbeitung von GWP.OSWF.DAILY.20100101.h22v04.tif und MCDWD_L3.A2010001.h22v04.061.tif: "['gwp-Water', 'gwp-noWater'] not in index"
2025-10-26 11:11:33,058 - ERROR - Fehler bei der Verarbeitung von GWP.OSWF.DAILY.20100102.h22v04.tif und MCDWD_L3.A2010002.h22v04.061.tif: "['gwp-Water', 'gwp-noWater'] not in index"
2025-10-26 11:11:33,059 - ERROR - Fehler bei der Verarbeitung von GWP.OSWF.DAILY.20100103.h22v04.tif und MCDWD_L3.A2010003.h22v04.061.tif: "['gwp-Water', 'gwp-noWater'] not in index"
2025-10-26 11:11:34,022 - ERROR - Fehler bei der Verarbeitung von GWP.OSWF.DAILY.20100105.h22v04.tif und MCDWD_L3.A2010005.h22v04.061.tif: "['gwp-Water', 'gwp-noWater'] not in index"
2025-10-26 11:11:34,026 - ERROR - Fehler bei der Verarbeitung von GWP.OSWF.DAILY.20100106.h22v04.tif und MCDWD_L3.A2010006.h22v04.061.tif: "['gwp-Water', 'gwp-noWater'] not in index"
2025-10-26 11:11:34,036 - ERROR - Fehler bei der Verarbeitung von GWP.OSWF.DAILY.20100107.h22v04.tif und MCDWD_L3.A2010007.h22v04.061.tif: "['gwp-Water', 'gwp-noWater'] not in index"
2025-10-26 11:11:34,043 - ERROR - Fehler bei der Verarbeitung von GWP.OSWF.DAILY.20100108.h22v04.tif und MCDWD_L3.A2010008.h22v04.061.tif: "['gwp-Water', 'gwp-noWater'] not in index"
2025-10-26 11:11:34,893 - ERROR - Fehler bei der Verarbeitung von GWP.OSWF.DAILY.20100109.h22v04.tif und MCDWD_L3.A2010009.h22v04.061.tif: "['gwp-Water', 'gwp-noWater'] not in index"
2025-10-26 11:11:34,900 - ERROR - Fehler bei der Verarbeitung von GWP.OSWF.DAILY.20100110.h22v04.tif und MCDWD_L3.A2010010.h22v04.061.tif: "['gwp-Water', 'gwp-noWater'] not in index"
2025-10-26 11:11:37,009 - ERROR - Fehler bei der Verarbeitung von GWP.OSWF.DAILY.20100111.h22v04.tif und MCDWD_L3.A2010011.h22v04.061.tif: "['gwp-Water', 'gwp-noWater'] not in index"
2025-10-26 11:11:37,021 - ERROR - Fehler bei der Verarbeitung von GWP.OSWF.DAILY.20100113.h22v04.tif und MCDWD_L3.A2010013.h22v04.061.tif: "['gwp-Water', 'gwp-noWater'] not in index"
2025-10-26 11:11:37,032 - ERROR - Fehler bei der Verarbeitung von GWP.OSWF.DAILY.20100114.h22v04.tif und MCDWD_L3.A2010014.h22v04.061.tif: "['gwp-Water', 'gwp-noWater'] not in index"
2025-10-26 11:11:37,036 - ERROR - Fehler bei der Verarbeitung von GWP.OSWF.DAILY.20100112.h22v04.tif und MCDWD_L3.A2010012.h22v04.061.tif: "['gwp-Water', 'gwp-noWater'] not in index"
2025-10-26 11:11:38,044 - ERROR - Fehler bei der Verarbeitung von GWP.OSWF.DAILY.20100115.h22v04.tif und MCDWD_L3.A2010015.h22v04.061.tif: "['gwp-Water', 'gwp-noWater'] not in index"
2025-10-26 11:11:38,048 - ERROR - Fehler bei der Verarbeitung von GWP.OSWF.DAILY.20100116.h22v04.tif und MCDWD_L3.A2010016.h22v04.061.tif: "['gwp-Water', 'gwp-noWater'] not in index"
2025-10-26 11:11:38,058 - ERROR - Fehler bei der Verarbeitung von GWP.OSWF.DAILY.20100117.h22v04.tif und MCDWD_L3.A2010017.h22v04.061.tif: "['gwp-Water', 'gwp-noWater'] not in index"
2025-10-26 11:11:38,062 - ERROR - Fehler bei der Verarbeitung von GWP.OSWF.DAILY.20100118.h22v04.tif und MCDWD_L3.A2010018.h22v04.061.tif: "['gwp-Water', 'gwp-noWater'] not in index"
2025-10-26 11:11:38,975 - ERROR - Fehler bei der Verarbeitung von GWP.OSWF.DAILY.20100120.h22v04.tif und MCDWD_L3.A2010020.h22v04.061.tif: "['gwp-Water', 'gwp-noWater'] not in index"
2025-10-26 11:11:38,977 - ERROR - Fehler bei der Verarbeitung von GWP.OSWF.DAILY.20100119.h22v04.tif und MCDWD_L3.A2010019.h22v04.061.tif: "['gwp-Water', 'gwp-noWater'] not in index"
2025-10-26 11:22:38,211 - INFO - Verarbeite Tile h22v04 für Jahr 2010
2025-10-26 11:22:38,255 - INFO - Insgesamt 100 passende Dateipaare gefunden
2025-10-26 11:22:38,255 - INFO - 100 passende Dateien für h22v04, 2010 gefunden
2025-10-26 11:22:39,407 - ERROR - Error in calculate_zonal_stats_df for T:\DLR\Analysis3\Input\NasaFlood\02_GWP-tiles\h22v04\GWP.OSWF.DAILY.20100101.h22v04.tif: Python integer -999 out of bounds for uint8
2025-10-26 11:22:39,407 - ERROR - Fehler bei der Verarbeitung von GWP.OSWF.DAILY.20100101.h22v04.tif und MCDWD_L3.A2010001.h22v04.061.2024284002200.tif: Python integer -999 out of bounds for uint8
2025-10-26 11:22:39,412 - ERROR - Error in calculate_zonal_stats_df for T:\DLR\Analysis3\Input\NasaFlood\02_GWP-tiles\h22v04\GWP.OSWF.DAILY.20100102.h22v04.tif: Python integer -999 out of bounds for uint8
2025-10-26 11:22:39,412 - ERROR - Error in calculate_zonal_stats_df for T:\DLR\Analysis3\Input\NasaFlood\02_GWP-tiles\h22v04\GWP.OSWF.DAILY.20100103.h22v04.tif: Python integer -999 out of bounds for uint8
2025-10-26 11:22:39,413 - ERROR - Fehler bei der Verarbeitung von GWP.OSWF.DAILY.20100103.h22v04.tif und MCDWD_L3.A2010003.h22v04.061.2024284020214.tif: Python integer -999 out of bounds for uint8
2025-10-26 11:22:39,425 - ERROR - Error in calculate_zonal_stats_df for T:\DLR\Analysis3\Input\NasaFlood\02_GWP-tiles\h22v04\GWP.OSWF.DAILY.20100104.h22v04.tif: Python integer -999 out of bounds for uint8
2025-10-26 11:22:39,425 - ERROR - Fehler bei der Verarbeitung von GWP.OSWF.DAILY.20100104.h22v04.tif und MCDWD_L3.A2010004.h22v04.061.2024284033424.tif: Python integer -999 out of bounds for uint8
2025-10-26 11:22:39,688 - ERROR - Error in calculate_zonal_stats_df for T:\DLR\Analysis3\Input\NasaFlood\02_GWP-tiles\h22v04\GWP.OSWF.DAILY.20100105.h22v04.tif: Python integer -999 out of bounds for uint8
2025-10-26 11:22:39,688 - ERROR - Fehler bei der Verarbeitung von GWP.OSWF.DAILY.20100105.h22v04.tif und MCDWD_L3.A2010005.h22v04.061.2024284052214.tif: Python integer -999 out of bounds for uint8
2025-10-26 11:22:39,694 - ERROR - Error in calculate_zonal_stats_df for T:\DLR\Analysis3\Input\NasaFlood\02_GWP-tiles\h22v04\GWP.OSWF.DAILY.20100106.h22v04.tif: Python integer -999 out of bounds for uint8
2025-10-26 11:22:39,694 - ERROR - Fehler bei der Verarbeitung von GWP.OSWF.DAILY.20100106.h22v04.tif und MCDWD_L3.A2010006.h22v04.061.2024284054522.tif: Python integer -999 out of bounds for uint8
2025-10-26 11:22:39,694 - ERROR - Error in calculate_zonal_stats_df for T:\DLR\Analysis3\Input\NasaFlood\02_GWP-tiles\h22v04\GWP.OSWF.DAILY.20100107.h22v04.tif: Python integer -999 out of bounds for uint8
2025-10-26 11:22:39,694 - ERROR - Fehler bei der Verarbeitung von GWP.OSWF.DAILY.20100107.h22v04.tif und MCDWD_L3.A2010007.h22v04.061.2024284060604.tif: Python integer -999 out of bounds for uint8
2025-10-26 11:22:39,700 - ERROR - Error in calculate_zonal_stats_df for T:\DLR\Analysis3\Input\NasaFlood\02_GWP-tiles\h22v04\GWP.OSWF.DAILY.20100108.h22v04.tif: Python integer -999 out of bounds for uint8
2025-10-26 11:22:39,701 - ERROR - Fehler bei der Verarbeitung von GWP.OSWF.DAILY.20100108.h22v04.tif und MCDWD_L3.A2010008.h22v04.061.2024284062525.tif: Python integer -999 out of bounds for uint8
2025-10-26 11:22:39,914 - ERROR - Error in calculate_zonal_stats_df for T:\DLR\Analysis3\Input\NasaFlood\02_GWP-tiles\h22v04\GWP.OSWF.DAILY.20100109.h22v04.tif: Python integer -999 out of bounds for uint8
2025-10-26 11:22:39,915 - ERROR - Fehler bei der Verarbeitung von GWP.OSWF.DAILY.20100109.h22v04.tif und MCDWD_L3.A2010009.h22v04.061.2024284064250.tif: Python integer -999 out of bounds for uint8
2025-10-26 11:22:39,919 - ERROR - Error in calculate_zonal_stats_df for T:\DLR\Analysis3\Input\NasaFlood\02_GWP-tiles\h22v04\GWP.OSWF.DAILY.20100110.h22v04.tif: Python integer -999 out of bounds for uint8
2025-10-26 11:22:39,920 - ERROR - Fehler bei der Verarbeitung von GWP.OSWF.DAILY.20100110.h22v04.tif und MCDWD_L3.A2010010.h22v04.061.2024284070013.tif: Python integer -999 out of bounds for uint8
2025-10-26 11:22:41,214 - ERROR - Error in calculate_zonal_stats_df for T:\DLR\Analysis3\Input\NasaFlood\02_GWP-tiles\h22v04\GWP.OSWF.DAILY.20100111.h22v04.tif: Python integer -999 out of bounds for uint8
2025-10-26 11:22:41,215 - ERROR - Fehler bei der Verarbeitung von GWP.OSWF.DAILY.20100111.h22v04.tif und MCDWD_L3.A2010011.h22v04.061.2024284071926.tif: Python integer -999 out of bounds for uint8
2025-10-26 11:22:41,222 - ERROR - Error in calculate_zonal_stats_df for T:\DLR\Analysis3\Input\NasaFlood\02_GWP-tiles\h22v04\GWP.OSWF.DAILY.20100112.h22v04.tif: Python integer -999 out of bounds for uint8
2025-10-26 11:22:41,223 - ERROR - Fehler bei der Verarbeitung von GWP.OSWF.DAILY.20100112.h22v04.tif und MCDWD_L3.A2010012.h22v04.061.2024284073617.tif: Python integer -999 out of bounds for uint8
2025-10-26 11:22:41,225 - ERROR - Error in calculate_zonal_stats_df for T:\DLR\Analysis3\Input\NasaFlood\02_GWP-tiles\h22v04\GWP.OSWF.DAILY.20100113.h22v04.tif: Python integer -999 out of bounds for uint8
2025-10-26 11:22:41,225 - ERROR - Fehler bei der Verarbeitung von GWP.OSWF.DAILY.20100113.h22v04.tif und MCDWD_L3.A2010013.h22v04.061.2024284074705.tif: Python integer -999 out of bounds for uint8
2025-10-26 11:22:41,230 - ERROR - Error in calculate_zonal_stats_df for T:\DLR\Analysis3\Input\NasaFlood\02_GWP-tiles\h22v04\GWP.OSWF.DAILY.20100114.h22v04.tif: Python integer -999 out of bounds for uint8
2025-10-26 11:22:41,230 - ERROR - Fehler bei der Verarbeitung von GWP.OSWF.DAILY.20100114.h22v04.tif und MCDWD_L3.A2010014.h22v04.061.2024284080047.tif: Python integer -999 out of bounds for uint8
2025-10-26 11:22:41,490 - ERROR - Error in calculate_zonal_stats_df for T:\DLR\Analysis3\Input\NasaFlood\02_GWP-tiles\h22v04\GWP.OSWF.DAILY.20100115.h22v04.tif: Python integer -999 out of bounds for uint8
2025-10-26 11:22:41,490 - ERROR - Fehler bei der Verarbeitung von GWP.OSWF.DAILY.20100115.h22v04.tif und MCDWD_L3.A2010015.h22v04.061.2024284081451.tif: Python integer -999 out of bounds for uint8
2025-10-26 11:22:41,503 - ERROR - Error in calculate_zonal_stats_df for T:\DLR\Analysis3\Input\NasaFlood\02_GWP-tiles\h22v04\GWP.OSWF.DAILY.20100117.h22v04.tif: Python integer -999 out of bounds for uint8
2025-10-26 11:22:41,503 - ERROR - Fehler bei der Verarbeitung von GWP.OSWF.DAILY.20100117.h22v04.tif und MCDWD_L3.A2010017.h22v04.061.2024284084044.tif: Python integer -999 out of bounds for uint8
2025-10-26 11:22:41,504 - ERROR - Error in calculate_zonal_stats_df for T:\DLR\Analysis3\Input\NasaFlood\02_GWP-tiles\h22v04\GWP.OSWF.DAILY.20100116.h22v04.tif: Python integer -999 out of bounds for uint8
2025-10-26 11:22:41,504 - ERROR - Fehler bei der Verarbeitung von GWP.OSWF.DAILY.20100116.h22v04.tif und MCDWD_L3.A2010016.h22v04.061.2024284082722.tif: Python integer -999 out of bounds for uint8
2025-10-26 11:22:41,511 - ERROR - Error in calculate_zonal_stats_df for T:\DLR\Analysis3\Input\NasaFlood\02_GWP-tiles\h22v04\GWP.OSWF.DAILY.20100118.h22v04.tif: Python integer -999 out of bounds for uint8
2025-10-26 11:22:41,512 - ERROR - Fehler bei der Verarbeitung von GWP.OSWF.DAILY.20100118.h22v04.tif und MCDWD_L3.A2010018.h22v04.061.2024284085202.tif: Python integer -999 out of bounds for uint8
2025-10-26 11:22:41,716 - ERROR - Error in calculate_zonal_stats_df for T:\DLR\Analysis3\Input\NasaFlood\02_GWP-tiles\h22v04\GWP.OSWF.DAILY.20100119.h22v04.tif: Python integer -999 out of bounds for uint8
2025-10-26 11:22:41,717 - ERROR - Fehler bei der Verarbeitung von GWP.OSWF.DAILY.20100119.h22v04.tif und MCDWD_L3.A2010019.h22v04.061.2024284090625.tif: Python integer -999 out of bounds for uint8
2025-10-26 11:22:41,728 - ERROR - Error in calculate_zonal_stats_df for T:\DLR\Analysis3\Input\NasaFlood\02_GWP-tiles\h22v04\GWP.OSWF.DAILY.20100120.h22v04.tif: Python integer -999 out of bounds for uint8
2025-10-26 11:22:41,728 - ERROR - Fehler bei der Verarbeitung von GWP.OSWF.DAILY.20100120.h22v04.tif und MCDWD_L3.A2010020.h22v04.061.2024284091827.tif: Python integer -999 out of bounds for uint8
2025-10-26 11:22:42,978 - ERROR - Error in calculate_zonal_stats_df for T:\DLR\Analysis3\Input\NasaFlood\02_GWP-tiles\h22v04\GWP.OSWF.DAILY.20100121.h22v04.tif: Python integer -999 out of bounds for uint8
2025-10-26 11:22:42,978 - ERROR - Fehler bei der Verarbeitung von GWP.OSWF.DAILY.20100121.h22v04.tif und MCDWD_L3.A2010021.h22v04.061.2024284093422.tif: Python integer -999 out of bounds for uint8
2025-10-26 11:22:42,980 - ERROR - Error in calculate_zonal_stats_df for T:\DLR\Analysis3\Input\NasaFlood\02_GWP-tiles\h22v04\GWP.OSWF.DAILY.20100122.h22v04.tif: Python integer -999 out of bounds for uint8
2025-10-26 11:22:42,980 - ERROR - Fehler bei der Verarbeitung von GWP.OSWF.DAILY.20100122.h22v04.tif und MCDWD_L3.A2010022.h22v04.061.2024284094755.tif: Python integer -999 out of bounds for uint8
2025-10-26 11:22:42,990 - ERROR - Error in calculate_zonal_stats_df for T:\DLR\Analysis3\Input\NasaFlood\02_GWP-tiles\h22v04\GWP.OSWF.DAILY.20100123.h22v04.tif: Python integer -999 out of bounds for uint8
2025-10-26 11:22:42,990 - ERROR - Fehler bei der Verarbeitung von GWP.OSWF.DAILY.20100123.h22v04.tif und MCDWD_L3.A2010023.h22v04.061.2024284100135.tif: Python integer -999 out of bounds for uint8
2025-10-26 11:22:42,992 - ERROR - Error in calculate_zonal_stats_df for T:\DLR\Analysis3\Input\NasaFlood\02_GWP-tiles\h22v04\GWP.OSWF.DAILY.20100124.h22v04.tif: Python integer -999 out of bounds for uint8
2025-10-26 11:22:42,993 - ERROR - Fehler bei der Verarbeitung von GWP.OSWF.DAILY.20100124.h22v04.tif und MCDWD_L3.A2010024.h22v04.061.2024284101659.tif: Python integer -999 out of bounds for uint8
2025-10-26 11:22:43,254 - ERROR - Error in calculate_zonal_stats_df for T:\DLR\Analysis3\Input\NasaFlood\02_GWP-tiles\h22v04\GWP.OSWF.DAILY.20100125.h22v04.tif: Python integer -999 out of bounds for uint8
2025-10-26 11:22:43,254 - ERROR - Fehler bei der Verarbeitung von GWP.OSWF.DAILY.20100125.h22v04.tif und MCDWD_L3.A2010025.h22v04.061.2024284102918.tif: Python integer -999 out of bounds for uint8
2025-10-26 11:22:43,259 - ERROR - Error in calculate_zonal_stats_df for T:\DLR\Analysis3\Input\NasaFlood\02_GWP-tiles\h22v04\GWP.OSWF.DAILY.20100126.h22v04.tif: Python integer -999 out of bounds for uint8
2025-10-26 11:22:43,260 - ERROR - Fehler bei der Verarbeitung von GWP.OSWF.DAILY.20100126.h22v04.tif und MCDWD_L3.A2010026.h22v04.061.2024284104230.tif: Python integer -999 out of bounds for uint8
2025-10-26 11:22:43,265 - ERROR - Error in calculate_zonal_stats_df for T:\DLR\Analysis3\Input\NasaFlood\02_GWP-tiles\h22v04\GWP.OSWF.DAILY.20100127.h22v04.tif: Python integer -999 out of bounds for uint8
2025-10-26 11:22:43,265 - ERROR - Fehler bei der Verarbeitung von GWP.OSWF.DAILY.20100127.h22v04.tif und MCDWD_L3.A2010027.h22v04.061.2024284105331.tif: Python integer -999 out of bounds for uint8
2025-10-26 11:22:43,268 - ERROR - Error in calculate_zonal_stats_df for T:\DLR\Analysis3\Input\NasaFlood\02_GWP-tiles\h22v04\GWP.OSWF.DAILY.20100128.h22v04.tif: Python integer -999 out of bounds for uint8
2025-10-26 11:22:43,268 - ERROR - Fehler bei der Verarbeitung von GWP.OSWF.DAILY.20100128.h22v04.tif und MCDWD_L3.A2010028.h22v04.061.2024284110651.tif: Python integer -999 out of bounds for uint8
2025-10-26 11:22:43,481 - ERROR - Error in calculate_zonal_stats_df for T:\DLR\Analysis3\Input\NasaFlood\02_GWP-tiles\h22v04\GWP.OSWF.DAILY.20100129.h22v04.tif: Python integer -999 out of bounds for uint8
2025-10-26 11:22:43,481 - ERROR - Fehler bei der Verarbeitung von GWP.OSWF.DAILY.20100129.h22v04.tif und MCDWD_L3.A2010029.h22v04.061.2024284112037.tif: Python integer -999 out of bounds for uint8
2025-10-26 11:22:43,486 - ERROR - Error in calculate_zonal_stats_df for T:\DLR\Analysis3\Input\NasaFlood\02_GWP-tiles\h22v04\GWP.OSWF.DAILY.20100130.h22v04.tif: Python integer -999 out of bounds for uint8
2025-10-26 11:22:43,487 - ERROR - Fehler bei der Verarbeitung von GWP.OSWF.DAILY.20100130.h22v04.tif und MCDWD_L3.A2010030.h22v04.061.2024284113651.tif: Python integer -999 out of bounds for uint8
2025-10-26 11:22:44,730 - ERROR - Error in calculate_zonal_stats_df for T:\DLR\Analysis3\Input\NasaFlood\02_GWP-tiles\h22v04\GWP.OSWF.DAILY.20100131.h22v04.tif: Python integer -999 out of bounds for uint8
2025-10-26 11:22:44,730 - ERROR - Fehler bei der Verarbeitung von GWP.OSWF.DAILY.20100131.h22v04.tif und MCDWD_L3.A2010031.h22v04.061.2024284114654.tif: Python integer -999 out of bounds for uint8
2025-10-26 11:22:44,734 - ERROR - Error in calculate_zonal_stats_df for T:\DLR\Analysis3\Input\NasaFlood\02_GWP-tiles\h22v04\GWP.OSWF.DAILY.20100201.h22v04.tif: Python integer -999 out of bounds for uint8
2025-10-26 11:22:44,734 - ERROR - Fehler bei der Verarbeitung von GWP.OSWF.DAILY.20100201.h22v04.tif und MCDWD_L3.A2010032.h22v04.061.2024296183317.tif: Python integer -999 out of bounds for uint8
2025-10-26 11:22:44,740 - ERROR - Error in calculate_zonal_stats_df for T:\DLR\Analysis3\Input\NasaFlood\02_GWP-tiles\h22v04\GWP.OSWF.DAILY.20100202.h22v04.tif: Python integer -999 out of bounds for uint8
2025-10-26 11:22:44,740 - ERROR - Fehler bei der Verarbeitung von GWP.OSWF.DAILY.20100202.h22v04.tif und MCDWD_L3.A2010033.h22v04.061.2024296193906.tif: Python integer -999 out of bounds for uint8
2025-10-26 11:22:44,746 - ERROR - Error in calculate_zonal_stats_df for T:\DLR\Analysis3\Input\NasaFlood\02_GWP-tiles\h22v04\GWP.OSWF.DAILY.20100203.h22v04.tif: Python integer -999 out of bounds for uint8
2025-10-26 11:22:44,747 - ERROR - Fehler bei der Verarbeitung von GWP.OSWF.DAILY.20100203.h22v04.tif und MCDWD_L3.A2010034.h22v04.061.2024296204049.tif: Python integer -999 out of bounds for uint8
2025-10-26 11:22:45,011 - ERROR - Error in calculate_zonal_stats_df for T:\DLR\Analysis3\Input\NasaFlood\02_GWP-tiles\h22v04\GWP.OSWF.DAILY.20100204.h22v04.tif: Python integer -999 out of bounds for uint8
2025-10-26 11:22:45,011 - ERROR - Fehler bei der Verarbeitung von GWP.OSWF.DAILY.20100204.h22v04.tif und MCDWD_L3.A2010035.h22v04.061.2024296215155.tif: Python integer -999 out of bounds for uint8
2025-10-26 11:22:45,013 - ERROR - Error in calculate_zonal_stats_df for T:\DLR\Analysis3\Input\NasaFlood\02_GWP-tiles\h22v04\GWP.OSWF.DAILY.20100205.h22v04.tif: Python integer -999 out of bounds for uint8
2025-10-26 11:22:45,013 - ERROR - Fehler bei der Verarbeitung von GWP.OSWF.DAILY.20100205.h22v04.tif und MCDWD_L3.A2010036.h22v04.061.2024296225524.tif: Python integer -999 out of bounds for uint8
2025-10-26 11:22:45,023 - ERROR - Error in calculate_zonal_stats_df for T:\DLR\Analysis3\Input\NasaFlood\02_GWP-tiles\h22v04\GWP.OSWF.DAILY.20100206.h22v04.tif: Python integer -999 out of bounds for uint8
2025-10-26 11:22:45,024 - ERROR - Fehler bei der Verarbeitung von GWP.OSWF.DAILY.20100206.h22v04.tif und MCDWD_L3.A2010037.h22v04.061.2024297000619.tif: Python integer -999 out of bounds for uint8
2025-10-26 11:22:45,025 - ERROR - Error in calculate_zonal_stats_df for T:\DLR\Analysis3\Input\NasaFlood\02_GWP-tiles\h22v04\GWP.OSWF.DAILY.20100207.h22v04.tif: Python integer -999 out of bounds for uint8
2025-10-26 11:22:45,025 - ERROR - Fehler bei der Verarbeitung von GWP.OSWF.DAILY.20100207.h22v04.tif und MCDWD_L3.A2010038.h22v04.061.2024297011002.tif: Python integer -999 out of bounds for uint8
2025-10-26 11:22:45,246 - ERROR - Error in calculate_zonal_stats_df for T:\DLR\Analysis3\Input\NasaFlood\02_GWP-tiles\h22v04\GWP.OSWF.DAILY.20100208.h22v04.tif: Python integer -999 out of bounds for uint8
2025-10-26 11:22:45,246 - ERROR - Fehler bei der Verarbeitung von GWP.OSWF.DAILY.20100208.h22v04.tif und MCDWD_L3.A2010039.h22v04.061.2024297021703.tif: Python integer -999 out of bounds for uint8
2025-10-26 11:22:45,254 - ERROR - Error in calculate_zonal_stats_df for T:\DLR\Analysis3\Input\NasaFlood\02_GWP-tiles\h22v04\GWP.OSWF.DAILY.20100209.h22v04.tif: Python integer -999 out of bounds for uint8
2025-10-26 11:22:45,255 - ERROR - Fehler bei der Verarbeitung von GWP.OSWF.DAILY.20100209.h22v04.tif und MCDWD_L3.A2010040.h22v04.061.2024297032646.tif: Python integer -999 out of bounds for uint8
2025-10-26 11:22:46,751 - ERROR - Error in calculate_zonal_stats_df for T:\DLR\Analysis3\Input\NasaFlood\02_GWP-tiles\h22v04\GWP.OSWF.DAILY.20100210.h22v04.tif: Python integer -999 out of bounds for uint8
2025-10-26 11:22:46,751 - ERROR - Fehler bei der Verarbeitung von GWP.OSWF.DAILY.20100210.h22v04.tif und MCDWD_L3.A2010041.h22v04.061.2024297043020.tif: Python integer -999 out of bounds for uint8
2025-10-26 11:22:46,751 - ERROR - Error in calculate_zonal_stats_df for T:\DLR\Analysis3\Input\NasaFlood\02_GWP-tiles\h22v04\GWP.OSWF.DAILY.20100211.h22v04.tif: Python integer -999 out of bounds for uint8
2025-10-26 11:22:46,751 - ERROR - Fehler bei der Verarbeitung von GWP.OSWF.DAILY.20100211.h22v04.tif und MCDWD_L3.A2010042.h22v04.061.2024297054133.tif: Python integer -999 out of bounds for uint8
2025-10-26 11:22:46,765 - ERROR - Error in calculate_zonal_stats_df for T:\DLR\Analysis3\Input\NasaFlood\02_GWP-tiles\h22v04\GWP.OSWF.DAILY.20100213.h22v04.tif: Python integer -999 out of bounds for uint8
2025-10-26 11:22:46,766 - ERROR - Fehler bei der Verarbeitung von GWP.OSWF.DAILY.20100213.h22v04.tif und MCDWD_L3.A2010044.h22v04.061.2024297075715.tif: Python integer -999 out of bounds for uint8
2025-10-26 11:22:46,767 - ERROR - Error in calculate_zonal_stats_df for T:\DLR\Analysis3\Input\NasaFlood\02_GWP-tiles\h22v04\GWP.OSWF.DAILY.20100212.h22v04.tif: Python integer -999 out of bounds for uint8
2025-10-26 11:22:46,768 - ERROR - Fehler bei der Verarbeitung von GWP.OSWF.DAILY.20100212.h22v04.tif und MCDWD_L3.A2010043.h22v04.061.2024297064400.tif: Python integer -999 out of bounds for uint8
2025-10-26 11:22:47,098 - ERROR - Error in calculate_zonal_stats_df for T:\DLR\Analysis3\Input\NasaFlood\02_GWP-tiles\h22v04\GWP.OSWF.DAILY.20100215.h22v04.tif: Python integer -999 out of bounds for uint8
2025-10-26 11:22:47,098 - ERROR - Fehler bei der Verarbeitung von GWP.OSWF.DAILY.20100215.h22v04.tif und MCDWD_L3.A2010046.h22v04.061.2024297101416.tif: Python integer -999 out of bounds for uint8
2025-10-26 11:22:47,106 - ERROR - Error in calculate_zonal_stats_df for T:\DLR\Analysis3\Input\NasaFlood\02_GWP-tiles\h22v04\GWP.OSWF.DAILY.20100216.h22v04.tif: Python integer -999 out of bounds for uint8
2025-10-26 11:22:47,106 - ERROR - Fehler bei der Verarbeitung von GWP.OSWF.DAILY.20100216.h22v04.tif und MCDWD_L3.A2010047.h22v04.061.2024297112328.tif: Python integer -999 out of bounds for uint8
2025-10-26 11:22:47,111 - ERROR - Error in calculate_zonal_stats_df for T:\DLR\Analysis3\Input\NasaFlood\02_GWP-tiles\h22v04\GWP.OSWF.DAILY.20100214.h22v04.tif: Python integer -999 out of bounds for uint8
2025-10-26 11:22:47,111 - ERROR - Fehler bei der Verarbeitung von GWP.OSWF.DAILY.20100214.h22v04.tif und MCDWD_L3.A2010045.h22v04.061.2024297090237.tif: Python integer -999 out of bounds for uint8
2025-10-26 11:22:47,112 - ERROR - Error in calculate_zonal_stats_df for T:\DLR\Analysis3\Input\NasaFlood\02_GWP-tiles\h22v04\GWP.OSWF.DAILY.20100217.h22v04.tif: Python integer -999 out of bounds for uint8
2025-10-26 11:22:47,113 - ERROR - Fehler bei der Verarbeitung von GWP.OSWF.DAILY.20100217.h22v04.tif und MCDWD_L3.A2010048.h22v04.061.2024297123313.tif: Python integer -999 out of bounds for uint8
2025-10-26 11:22:47,485 - ERROR - Error in calculate_zonal_stats_df for T:\DLR\Analysis3\Input\NasaFlood\02_GWP-tiles\h22v04\GWP.OSWF.DAILY.20100218.h22v04.tif: Python integer -999 out of bounds for uint8
2025-10-26 11:22:47,485 - ERROR - Fehler bei der Verarbeitung von GWP.OSWF.DAILY.20100218.h22v04.tif und MCDWD_L3.A2010049.h22v04.061.2024297133811.tif: Python integer -999 out of bounds for uint8
2025-10-26 11:22:47,512 - ERROR - Error in calculate_zonal_stats_df for T:\DLR\Analysis3\Input\NasaFlood\02_GWP-tiles\h22v04\GWP.OSWF.DAILY.20100219.h22v04.tif: Python integer -999 out of bounds for uint8
2025-10-26 11:22:47,512 - ERROR - Fehler bei der Verarbeitung von GWP.OSWF.DAILY.20100219.h22v04.tif und MCDWD_L3.A2010050.h22v04.061.2024297134751.tif: Python integer -999 out of bounds for uint8
2025-10-26 11:22:49,489 - ERROR - Error in calculate_zonal_stats_df for T:\DLR\Analysis3\Input\NasaFlood\02_GWP-tiles\h22v04\GWP.OSWF.DAILY.20100221.h22v04.tif: Python integer -999 out of bounds for uint8
2025-10-26 11:22:49,489 - ERROR - Error in calculate_zonal_stats_df for T:\DLR\Analysis3\Input\NasaFlood\02_GWP-tiles\h22v04\GWP.OSWF.DAILY.20100220.h22v04.tif: Python integer -999 out of bounds for uint8
2025-10-26 11:22:49,489 - ERROR - Fehler bei der Verarbeitung von GWP.OSWF.DAILY.20100221.h22v04.tif und MCDWD_L3.A2010052.h22v04.061.2024297141239.tif: Python integer -999 out of bounds for uint8
2025-10-26 11:22:49,489 - ERROR - Fehler bei der Verarbeitung von GWP.OSWF.DAILY.20100220.h22v04.tif und MCDWD_L3.A2010051.h22v04.061.2024297140435.tif: Python integer -999 out of bounds for uint8
2025-10-26 11:22:49,491 - ERROR - Error in calculate_zonal_stats_df for T:\DLR\Analysis3\Input\NasaFlood\02_GWP-tiles\h22v04\GWP.OSWF.DAILY.20100222.h22v04.tif: Python integer -999 out of bounds for uint8
2025-10-26 11:22:49,491 - ERROR - Fehler bei der Verarbeitung von GWP.OSWF.DAILY.20100222.h22v04.tif und MCDWD_L3.A2010053.h22v04.061.2024297142904.tif: Python integer -999 out of bounds for uint8
2025-10-26 11:22:49,497 - ERROR - Error in calculate_zonal_stats_df for T:\DLR\Analysis3\Input\NasaFlood\02_GWP-tiles\h22v04\GWP.OSWF.DAILY.20100223.h22v04.tif: Python integer -999 out of bounds for uint8
2025-10-26 11:22:49,498 - ERROR - Fehler bei der Verarbeitung von GWP.OSWF.DAILY.20100223.h22v04.tif und MCDWD_L3.A2010054.h22v04.061.2024297144020.tif: Python integer -999 out of bounds for uint8
2025-10-26 11:22:49,926 - ERROR - Error in calculate_zonal_stats_df for T:\DLR\Analysis3\Input\NasaFlood\02_GWP-tiles\h22v04\GWP.OSWF.DAILY.20100224.h22v04.tif: Python integer -999 out of bounds for uint8
2025-10-26 11:22:49,926 - ERROR - Fehler bei der Verarbeitung von GWP.OSWF.DAILY.20100224.h22v04.tif und MCDWD_L3.A2010055.h22v04.061.2024302123940.tif: Python integer -999 out of bounds for uint8
2025-10-26 11:22:49,965 - ERROR - Error in calculate_zonal_stats_df for T:\DLR\Analysis3\Input\NasaFlood\02_GWP-tiles\h22v04\GWP.OSWF.DAILY.20100225.h22v04.tif: Python integer -999 out of bounds for uint8
2025-10-26 11:22:49,966 - ERROR - Fehler bei der Verarbeitung von GWP.OSWF.DAILY.20100225.h22v04.tif und MCDWD_L3.A2010056.h22v04.061.2024302125050.tif: Python integer -999 out of bounds for uint8
2025-10-26 11:22:49,966 - ERROR - Error in calculate_zonal_stats_df for T:\DLR\Analysis3\Input\NasaFlood\02_GWP-tiles\h22v04\GWP.OSWF.DAILY.20100227.h22v04.tif: Python integer -999 out of bounds for uint8
2025-10-26 11:22:49,966 - ERROR - Fehler bei der Verarbeitung von GWP.OSWF.DAILY.20100227.h22v04.tif und MCDWD_L3.A2010058.h22v04.061.2024302131259.tif: Python integer -999 out of bounds for uint8
2025-10-26 11:22:49,970 - ERROR - Error in calculate_zonal_stats_df for T:\DLR\Analysis3\Input\NasaFlood\02_GWP-tiles\h22v04\GWP.OSWF.DAILY.20100226.h22v04.tif: Python integer -999 out of bounds for uint8
2025-10-26 11:22:49,970 - ERROR - Fehler bei der Verarbeitung von GWP.OSWF.DAILY.20100226.h22v04.tif und MCDWD_L3.A2010057.h22v04.061.2024302130104.tif: Python integer -999 out of bounds for uint8
2025-10-26 11:22:50,331 - ERROR - Error in calculate_zonal_stats_df for T:\DLR\Analysis3\Input\NasaFlood\02_GWP-tiles\h22v04\GWP.OSWF.DAILY.20100228.h22v04.tif: Python integer -999 out of bounds for uint8
2025-10-26 11:22:50,332 - ERROR - Fehler bei der Verarbeitung von GWP.OSWF.DAILY.20100228.h22v04.tif und MCDWD_L3.A2010059.h22v04.061.2024302132329.tif: Python integer -999 out of bounds for uint8
2025-10-26 11:22:50,383 - ERROR - Error in calculate_zonal_stats_df for T:\DLR\Analysis3\Input\NasaFlood\02_GWP-tiles\h22v04\GWP.OSWF.DAILY.20100301.h22v04.tif: Python integer -999 out of bounds for uint8
2025-10-26 11:22:50,383 - ERROR - Fehler bei der Verarbeitung von GWP.OSWF.DAILY.20100301.h22v04.tif und MCDWD_L3.A2010060.h22v04.061.2024302133616.tif: Python integer -999 out of bounds for uint8
2025-10-26 11:22:52,072 - ERROR - Error in calculate_zonal_stats_df for T:\DLR\Analysis3\Input\NasaFlood\02_GWP-tiles\h22v04\GWP.OSWF.DAILY.20100304.h22v04.tif: Python integer -999 out of bounds for uint8
2025-10-26 11:22:52,073 - ERROR - Fehler bei der Verarbeitung von GWP.OSWF.DAILY.20100304.h22v04.tif und MCDWD_L3.A2010063.h22v04.061.2024302141109.tif: Python integer -999 out of bounds for uint8
2025-10-26 11:22:52,075 - ERROR - Error in calculate_zonal_stats_df for T:\DLR\Analysis3\Input\NasaFlood\02_GWP-tiles\h22v04\GWP.OSWF.DAILY.20100302.h22v04.tif: Python integer -999 out of bounds for uint8
2025-10-26 11:22:52,075 - ERROR - Fehler bei der Verarbeitung von GWP.OSWF.DAILY.20100302.h22v04.tif und MCDWD_L3.A2010061.h22v04.061.2024302134628.tif: Python integer -999 out of bounds for uint8
2025-10-26 11:22:52,123 - ERROR - Error in calculate_zonal_stats_df for T:\DLR\Analysis3\Input\NasaFlood\02_GWP-tiles\h22v04\GWP.OSWF.DAILY.20100303.h22v04.tif: Python integer -999 out of bounds for uint8
2025-10-26 11:22:52,124 - ERROR - Fehler bei der Verarbeitung von GWP.OSWF.DAILY.20100303.h22v04.tif und MCDWD_L3.A2010062.h22v04.061.2024302135810.tif: Python integer -999 out of bounds for uint8
2025-10-26 11:22:52,142 - ERROR - Error in calculate_zonal_stats_df for T:\DLR\Analysis3\Input\NasaFlood\02_GWP-tiles\h22v04\GWP.OSWF.DAILY.20100305.h22v04.tif: Python integer -999 out of bounds for uint8
2025-10-26 11:22:52,142 - ERROR - Fehler bei der Verarbeitung von GWP.OSWF.DAILY.20100305.h22v04.tif und MCDWD_L3.A2010064.h22v04.061.2024302142432.tif: Python integer -999 out of bounds for uint8
2025-10-26 11:22:52,529 - ERROR - Error in calculate_zonal_stats_df for T:\DLR\Analysis3\Input\NasaFlood\02_GWP-tiles\h22v04\GWP.OSWF.DAILY.20100306.h22v04.tif: Python integer -999 out of bounds for uint8
2025-10-26 11:22:52,529 - ERROR - Fehler bei der Verarbeitung von GWP.OSWF.DAILY.20100306.h22v04.tif und MCDWD_L3.A2010065.h22v04.061.2024302144000.tif: Python integer -999 out of bounds for uint8
2025-10-26 11:22:52,537 - ERROR - Error in calculate_zonal_stats_df for T:\DLR\Analysis3\Input\NasaFlood\02_GWP-tiles\h22v04\GWP.OSWF.DAILY.20100307.h22v04.tif: Python integer -999 out of bounds for uint8
2025-10-26 11:22:52,537 - ERROR - Fehler bei der Verarbeitung von GWP.OSWF.DAILY.20100307.h22v04.tif und MCDWD_L3.A2010066.h22v04.061.2024302145044.tif: Python integer -999 out of bounds for uint8
2025-10-26 11:22:52,577 - ERROR - Error in calculate_zonal_stats_df for T:\DLR\Analysis3\Input\NasaFlood\02_GWP-tiles\h22v04\GWP.OSWF.DAILY.20100308.h22v04.tif: Python integer -999 out of bounds for uint8
2025-10-26 11:22:52,577 - ERROR - Fehler bei der Verarbeitung von GWP.OSWF.DAILY.20100308.h22v04.tif und MCDWD_L3.A2010067.h22v04.061.2024302150835.tif: Python integer -999 out of bounds for uint8
2025-10-26 11:22:52,600 - ERROR - Error in calculate_zonal_stats_df for T:\DLR\Analysis3\Input\NasaFlood\02_GWP-tiles\h22v04\GWP.OSWF.DAILY.20100309.h22v04.tif: Python integer -999 out of bounds for uint8
2025-10-26 11:22:52,600 - ERROR - Fehler bei der Verarbeitung von GWP.OSWF.DAILY.20100309.h22v04.tif und MCDWD_L3.A2010068.h22v04.061.2024302152012.tif: Python integer -999 out of bounds for uint8
2025-10-26 11:22:52,945 - ERROR - Error in calculate_zonal_stats_df for T:\DLR\Analysis3\Input\NasaFlood\02_GWP-tiles\h22v04\GWP.OSWF.DAILY.20100310.h22v04.tif: Python integer -999 out of bounds for uint8
2025-10-26 11:22:52,945 - ERROR - Error in calculate_zonal_stats_df for T:\DLR\Analysis3\Input\NasaFlood\02_GWP-tiles\h22v04\GWP.OSWF.DAILY.20100311.h22v04.tif: Python integer -999 out of bounds for uint8
2025-10-26 11:22:52,945 - ERROR - Fehler bei der Verarbeitung von GWP.OSWF.DAILY.20100310.h22v04.tif und MCDWD_L3.A2010069.h22v04.061.2024302153744.tif: Python integer -999 out of bounds for uint8
2025-10-26 11:22:52,945 - ERROR - Fehler bei der Verarbeitung von GWP.OSWF.DAILY.20100311.h22v04.tif und MCDWD_L3.A2010070.h22v04.061.2024302154344.tif: Python integer -999 out of bounds for uint8
2025-10-26 11:22:54,578 - ERROR - Error in calculate_zonal_stats_df for T:\DLR\Analysis3\Input\NasaFlood\02_GWP-tiles\h22v04\GWP.OSWF.DAILY.20100313.h22v04.tif: Python integer -999 out of bounds for uint8
2025-10-26 11:22:54,578 - ERROR - Fehler bei der Verarbeitung von GWP.OSWF.DAILY.20100313.h22v04.tif und MCDWD_L3.A2010072.h22v04.061.2024302155417.tif: Python integer -999 out of bounds for uint8
2025-10-26 11:22:54,588 - ERROR - Error in calculate_zonal_stats_df for T:\DLR\Analysis3\Input\NasaFlood\02_GWP-tiles\h22v04\GWP.OSWF.DAILY.20100315.h22v04.tif: Python integer -999 out of bounds for uint8
2025-10-26 11:22:54,589 - ERROR - Fehler bei der Verarbeitung von GWP.OSWF.DAILY.20100315.h22v04.tif und MCDWD_L3.A2010074.h22v04.061.2024302160824.tif: Python integer -999 out of bounds for uint8
2025-10-26 11:22:54,626 - ERROR - Error in calculate_zonal_stats_df for T:\DLR\Analysis3\Input\NasaFlood\02_GWP-tiles\h22v04\GWP.OSWF.DAILY.20100312.h22v04.tif: Python integer -999 out of bounds for uint8
2025-10-26 11:22:54,626 - ERROR - Fehler bei der Verarbeitung von GWP.OSWF.DAILY.20100312.h22v04.tif und MCDWD_L3.A2010071.h22v04.061.2024302154833.tif: Python integer -999 out of bounds for uint8
2025-10-26 11:22:54,644 - ERROR - Error in calculate_zonal_stats_df for T:\DLR\Analysis3\Input\NasaFlood\02_GWP-tiles\h22v04\GWP.OSWF.DAILY.20100314.h22v04.tif: Python integer -999 out of bounds for uint8
2025-10-26 11:22:54,644 - ERROR - Fehler bei der Verarbeitung von GWP.OSWF.DAILY.20100314.h22v04.tif und MCDWD_L3.A2010073.h22v04.061.2024302160304.tif: Python integer -999 out of bounds for uint8
2025-10-26 11:22:55,028 - ERROR - Error in calculate_zonal_stats_df for T:\DLR\Analysis3\Input\NasaFlood\02_GWP-tiles\h22v04\GWP.OSWF.DAILY.20100316.h22v04.tif: Python integer -999 out of bounds for uint8
2025-10-26 11:22:55,029 - ERROR - Fehler bei der Verarbeitung von GWP.OSWF.DAILY.20100316.h22v04.tif und MCDWD_L3.A2010075.h22v04.061.2024302161033.tif: Python integer -999 out of bounds for uint8
2025-10-26 11:22:55,036 - ERROR - Error in calculate_zonal_stats_df for T:\DLR\Analysis3\Input\NasaFlood\02_GWP-tiles\h22v04\GWP.OSWF.DAILY.20100317.h22v04.tif: Python integer -999 out of bounds for uint8
2025-10-26 11:22:55,037 - ERROR - Fehler bei der Verarbeitung von GWP.OSWF.DAILY.20100317.h22v04.tif und MCDWD_L3.A2010076.h22v04.061.2024302161551.tif: Python integer -999 out of bounds for uint8
2025-10-26 11:22:55,067 - ERROR - Error in calculate_zonal_stats_df for T:\DLR\Analysis3\Input\NasaFlood\02_GWP-tiles\h22v04\GWP.OSWF.DAILY.20100318.h22v04.tif: Python integer -999 out of bounds for uint8
2025-10-26 11:22:55,068 - ERROR - Fehler bei der Verarbeitung von GWP.OSWF.DAILY.20100318.h22v04.tif und MCDWD_L3.A2010077.h22v04.061.2024302161832.tif: Python integer -999 out of bounds for uint8
2025-10-26 11:22:55,087 - ERROR - Error in calculate_zonal_stats_df for T:\DLR\Analysis3\Input\NasaFlood\02_GWP-tiles\h22v04\GWP.OSWF.DAILY.20100319.h22v04.tif: Python integer -999 out of bounds for uint8
2025-10-26 11:22:55,088 - ERROR - Fehler bei der Verarbeitung von GWP.OSWF.DAILY.20100319.h22v04.tif und MCDWD_L3.A2010078.h22v04.061.2024302162228.tif: Python integer -999 out of bounds for uint8
2025-10-26 11:22:55,332 - ERROR - Error in calculate_zonal_stats_df for T:\DLR\Analysis3\Input\NasaFlood\02_GWP-tiles\h22v04\GWP.OSWF.DAILY.20100320.h22v04.tif: Python integer -999 out of bounds for uint8
2025-10-26 11:22:55,332 - ERROR - Fehler bei der Verarbeitung von GWP.OSWF.DAILY.20100320.h22v04.tif und MCDWD_L3.A2010079.h22v04.061.2024302162604.tif: Python integer -999 out of bounds for uint8
2025-10-26 11:22:55,347 - ERROR - Error in calculate_zonal_stats_df for T:\DLR\Analysis3\Input\NasaFlood\02_GWP-tiles\h22v04\GWP.OSWF.DAILY.20100321.h22v04.tif: Python integer -999 out of bounds for uint8
2025-10-26 11:22:55,347 - ERROR - Fehler bei der Verarbeitung von GWP.OSWF.DAILY.20100321.h22v04.tif und MCDWD_L3.A2010080.h22v04.061.2024302163016.tif: Python integer -999 out of bounds for uint8
2025-10-26 11:22:57,044 - ERROR - Error in calculate_zonal_stats_df for T:\DLR\Analysis3\Input\NasaFlood\02_GWP-tiles\h22v04\GWP.OSWF.DAILY.20100322.h22v04.tif: Python integer -999 out of bounds for uint8
2025-10-26 11:22:57,044 - ERROR - Fehler bei der Verarbeitung von GWP.OSWF.DAILY.20100322.h22v04.tif und MCDWD_L3.A2010081.h22v04.061.2024302163452.tif: Python integer -999 out of bounds for uint8
2025-10-26 11:22:57,047 - ERROR - Error in calculate_zonal_stats_df for T:\DLR\Analysis3\Input\NasaFlood\02_GWP-tiles\h22v04\GWP.OSWF.DAILY.20100323.h22v04.tif: Python integer -999 out of bounds for uint8
2025-10-26 11:22:57,047 - ERROR - Fehler bei der Verarbeitung von GWP.OSWF.DAILY.20100323.h22v04.tif und MCDWD_L3.A2010082.h22v04.061.2024302163705.tif: Python integer -999 out of bounds for uint8
2025-10-26 11:22:57,058 - ERROR - Error in calculate_zonal_stats_df for T:\DLR\Analysis3\Input\NasaFlood\02_GWP-tiles\h22v04\GWP.OSWF.DAILY.20100324.h22v04.tif: Python integer -999 out of bounds for uint8
2025-10-26 11:22:57,059 - ERROR - Fehler bei der Verarbeitung von GWP.OSWF.DAILY.20100324.h22v04.tif und MCDWD_L3.A2010083.h22v04.061.2024302164236.tif: Python integer -999 out of bounds for uint8
2025-10-26 11:22:57,061 - ERROR - Error in calculate_zonal_stats_df for T:\DLR\Analysis3\Input\NasaFlood\02_GWP-tiles\h22v04\GWP.OSWF.DAILY.20100325.h22v04.tif: Python integer -999 out of bounds for uint8
2025-10-26 11:22:57,061 - ERROR - Fehler bei der Verarbeitung von GWP.OSWF.DAILY.20100325.h22v04.tif und MCDWD_L3.A2010084.h22v04.061.2024302164414.tif: Python integer -999 out of bounds for uint8
2025-10-26 11:22:57,473 - ERROR - Error in calculate_zonal_stats_df for T:\DLR\Analysis3\Input\NasaFlood\02_GWP-tiles\h22v04\GWP.OSWF.DAILY.20100326.h22v04.tif: Python integer -999 out of bounds for uint8
2025-10-26 11:22:57,473 - ERROR - Fehler bei der Verarbeitung von GWP.OSWF.DAILY.20100326.h22v04.tif und MCDWD_L3.A2010085.h22v04.061.2024302164854.tif: Python integer -999 out of bounds for uint8
2025-10-26 11:22:57,497 - ERROR - Error in calculate_zonal_stats_df for T:\DLR\Analysis3\Input\NasaFlood\02_GWP-tiles\h22v04\GWP.OSWF.DAILY.20100329.h22v04.tif: Python integer -999 out of bounds for uint8
2025-10-26 11:22:57,498 - ERROR - Fehler bei der Verarbeitung von GWP.OSWF.DAILY.20100329.h22v04.tif und MCDWD_L3.A2010088.h22v04.061.2024302170833.tif: Python integer -999 out of bounds for uint8
2025-10-26 11:22:57,502 - ERROR - Error in calculate_zonal_stats_df for T:\DLR\Analysis3\Input\NasaFlood\02_GWP-tiles\h22v04\GWP.OSWF.DAILY.20100327.h22v04.tif: Python integer -999 out of bounds for uint8
2025-10-26 11:22:57,502 - ERROR - Fehler bei der Verarbeitung von GWP.OSWF.DAILY.20100327.h22v04.tif und MCDWD_L3.A2010086.h22v04.061.2024302165352.tif: Python integer -999 out of bounds for uint8
2025-10-26 11:22:57,521 - ERROR - Error in calculate_zonal_stats_df for T:\DLR\Analysis3\Input\NasaFlood\02_GWP-tiles\h22v04\GWP.OSWF.DAILY.20100328.h22v04.tif: Python integer -999 out of bounds for uint8
2025-10-26 11:22:57,521 - ERROR - Fehler bei der Verarbeitung von GWP.OSWF.DAILY.20100328.h22v04.tif und MCDWD_L3.A2010087.h22v04.061.2024302165924.tif: Python integer -999 out of bounds for uint8
2025-10-26 11:22:57,736 - ERROR - Error in calculate_zonal_stats_df for T:\DLR\Analysis3\Input\NasaFlood\02_GWP-tiles\h22v04\GWP.OSWF.DAILY.20100330.h22v04.tif: Python integer -999 out of bounds for uint8
2025-10-26 11:22:57,737 - ERROR - Fehler bei der Verarbeitung von GWP.OSWF.DAILY.20100330.h22v04.tif und MCDWD_L3.A2010089.h22v04.061.2024302171458.tif: Python integer -999 out of bounds for uint8
2025-10-26 11:22:57,765 - ERROR - Error in calculate_zonal_stats_df for T:\DLR\Analysis3\Input\NasaFlood\02_GWP-tiles\h22v04\GWP.OSWF.DAILY.20100331.h22v04.tif: Python integer -999 out of bounds for uint8
2025-10-26 11:22:57,766 - ERROR - Fehler bei der Verarbeitung von GWP.OSWF.DAILY.20100331.h22v04.tif und MCDWD_L3.A2010090.h22v04.061.2024302171956.tif: Python integer -999 out of bounds for uint8
2025-10-26 11:22:59,569 - ERROR - Error in calculate_zonal_stats_df for T:\DLR\Analysis3\Input\NasaFlood\02_GWP-tiles\h22v04\GWP.OSWF.DAILY.20100401.h22v04.tif: Python integer -999 out of bounds for uint8
2025-10-26 11:22:59,569 - ERROR - Fehler bei der Verarbeitung von GWP.OSWF.DAILY.20100401.h22v04.tif und MCDWD_L3.A2010091.h22v04.061.2024302172220.tif: Python integer -999 out of bounds for uint8
2025-10-26 11:22:59,574 - ERROR - Error in calculate_zonal_stats_df for T:\DLR\Analysis3\Input\NasaFlood\02_GWP-tiles\h22v04\GWP.OSWF.DAILY.20100402.h22v04.tif: Python integer -999 out of bounds for uint8
2025-10-26 11:22:59,575 - ERROR - Fehler bei der Verarbeitung von GWP.OSWF.DAILY.20100402.h22v04.tif und MCDWD_L3.A2010092.h22v04.061.2024302172706.tif: Python integer -999 out of bounds for uint8
2025-10-26 11:22:59,575 - ERROR - Error in calculate_zonal_stats_df for T:\DLR\Analysis3\Input\NasaFlood\02_GWP-tiles\h22v04\GWP.OSWF.DAILY.20100403.h22v04.tif: Python integer -999 out of bounds for uint8
2025-10-26 11:22:59,575 - ERROR - Fehler bei der Verarbeitung von GWP.OSWF.DAILY.20100403.h22v04.tif und MCDWD_L3.A2010093.h22v04.061.2024302173022.tif: Python integer -999 out of bounds for uint8
2025-10-26 11:22:59,582 - ERROR - Error in calculate_zonal_stats_df for T:\DLR\Analysis3\Input\NasaFlood\02_GWP-tiles\h22v04\GWP.OSWF.DAILY.20100404.h22v04.tif: Python integer -999 out of bounds for uint8
2025-10-26 11:22:59,582 - ERROR - Fehler bei der Verarbeitung von GWP.OSWF.DAILY.20100404.h22v04.tif und MCDWD_L3.A2010094.h22v04.061.2024302173603.tif: Python integer -999 out of bounds for uint8
2025-10-26 11:23:00,029 - ERROR - Error in calculate_zonal_stats_df for T:\DLR\Analysis3\Input\NasaFlood\02_GWP-tiles\h22v04\GWP.OSWF.DAILY.20100405.h22v04.tif: Python integer -999 out of bounds for uint8
2025-10-26 11:23:00,029 - ERROR - Error in calculate_zonal_stats_df for T:\DLR\Analysis3\Input\NasaFlood\02_GWP-tiles\h22v04\GWP.OSWF.DAILY.20100406.h22v04.tif: Python integer -999 out of bounds for uint8
2025-10-26 11:23:00,029 - ERROR - Fehler bei der Verarbeitung von GWP.OSWF.DAILY.20100405.h22v04.tif und MCDWD_L3.A2010095.h22v04.061.2024302173950.tif: Python integer -999 out of bounds for uint8
2025-10-26 11:23:00,029 - ERROR - Fehler bei der Verarbeitung von GWP.OSWF.DAILY.20100406.h22v04.tif und MCDWD_L3.A2010096.h22v04.061.2024302174304.tif: Python integer -999 out of bounds for uint8
2025-10-26 11:23:00,037 - ERROR - Error in calculate_zonal_stats_df for T:\DLR\Analysis3\Input\NasaFlood\02_GWP-tiles\h22v04\GWP.OSWF.DAILY.20100408.h22v04.tif: Python integer -999 out of bounds for uint8
2025-10-26 11:23:00,037 - ERROR - Fehler bei der Verarbeitung von GWP.OSWF.DAILY.20100408.h22v04.tif und MCDWD_L3.A2010098.h22v04.061.2024302175006.tif: Python integer -999 out of bounds for uint8
2025-10-26 11:23:00,046 - ERROR - Error in calculate_zonal_stats_df for T:\DLR\Analysis3\Input\NasaFlood\02_GWP-tiles\h22v04\GWP.OSWF.DAILY.20100407.h22v04.tif: Python integer -999 out of bounds for uint8
2025-10-26 11:23:00,047 - ERROR - Fehler bei der Verarbeitung von GWP.OSWF.DAILY.20100407.h22v04.tif und MCDWD_L3.A2010097.h22v04.061.2024302174812.tif: Python integer -999 out of bounds for uint8
2025-10-26 11:23:00,285 - ERROR - Error in calculate_zonal_stats_df for T:\DLR\Analysis3\Input\NasaFlood\02_GWP-tiles\h22v04\GWP.OSWF.DAILY.20100409.h22v04.tif: Python integer -999 out of bounds for uint8
2025-10-26 11:23:00,285 - ERROR - Fehler bei der Verarbeitung von GWP.OSWF.DAILY.20100409.h22v04.tif und MCDWD_L3.A2010099.h22v04.061.2024302175617.tif: Python integer -999 out of bounds for uint8
2025-10-26 11:23:00,287 - ERROR - Error in calculate_zonal_stats_df for T:\DLR\Analysis3\Input\NasaFlood\02_GWP-tiles\h22v04\GWP.OSWF.DAILY.20100410.h22v04.tif: Python integer -999 out of bounds for uint8
2025-10-26 11:23:00,287 - ERROR - Fehler bei der Verarbeitung von GWP.OSWF.DAILY.20100410.h22v04.tif und MCDWD_L3.A2010100.h22v04.061.2024302175845.tif: Python integer -999 out of bounds for uint8
2025-10-26 11:23:00,459 - INFO - Verarbeite Tile h22v04 für Jahr 2021
2025-10-26 11:23:00,481 - INFO - Insgesamt 100 passende Dateipaare gefunden
2025-10-26 11:23:00,481 - INFO - 100 passende Dateien für h22v04, 2021 gefunden
2025-10-26 11:26:51,716 - INFO - Verarbeite Tile h22v04 für Jahr 2010
2025-10-26 11:26:51,760 - INFO - Insgesamt 100 passende Dateipaare gefunden
2025-10-26 11:26:51,760 - INFO - 100 passende Dateien für h22v04, 2010 gefunden
2025-10-26 11:26:52,842 - ERROR - Error in calculate_zonal_stats_df for T:\DLR\Analysis3\Input\NasaFlood\02_GWP-tiles\h22v04\GWP.OSWF.DAILY.20100101.h22v04.tif: Python integer -999 out of bounds for uint8
2025-10-26 11:26:52,843 - ERROR - Fehler bei der Verarbeitung von GWP.OSWF.DAILY.20100101.h22v04.tif und MCDWD_L3.A2010001.h22v04.061.2024284002200.tif: Python integer -999 out of bounds for uint8
2025-10-26 11:26:52,847 - ERROR - Error in calculate_zonal_stats_df for T:\DLR\Analysis3\Input\NasaFlood\02_GWP-tiles\h22v04\GWP.OSWF.DAILY.20100102.h22v04.tif: Python integer -999 out of bounds for uint8
2025-10-26 11:26:52,848 - ERROR - Fehler bei der Verarbeitung von GWP.OSWF.DAILY.20100102.h22v04.tif und MCDWD_L3.A2010002.h22v04.061.2024284005424.tif: Python integer -999 out of bounds for uint8
2025-10-26 11:26:52,857 - ERROR - Error in calculate_zonal_stats_df for T:\DLR\Analysis3\Input\NasaFlood\02_GWP-tiles\h22v04\GWP.OSWF.DAILY.20100103.h22v04.tif: Python integer -999 out of bounds for uint8
2025-10-26 11:26:52,857 - ERROR - Fehler bei der Verarbeitung von GWP.OSWF.DAILY.20100103.h22v04.tif und MCDWD_L3.A2010003.h22v04.061.2024284020214.tif: Python integer -999 out of bounds for uint8
2025-10-26 11:26:52,869 - ERROR - Error in calculate_zonal_stats_df for T:\DLR\Analysis3\Input\NasaFlood\02_GWP-tiles\h22v04\GWP.OSWF.DAILY.20100104.h22v04.tif: Python integer -999 out of bounds for uint8
2025-10-26 11:26:52,869 - ERROR - Fehler bei der Verarbeitung von GWP.OSWF.DAILY.20100104.h22v04.tif und MCDWD_L3.A2010004.h22v04.061.2024284033424.tif: Python integer -999 out of bounds for uint8
2025-10-26 11:26:53,124 - ERROR - Error in calculate_zonal_stats_df for T:\DLR\Analysis3\Input\NasaFlood\02_GWP-tiles\h22v04\GWP.OSWF.DAILY.20100105.h22v04.tif: Python integer -999 out of bounds for uint8
2025-10-26 11:26:53,124 - ERROR - Fehler bei der Verarbeitung von GWP.OSWF.DAILY.20100105.h22v04.tif und MCDWD_L3.A2010005.h22v04.061.2024284052214.tif: Python integer -999 out of bounds for uint8
2025-10-26 11:26:53,134 - ERROR - Error in calculate_zonal_stats_df for T:\DLR\Analysis3\Input\NasaFlood\02_GWP-tiles\h22v04\GWP.OSWF.DAILY.20100106.h22v04.tif: Python integer -999 out of bounds for uint8
2025-10-26 11:26:53,135 - ERROR - Fehler bei der Verarbeitung von GWP.OSWF.DAILY.20100106.h22v04.tif und MCDWD_L3.A2010006.h22v04.061.2024284054522.tif: Python integer -999 out of bounds for uint8
2025-10-26 11:26:53,138 - ERROR - Error in calculate_zonal_stats_df for T:\DLR\Analysis3\Input\NasaFlood\02_GWP-tiles\h22v04\GWP.OSWF.DAILY.20100107.h22v04.tif: Python integer -999 out of bounds for uint8
2025-10-26 11:26:53,138 - ERROR - Fehler bei der Verarbeitung von GWP.OSWF.DAILY.20100107.h22v04.tif und MCDWD_L3.A2010007.h22v04.061.2024284060604.tif: Python integer -999 out of bounds for uint8
2025-10-26 11:26:53,152 - ERROR - Error in calculate_zonal_stats_df for T:\DLR\Analysis3\Input\NasaFlood\02_GWP-tiles\h22v04\GWP.OSWF.DAILY.20100108.h22v04.tif: Python integer -999 out of bounds for uint8
2025-10-26 11:26:53,152 - ERROR - Fehler bei der Verarbeitung von GWP.OSWF.DAILY.20100108.h22v04.tif und MCDWD_L3.A2010008.h22v04.061.2024284062525.tif: Python integer -999 out of bounds for uint8
2025-10-26 11:26:53,362 - ERROR - Error in calculate_zonal_stats_df for T:\DLR\Analysis3\Input\NasaFlood\02_GWP-tiles\h22v04\GWP.OSWF.DAILY.20100109.h22v04.tif: Python integer -999 out of bounds for uint8
2025-10-26 11:26:53,363 - ERROR - Fehler bei der Verarbeitung von GWP.OSWF.DAILY.20100109.h22v04.tif und MCDWD_L3.A2010009.h22v04.061.2024284064250.tif: Python integer -999 out of bounds for uint8
2025-10-26 11:26:53,367 - ERROR - Error in calculate_zonal_stats_df for T:\DLR\Analysis3\Input\NasaFlood\02_GWP-tiles\h22v04\GWP.OSWF.DAILY.20100110.h22v04.tif: Python integer -999 out of bounds for uint8
2025-10-26 11:26:53,368 - ERROR - Fehler bei der Verarbeitung von GWP.OSWF.DAILY.20100110.h22v04.tif und MCDWD_L3.A2010010.h22v04.061.2024284070013.tif: Python integer -999 out of bounds for uint8
2025-10-26 11:26:54,624 - ERROR - Error in calculate_zonal_stats_df for T:\DLR\Analysis3\Input\NasaFlood\02_GWP-tiles\h22v04\GWP.OSWF.DAILY.20100111.h22v04.tif: Python integer -999 out of bounds for uint8
2025-10-26 11:26:54,625 - ERROR - Fehler bei der Verarbeitung von GWP.OSWF.DAILY.20100111.h22v04.tif und MCDWD_L3.A2010011.h22v04.061.2024284071926.tif: Python integer -999 out of bounds for uint8
2025-10-26 11:26:54,629 - ERROR - Error in calculate_zonal_stats_df for T:\DLR\Analysis3\Input\NasaFlood\02_GWP-tiles\h22v04\GWP.OSWF.DAILY.20100112.h22v04.tif: Python integer -999 out of bounds for uint8
2025-10-26 11:26:54,630 - ERROR - Fehler bei der Verarbeitung von GWP.OSWF.DAILY.20100112.h22v04.tif und MCDWD_L3.A2010012.h22v04.061.2024284073617.tif: Python integer -999 out of bounds for uint8
2025-10-26 11:26:54,631 - ERROR - Error in calculate_zonal_stats_df for T:\DLR\Analysis3\Input\NasaFlood\02_GWP-tiles\h22v04\GWP.OSWF.DAILY.20100113.h22v04.tif: Python integer -999 out of bounds for uint8
2025-10-26 11:26:54,632 - ERROR - Fehler bei der Verarbeitung von GWP.OSWF.DAILY.20100113.h22v04.tif und MCDWD_L3.A2010013.h22v04.061.2024284074705.tif: Python integer -999 out of bounds for uint8
2025-10-26 11:26:54,640 - ERROR - Error in calculate_zonal_stats_df for T:\DLR\Analysis3\Input\NasaFlood\02_GWP-tiles\h22v04\GWP.OSWF.DAILY.20100114.h22v04.tif: Python integer -999 out of bounds for uint8
2025-10-26 11:26:54,640 - ERROR - Fehler bei der Verarbeitung von GWP.OSWF.DAILY.20100114.h22v04.tif und MCDWD_L3.A2010014.h22v04.061.2024284080047.tif: Python integer -999 out of bounds for uint8
2025-10-26 11:26:54,904 - ERROR - Error in calculate_zonal_stats_df for T:\DLR\Analysis3\Input\NasaFlood\02_GWP-tiles\h22v04\GWP.OSWF.DAILY.20100115.h22v04.tif: Python integer -999 out of bounds for uint8
2025-10-26 11:26:54,904 - ERROR - Fehler bei der Verarbeitung von GWP.OSWF.DAILY.20100115.h22v04.tif und MCDWD_L3.A2010015.h22v04.061.2024284081451.tif: Python integer -999 out of bounds for uint8
2025-10-26 11:26:54,916 - ERROR - Error in calculate_zonal_stats_df for T:\DLR\Analysis3\Input\NasaFlood\02_GWP-tiles\h22v04\GWP.OSWF.DAILY.20100116.h22v04.tif: Python integer -999 out of bounds for uint8
2025-10-26 11:26:54,916 - ERROR - Fehler bei der Verarbeitung von GWP.OSWF.DAILY.20100116.h22v04.tif und MCDWD_L3.A2010016.h22v04.061.2024284082722.tif: Python integer -999 out of bounds for uint8
2025-10-26 11:26:54,920 - ERROR - Error in calculate_zonal_stats_df for T:\DLR\Analysis3\Input\NasaFlood\02_GWP-tiles\h22v04\GWP.OSWF.DAILY.20100117.h22v04.tif: Python integer -999 out of bounds for uint8
2025-10-26 11:26:54,920 - ERROR - Fehler bei der Verarbeitung von GWP.OSWF.DAILY.20100117.h22v04.tif und MCDWD_L3.A2010017.h22v04.061.2024284084044.tif: Python integer -999 out of bounds for uint8
2025-10-26 11:26:54,921 - ERROR - Error in calculate_zonal_stats_df for T:\DLR\Analysis3\Input\NasaFlood\02_GWP-tiles\h22v04\GWP.OSWF.DAILY.20100118.h22v04.tif: Python integer -999 out of bounds for uint8
2025-10-26 11:26:54,921 - ERROR - Fehler bei der Verarbeitung von GWP.OSWF.DAILY.20100118.h22v04.tif und MCDWD_L3.A2010018.h22v04.061.2024284085202.tif: Python integer -999 out of bounds for uint8
2025-10-26 11:26:55,133 - ERROR - Error in calculate_zonal_stats_df for T:\DLR\Analysis3\Input\NasaFlood\02_GWP-tiles\h22v04\GWP.OSWF.DAILY.20100119.h22v04.tif: Python integer -999 out of bounds for uint8
2025-10-26 11:26:55,134 - ERROR - Fehler bei der Verarbeitung von GWP.OSWF.DAILY.20100119.h22v04.tif und MCDWD_L3.A2010019.h22v04.061.2024284090625.tif: Python integer -999 out of bounds for uint8
2025-10-26 11:26:55,147 - ERROR - Error in calculate_zonal_stats_df for T:\DLR\Analysis3\Input\NasaFlood\02_GWP-tiles\h22v04\GWP.OSWF.DAILY.20100120.h22v04.tif: Python integer -999 out of bounds for uint8
2025-10-26 11:26:55,147 - ERROR - Fehler bei der Verarbeitung von GWP.OSWF.DAILY.20100120.h22v04.tif und MCDWD_L3.A2010020.h22v04.061.2024284091827.tif: Python integer -999 out of bounds for uint8
2025-10-26 11:26:56,393 - ERROR - Error in calculate_zonal_stats_df for T:\DLR\Analysis3\Input\NasaFlood\02_GWP-tiles\h22v04\GWP.OSWF.DAILY.20100121.h22v04.tif: Python integer -999 out of bounds for uint8
2025-10-26 11:26:56,393 - ERROR - Fehler bei der Verarbeitung von GWP.OSWF.DAILY.20100121.h22v04.tif und MCDWD_L3.A2010021.h22v04.061.2024284093422.tif: Python integer -999 out of bounds for uint8
2025-10-26 11:26:56,400 - ERROR - Error in calculate_zonal_stats_df for T:\DLR\Analysis3\Input\NasaFlood\02_GWP-tiles\h22v04\GWP.OSWF.DAILY.20100122.h22v04.tif: Python integer -999 out of bounds for uint8
2025-10-26 11:26:56,401 - ERROR - Fehler bei der Verarbeitung von GWP.OSWF.DAILY.20100122.h22v04.tif und MCDWD_L3.A2010022.h22v04.061.2024284094755.tif: Python integer -999 out of bounds for uint8
2025-10-26 11:26:56,407 - ERROR - Error in calculate_zonal_stats_df for T:\DLR\Analysis3\Input\NasaFlood\02_GWP-tiles\h22v04\GWP.OSWF.DAILY.20100123.h22v04.tif: Python integer -999 out of bounds for uint8
2025-10-26 11:26:56,407 - ERROR - Fehler bei der Verarbeitung von GWP.OSWF.DAILY.20100123.h22v04.tif und MCDWD_L3.A2010023.h22v04.061.2024284100135.tif: Python integer -999 out of bounds for uint8
2025-10-26 11:26:56,410 - ERROR - Error in calculate_zonal_stats_df for T:\DLR\Analysis3\Input\NasaFlood\02_GWP-tiles\h22v04\GWP.OSWF.DAILY.20100124.h22v04.tif: Python integer -999 out of bounds for uint8
2025-10-26 11:26:56,410 - ERROR - Fehler bei der Verarbeitung von GWP.OSWF.DAILY.20100124.h22v04.tif und MCDWD_L3.A2010024.h22v04.061.2024284101659.tif: Python integer -999 out of bounds for uint8
2025-10-26 11:26:56,680 - ERROR - Error in calculate_zonal_stats_df for T:\DLR\Analysis3\Input\NasaFlood\02_GWP-tiles\h22v04\GWP.OSWF.DAILY.20100125.h22v04.tif: Python integer -999 out of bounds for uint8
2025-10-26 11:26:56,681 - ERROR - Fehler bei der Verarbeitung von GWP.OSWF.DAILY.20100125.h22v04.tif und MCDWD_L3.A2010025.h22v04.061.2024284102918.tif: Python integer -999 out of bounds for uint8
2025-10-26 11:26:56,689 - ERROR - Error in calculate_zonal_stats_df for T:\DLR\Analysis3\Input\NasaFlood\02_GWP-tiles\h22v04\GWP.OSWF.DAILY.20100126.h22v04.tif: Python integer -999 out of bounds for uint8
2025-10-26 11:26:56,689 - ERROR - Fehler bei der Verarbeitung von GWP.OSWF.DAILY.20100126.h22v04.tif und MCDWD_L3.A2010026.h22v04.061.2024284104230.tif: Python integer -999 out of bounds for uint8
2025-10-26 11:26:56,692 - ERROR - Error in calculate_zonal_stats_df for T:\DLR\Analysis3\Input\NasaFlood\02_GWP-tiles\h22v04\GWP.OSWF.DAILY.20100128.h22v04.tif: Python integer -999 out of bounds for uint8
2025-10-26 11:26:56,692 - ERROR - Fehler bei der Verarbeitung von GWP.OSWF.DAILY.20100128.h22v04.tif und MCDWD_L3.A2010028.h22v04.061.2024284110651.tif: Python integer -999 out of bounds for uint8
2025-10-26 11:26:56,698 - ERROR - Error in calculate_zonal_stats_df for T:\DLR\Analysis3\Input\NasaFlood\02_GWP-tiles\h22v04\GWP.OSWF.DAILY.20100127.h22v04.tif: Python integer -999 out of bounds for uint8
2025-10-26 11:26:56,698 - ERROR - Fehler bei der Verarbeitung von GWP.OSWF.DAILY.20100127.h22v04.tif und MCDWD_L3.A2010027.h22v04.061.2024284105331.tif: Python integer -999 out of bounds for uint8
2025-10-26 11:26:56,912 - ERROR - Error in calculate_zonal_stats_df for T:\DLR\Analysis3\Input\NasaFlood\02_GWP-tiles\h22v04\GWP.OSWF.DAILY.20100129.h22v04.tif: Python integer -999 out of bounds for uint8
2025-10-26 11:26:56,912 - ERROR - Fehler bei der Verarbeitung von GWP.OSWF.DAILY.20100129.h22v04.tif und MCDWD_L3.A2010029.h22v04.061.2024284112037.tif: Python integer -999 out of bounds for uint8
2025-10-26 11:26:56,921 - ERROR - Error in calculate_zonal_stats_df for T:\DLR\Analysis3\Input\NasaFlood\02_GWP-tiles\h22v04\GWP.OSWF.DAILY.20100130.h22v04.tif: Python integer -999 out of bounds for uint8
2025-10-26 11:26:56,922 - ERROR - Fehler bei der Verarbeitung von GWP.OSWF.DAILY.20100130.h22v04.tif und MCDWD_L3.A2010030.h22v04.061.2024284113651.tif: Python integer -999 out of bounds for uint8
2025-10-26 11:26:58,199 - ERROR - Error in calculate_zonal_stats_df for T:\DLR\Analysis3\Input\NasaFlood\02_GWP-tiles\h22v04\GWP.OSWF.DAILY.20100131.h22v04.tif: Python integer -999 out of bounds for uint8
2025-10-26 11:26:58,199 - ERROR - Fehler bei der Verarbeitung von GWP.OSWF.DAILY.20100131.h22v04.tif und MCDWD_L3.A2010031.h22v04.061.2024284114654.tif: Python integer -999 out of bounds for uint8
2025-10-26 11:26:58,200 - ERROR - Error in calculate_zonal_stats_df for T:\DLR\Analysis3\Input\NasaFlood\02_GWP-tiles\h22v04\GWP.OSWF.DAILY.20100201.h22v04.tif: Python integer -999 out of bounds for uint8
2025-10-26 11:26:58,200 - ERROR - Fehler bei der Verarbeitung von GWP.OSWF.DAILY.20100201.h22v04.tif und MCDWD_L3.A2010032.h22v04.061.2024296183317.tif: Python integer -999 out of bounds for uint8
2025-10-26 11:26:58,208 - ERROR - Error in calculate_zonal_stats_df for T:\DLR\Analysis3\Input\NasaFlood\02_GWP-tiles\h22v04\GWP.OSWF.DAILY.20100202.h22v04.tif: Python integer -999 out of bounds for uint8
2025-10-26 11:26:58,208 - ERROR - Fehler bei der Verarbeitung von GWP.OSWF.DAILY.20100202.h22v04.tif und MCDWD_L3.A2010033.h22v04.061.2024296193906.tif: Python integer -999 out of bounds for uint8
2025-10-26 11:26:58,211 - ERROR - Error in calculate_zonal_stats_df for T:\DLR\Analysis3\Input\NasaFlood\02_GWP-tiles\h22v04\GWP.OSWF.DAILY.20100203.h22v04.tif: Python integer -999 out of bounds for uint8
2025-10-26 11:26:58,212 - ERROR - Fehler bei der Verarbeitung von GWP.OSWF.DAILY.20100203.h22v04.tif und MCDWD_L3.A2010034.h22v04.061.2024296204049.tif: Python integer -999 out of bounds for uint8
2025-10-26 11:26:58,487 - ERROR - Error in calculate_zonal_stats_df for T:\DLR\Analysis3\Input\NasaFlood\02_GWP-tiles\h22v04\GWP.OSWF.DAILY.20100204.h22v04.tif: Python integer -999 out of bounds for uint8
2025-10-26 11:26:58,487 - ERROR - Fehler bei der Verarbeitung von GWP.OSWF.DAILY.20100204.h22v04.tif und MCDWD_L3.A2010035.h22v04.061.2024296215155.tif: Python integer -999 out of bounds for uint8
2025-10-26 11:26:58,500 - ERROR - Error in calculate_zonal_stats_df for T:\DLR\Analysis3\Input\NasaFlood\02_GWP-tiles\h22v04\GWP.OSWF.DAILY.20100205.h22v04.tif: Python integer -999 out of bounds for uint8
2025-10-26 11:26:58,500 - ERROR - Fehler bei der Verarbeitung von GWP.OSWF.DAILY.20100205.h22v04.tif und MCDWD_L3.A2010036.h22v04.061.2024296225524.tif: Python integer -999 out of bounds for uint8
2025-10-26 11:26:58,503 - ERROR - Error in calculate_zonal_stats_df for T:\DLR\Analysis3\Input\NasaFlood\02_GWP-tiles\h22v04\GWP.OSWF.DAILY.20100207.h22v04.tif: Python integer -999 out of bounds for uint8
2025-10-26 11:26:58,503 - ERROR - Fehler bei der Verarbeitung von GWP.OSWF.DAILY.20100207.h22v04.tif und MCDWD_L3.A2010038.h22v04.061.2024297011002.tif: Python integer -999 out of bounds for uint8
2025-10-26 11:26:58,503 - ERROR - Error in calculate_zonal_stats_df for T:\DLR\Analysis3\Input\NasaFlood\02_GWP-tiles\h22v04\GWP.OSWF.DAILY.20100206.h22v04.tif: Python integer -999 out of bounds for uint8
2025-10-26 11:26:58,504 - ERROR - Fehler bei der Verarbeitung von GWP.OSWF.DAILY.20100206.h22v04.tif und MCDWD_L3.A2010037.h22v04.061.2024297000619.tif: Python integer -999 out of bounds for uint8
2025-10-26 11:26:58,724 - ERROR - Error in calculate_zonal_stats_df for T:\DLR\Analysis3\Input\NasaFlood\02_GWP-tiles\h22v04\GWP.OSWF.DAILY.20100208.h22v04.tif: Python integer -999 out of bounds for uint8
2025-10-26 11:26:58,724 - ERROR - Fehler bei der Verarbeitung von GWP.OSWF.DAILY.20100208.h22v04.tif und MCDWD_L3.A2010039.h22v04.061.2024297021703.tif: Python integer -999 out of bounds for uint8
2025-10-26 11:26:58,736 - ERROR - Error in calculate_zonal_stats_df for T:\DLR\Analysis3\Input\NasaFlood\02_GWP-tiles\h22v04\GWP.OSWF.DAILY.20100209.h22v04.tif: Python integer -999 out of bounds for uint8
2025-10-26 11:26:58,736 - ERROR - Fehler bei der Verarbeitung von GWP.OSWF.DAILY.20100209.h22v04.tif und MCDWD_L3.A2010040.h22v04.061.2024297032646.tif: Python integer -999 out of bounds for uint8
2025-10-26 11:28:55,003 - INFO - Verarbeite Tile h22v04 für Jahr 2010
2025-10-26 11:28:55,044 - INFO - Insgesamt 100 passende Dateipaare gefunden
2025-10-26 11:28:55,045 - INFO - 100 passende Dateien für h22v04, 2010 gefunden
2025-10-26 11:28:56,117 - ERROR - Error in calculate_zonal_stats_df for T:\DLR\Analysis3\Input\NasaFlood\02_GWP-tiles\h22v04\GWP.OSWF.DAILY.20100101.h22v04.tif: Python integer -999 out of bounds for uint8
2025-10-26 11:28:56,118 - ERROR - Fehler bei der Verarbeitung von GWP.OSWF.DAILY.20100101.h22v04.tif und MCDWD_L3.A2010001.h22v04.061.2024284002200.tif: Python integer -999 out of bounds for uint8
2025-10-26 11:28:56,125 - ERROR - Error in calculate_zonal_stats_df for T:\DLR\Analysis3\Input\NasaFlood\02_GWP-tiles\h22v04\GWP.OSWF.DAILY.20100102.h22v04.tif: Python integer -999 out of bounds for uint8
2025-10-26 11:28:56,126 - ERROR - Fehler bei der Verarbeitung von GWP.OSWF.DAILY.20100102.h22v04.tif und MCDWD_L3.A2010002.h22v04.061.2024284005424.tif: Python integer -999 out of bounds for uint8
2025-10-26 11:28:56,130 - ERROR - Error in calculate_zonal_stats_df for T:\DLR\Analysis3\Input\NasaFlood\02_GWP-tiles\h22v04\GWP.OSWF.DAILY.20100103.h22v04.tif: Python integer -999 out of bounds for uint8
2025-10-26 11:28:56,130 - ERROR - Fehler bei der Verarbeitung von GWP.OSWF.DAILY.20100103.h22v04.tif und MCDWD_L3.A2010003.h22v04.061.2024284020214.tif: Python integer -999 out of bounds for uint8
2025-10-26 11:28:56,132 - ERROR - Error in calculate_zonal_stats_df for T:\DLR\Analysis3\Input\NasaFlood\02_GWP-tiles\h22v04\GWP.OSWF.DAILY.20100104.h22v04.tif: Python integer -999 out of bounds for uint8
2025-10-26 11:28:56,132 - ERROR - Fehler bei der Verarbeitung von GWP.OSWF.DAILY.20100104.h22v04.tif und MCDWD_L3.A2010004.h22v04.061.2024284033424.tif: Python integer -999 out of bounds for uint8
2025-10-26 11:28:56,396 - ERROR - Error in calculate_zonal_stats_df for T:\DLR\Analysis3\Input\NasaFlood\02_GWP-tiles\h22v04\GWP.OSWF.DAILY.20100105.h22v04.tif: Python integer -999 out of bounds for uint8
2025-10-26 11:28:56,397 - ERROR - Fehler bei der Verarbeitung von GWP.OSWF.DAILY.20100105.h22v04.tif und MCDWD_L3.A2010005.h22v04.061.2024284052214.tif: Python integer -999 out of bounds for uint8
2025-10-26 11:28:56,408 - ERROR - Error in calculate_zonal_stats_df for T:\DLR\Analysis3\Input\NasaFlood\02_GWP-tiles\h22v04\GWP.OSWF.DAILY.20100106.h22v04.tif: Python integer -999 out of bounds for uint8
2025-10-26 11:28:56,408 - ERROR - Fehler bei der Verarbeitung von GWP.OSWF.DAILY.20100106.h22v04.tif und MCDWD_L3.A2010006.h22v04.061.2024284054522.tif: Python integer -999 out of bounds for uint8
2025-10-26 11:28:56,414 - ERROR - Error in calculate_zonal_stats_df for T:\DLR\Analysis3\Input\NasaFlood\02_GWP-tiles\h22v04\GWP.OSWF.DAILY.20100107.h22v04.tif: Python integer -999 out of bounds for uint8
2025-10-26 11:28:56,414 - ERROR - Fehler bei der Verarbeitung von GWP.OSWF.DAILY.20100107.h22v04.tif und MCDWD_L3.A2010007.h22v04.061.2024284060604.tif: Python integer -999 out of bounds for uint8
2025-10-26 11:28:56,416 - ERROR - Error in calculate_zonal_stats_df for T:\DLR\Analysis3\Input\NasaFlood\02_GWP-tiles\h22v04\GWP.OSWF.DAILY.20100108.h22v04.tif: Python integer -999 out of bounds for uint8
2025-10-26 11:28:56,416 - ERROR - Fehler bei der Verarbeitung von GWP.OSWF.DAILY.20100108.h22v04.tif und MCDWD_L3.A2010008.h22v04.061.2024284062525.tif: Python integer -999 out of bounds for uint8
2025-10-26 11:28:56,624 - ERROR - Error in calculate_zonal_stats_df for T:\DLR\Analysis3\Input\NasaFlood\02_GWP-tiles\h22v04\GWP.OSWF.DAILY.20100109.h22v04.tif: Python integer -999 out of bounds for uint8
2025-10-26 11:28:56,624 - ERROR - Fehler bei der Verarbeitung von GWP.OSWF.DAILY.20100109.h22v04.tif und MCDWD_L3.A2010009.h22v04.061.2024284064250.tif: Python integer -999 out of bounds for uint8
2025-10-26 11:28:56,636 - ERROR - Error in calculate_zonal_stats_df for T:\DLR\Analysis3\Input\NasaFlood\02_GWP-tiles\h22v04\GWP.OSWF.DAILY.20100110.h22v04.tif: Python integer -999 out of bounds for uint8
2025-10-26 11:28:56,636 - ERROR - Fehler bei der Verarbeitung von GWP.OSWF.DAILY.20100110.h22v04.tif und MCDWD_L3.A2010010.h22v04.061.2024284070013.tif: Python integer -999 out of bounds for uint8
2025-10-26 11:28:57,865 - ERROR - Error in calculate_zonal_stats_df for T:\DLR\Analysis3\Input\NasaFlood\02_GWP-tiles\h22v04\GWP.OSWF.DAILY.20100111.h22v04.tif: Python integer -999 out of bounds for uint8
2025-10-26 11:28:57,865 - ERROR - Fehler bei der Verarbeitung von GWP.OSWF.DAILY.20100111.h22v04.tif und MCDWD_L3.A2010011.h22v04.061.2024284071926.tif: Python integer -999 out of bounds for uint8
2025-10-26 11:28:57,869 - ERROR - Error in calculate_zonal_stats_df for T:\DLR\Analysis3\Input\NasaFlood\02_GWP-tiles\h22v04\GWP.OSWF.DAILY.20100112.h22v04.tif: Python integer -999 out of bounds for uint8
2025-10-26 11:28:57,869 - ERROR - Fehler bei der Verarbeitung von GWP.OSWF.DAILY.20100112.h22v04.tif und MCDWD_L3.A2010012.h22v04.061.2024284073617.tif: Python integer -999 out of bounds for uint8
2025-10-26 11:28:57,872 - ERROR - Error in calculate_zonal_stats_df for T:\DLR\Analysis3\Input\NasaFlood\02_GWP-tiles\h22v04\GWP.OSWF.DAILY.20100113.h22v04.tif: Python integer -999 out of bounds for uint8
2025-10-26 11:28:57,873 - ERROR - Fehler bei der Verarbeitung von GWP.OSWF.DAILY.20100113.h22v04.tif und MCDWD_L3.A2010013.h22v04.061.2024284074705.tif: Python integer -999 out of bounds for uint8
2025-10-26 11:28:57,877 - ERROR - Error in calculate_zonal_stats_df for T:\DLR\Analysis3\Input\NasaFlood\02_GWP-tiles\h22v04\GWP.OSWF.DAILY.20100114.h22v04.tif: Python integer -999 out of bounds for uint8
2025-10-26 11:28:57,878 - ERROR - Fehler bei der Verarbeitung von GWP.OSWF.DAILY.20100114.h22v04.tif und MCDWD_L3.A2010014.h22v04.061.2024284080047.tif: Python integer -999 out of bounds for uint8
2025-10-26 11:28:58,138 - ERROR - Error in calculate_zonal_stats_df for T:\DLR\Analysis3\Input\NasaFlood\02_GWP-tiles\h22v04\GWP.OSWF.DAILY.20100115.h22v04.tif: Python integer -999 out of bounds for uint8
2025-10-26 11:28:58,138 - ERROR - Fehler bei der Verarbeitung von GWP.OSWF.DAILY.20100115.h22v04.tif und MCDWD_L3.A2010015.h22v04.061.2024284081451.tif: Python integer -999 out of bounds for uint8
2025-10-26 11:28:58,154 - ERROR - Error in calculate_zonal_stats_df for T:\DLR\Analysis3\Input\NasaFlood\02_GWP-tiles\h22v04\GWP.OSWF.DAILY.20100117.h22v04.tif: Python integer -999 out of bounds for uint8
2025-10-26 11:28:58,154 - ERROR - Fehler bei der Verarbeitung von GWP.OSWF.DAILY.20100117.h22v04.tif und MCDWD_L3.A2010017.h22v04.061.2024284084044.tif: Python integer -999 out of bounds for uint8
2025-10-26 11:28:58,158 - ERROR - Error in calculate_zonal_stats_df for T:\DLR\Analysis3\Input\NasaFlood\02_GWP-tiles\h22v04\GWP.OSWF.DAILY.20100116.h22v04.tif: Python integer -999 out of bounds for uint8
2025-10-26 11:28:58,159 - ERROR - Fehler bei der Verarbeitung von GWP.OSWF.DAILY.20100116.h22v04.tif und MCDWD_L3.A2010016.h22v04.061.2024284082722.tif: Python integer -999 out of bounds for uint8
2025-10-26 11:28:58,169 - ERROR - Error in calculate_zonal_stats_df for T:\DLR\Analysis3\Input\NasaFlood\02_GWP-tiles\h22v04\GWP.OSWF.DAILY.20100118.h22v04.tif: Python integer -999 out of bounds for uint8
2025-10-26 11:28:58,169 - ERROR - Fehler bei der Verarbeitung von GWP.OSWF.DAILY.20100118.h22v04.tif und MCDWD_L3.A2010018.h22v04.061.2024284085202.tif: Python integer -999 out of bounds for uint8
2025-10-26 11:28:58,371 - ERROR - Error in calculate_zonal_stats_df for T:\DLR\Analysis3\Input\NasaFlood\02_GWP-tiles\h22v04\GWP.OSWF.DAILY.20100119.h22v04.tif: Python integer -999 out of bounds for uint8
2025-10-26 11:28:58,371 - ERROR - Fehler bei der Verarbeitung von GWP.OSWF.DAILY.20100119.h22v04.tif und MCDWD_L3.A2010019.h22v04.061.2024284090625.tif: Python integer -999 out of bounds for uint8
2025-10-26 11:28:58,379 - ERROR - Error in calculate_zonal_stats_df for T:\DLR\Analysis3\Input\NasaFlood\02_GWP-tiles\h22v04\GWP.OSWF.DAILY.20100120.h22v04.tif: Python integer -999 out of bounds for uint8
2025-10-26 11:28:58,379 - ERROR - Fehler bei der Verarbeitung von GWP.OSWF.DAILY.20100120.h22v04.tif und MCDWD_L3.A2010020.h22v04.061.2024284091827.tif: Python integer -999 out of bounds for uint8
2025-10-26 11:29:56,590 - INFO - Verarbeite Tile h22v04 für Jahr 2010
2025-10-26 11:29:56,634 - INFO - Insgesamt 100 passende Dateipaare gefunden
2025-10-26 11:29:56,634 - INFO - 100 passende Dateien für h22v04, 2010 gefunden
2025-10-26 11:29:57,703 - ERROR - Error in calculate_zonal_stats_df for T:\DLR\Analysis3\Input\NasaFlood\02_GWP-tiles\h22v04\GWP.OSWF.DAILY.20100101.h22v04.tif: Python integer -999 out of bounds for uint8
2025-10-26 11:29:57,704 - ERROR - Fehler bei der Verarbeitung von GWP.OSWF.DAILY.20100101.h22v04.tif und MCDWD_L3.A2010001.h22v04.061.2024284002200.tif: Python integer -999 out of bounds for uint8
2025-10-26 11:29:57,708 - ERROR - Error in calculate_zonal_stats_df for T:\DLR\Analysis3\Input\NasaFlood\02_GWP-tiles\h22v04\GWP.OSWF.DAILY.20100102.h22v04.tif: Python integer -999 out of bounds for uint8
2025-10-26 11:29:57,708 - ERROR - Fehler bei der Verarbeitung von GWP.OSWF.DAILY.20100102.h22v04.tif und MCDWD_L3.A2010002.h22v04.061.2024284005424.tif: Python integer -999 out of bounds for uint8
2025-10-26 11:29:57,710 - ERROR - Error in calculate_zonal_stats_df for T:\DLR\Analysis3\Input\NasaFlood\02_GWP-tiles\h22v04\GWP.OSWF.DAILY.20100103.h22v04.tif: Python integer -999 out of bounds for uint8
2025-10-26 11:29:57,710 - ERROR - Fehler bei der Verarbeitung von GWP.OSWF.DAILY.20100103.h22v04.tif und MCDWD_L3.A2010003.h22v04.061.2024284020214.tif: Python integer -999 out of bounds for uint8
2025-10-26 11:29:57,717 - ERROR - Error in calculate_zonal_stats_df for T:\DLR\Analysis3\Input\NasaFlood\02_GWP-tiles\h22v04\GWP.OSWF.DAILY.20100104.h22v04.tif: Python integer -999 out of bounds for uint8
2025-10-26 11:29:57,717 - ERROR - Fehler bei der Verarbeitung von GWP.OSWF.DAILY.20100104.h22v04.tif und MCDWD_L3.A2010004.h22v04.061.2024284033424.tif: Python integer -999 out of bounds for uint8
2025-10-26 11:29:57,985 - ERROR - Error in calculate_zonal_stats_df for T:\DLR\Analysis3\Input\NasaFlood\02_GWP-tiles\h22v04\GWP.OSWF.DAILY.20100105.h22v04.tif: Python integer -999 out of bounds for uint8
2025-10-26 11:29:57,985 - ERROR - Fehler bei der Verarbeitung von GWP.OSWF.DAILY.20100105.h22v04.tif und MCDWD_L3.A2010005.h22v04.061.2024284052214.tif: Python integer -999 out of bounds for uint8
2025-10-26 11:29:57,991 - ERROR - Error in calculate_zonal_stats_df for T:\DLR\Analysis3\Input\NasaFlood\02_GWP-tiles\h22v04\GWP.OSWF.DAILY.20100106.h22v04.tif: Python integer -999 out of bounds for uint8
2025-10-26 11:29:57,991 - ERROR - Fehler bei der Verarbeitung von GWP.OSWF.DAILY.20100106.h22v04.tif und MCDWD_L3.A2010006.h22v04.061.2024284054522.tif: Python integer -999 out of bounds for uint8
2025-10-26 11:29:58,000 - ERROR - Error in calculate_zonal_stats_df for T:\DLR\Analysis3\Input\NasaFlood\02_GWP-tiles\h22v04\GWP.OSWF.DAILY.20100107.h22v04.tif: Python integer -999 out of bounds for uint8
2025-10-26 11:29:58,001 - ERROR - Fehler bei der Verarbeitung von GWP.OSWF.DAILY.20100107.h22v04.tif und MCDWD_L3.A2010007.h22v04.061.2024284060604.tif: Python integer -999 out of bounds for uint8
2025-10-26 11:29:58,002 - ERROR - Error in calculate_zonal_stats_df for T:\DLR\Analysis3\Input\NasaFlood\02_GWP-tiles\h22v04\GWP.OSWF.DAILY.20100108.h22v04.tif: Python integer -999 out of bounds for uint8
2025-10-26 11:29:58,002 - ERROR - Fehler bei der Verarbeitung von GWP.OSWF.DAILY.20100108.h22v04.tif und MCDWD_L3.A2010008.h22v04.061.2024284062525.tif: Python integer -999 out of bounds for uint8
2025-10-26 11:29:58,214 - ERROR - Error in calculate_zonal_stats_df for T:\DLR\Analysis3\Input\NasaFlood\02_GWP-tiles\h22v04\GWP.OSWF.DAILY.20100109.h22v04.tif: Python integer -999 out of bounds for uint8
2025-10-26 11:29:58,214 - ERROR - Fehler bei der Verarbeitung von GWP.OSWF.DAILY.20100109.h22v04.tif und MCDWD_L3.A2010009.h22v04.061.2024284064250.tif: Python integer -999 out of bounds for uint8
2025-10-26 11:29:58,222 - ERROR - Error in calculate_zonal_stats_df for T:\DLR\Analysis3\Input\NasaFlood\02_GWP-tiles\h22v04\GWP.OSWF.DAILY.20100110.h22v04.tif: Python integer -999 out of bounds for uint8
2025-10-26 11:29:58,222 - ERROR - Fehler bei der Verarbeitung von GWP.OSWF.DAILY.20100110.h22v04.tif und MCDWD_L3.A2010010.h22v04.061.2024284070013.tif: Python integer -999 out of bounds for uint8
2025-10-26 11:29:59,464 - ERROR - Error in calculate_zonal_stats_df for T:\DLR\Analysis3\Input\NasaFlood\02_GWP-tiles\h22v04\GWP.OSWF.DAILY.20100111.h22v04.tif: Python integer -999 out of bounds for uint8
2025-10-26 11:29:59,464 - ERROR - Fehler bei der Verarbeitung von GWP.OSWF.DAILY.20100111.h22v04.tif und MCDWD_L3.A2010011.h22v04.061.2024284071926.tif: Python integer -999 out of bounds for uint8
2025-10-26 11:29:59,468 - ERROR - Error in calculate_zonal_stats_df for T:\DLR\Analysis3\Input\NasaFlood\02_GWP-tiles\h22v04\GWP.OSWF.DAILY.20100112.h22v04.tif: Python integer -999 out of bounds for uint8
2025-10-26 11:29:59,468 - ERROR - Fehler bei der Verarbeitung von GWP.OSWF.DAILY.20100112.h22v04.tif und MCDWD_L3.A2010012.h22v04.061.2024284073617.tif: Python integer -999 out of bounds for uint8
2025-10-26 11:29:59,474 - ERROR - Error in calculate_zonal_stats_df for T:\DLR\Analysis3\Input\NasaFlood\02_GWP-tiles\h22v04\GWP.OSWF.DAILY.20100113.h22v04.tif: Python integer -999 out of bounds for uint8
2025-10-26 11:29:59,474 - ERROR - Fehler bei der Verarbeitung von GWP.OSWF.DAILY.20100113.h22v04.tif und MCDWD_L3.A2010013.h22v04.061.2024284074705.tif: Python integer -999 out of bounds for uint8
2025-10-26 11:29:59,480 - ERROR - Error in calculate_zonal_stats_df for T:\DLR\Analysis3\Input\NasaFlood\02_GWP-tiles\h22v04\GWP.OSWF.DAILY.20100114.h22v04.tif: Python integer -999 out of bounds for uint8
2025-10-26 11:29:59,480 - ERROR - Fehler bei der Verarbeitung von GWP.OSWF.DAILY.20100114.h22v04.tif und MCDWD_L3.A2010014.h22v04.061.2024284080047.tif: Python integer -999 out of bounds for uint8
2025-10-26 11:29:59,749 - ERROR - Error in calculate_zonal_stats_df for T:\DLR\Analysis3\Input\NasaFlood\02_GWP-tiles\h22v04\GWP.OSWF.DAILY.20100115.h22v04.tif: Python integer -999 out of bounds for uint8
2025-10-26 11:29:59,749 - ERROR - Fehler bei der Verarbeitung von GWP.OSWF.DAILY.20100115.h22v04.tif und MCDWD_L3.A2010015.h22v04.061.2024284081451.tif: Python integer -999 out of bounds for uint8
2025-10-26 11:29:59,751 - ERROR - Error in calculate_zonal_stats_df for T:\DLR\Analysis3\Input\NasaFlood\02_GWP-tiles\h22v04\GWP.OSWF.DAILY.20100116.h22v04.tif: Python integer -999 out of bounds for uint8
2025-10-26 11:29:59,751 - ERROR - Fehler bei der Verarbeitung von GWP.OSWF.DAILY.20100116.h22v04.tif und MCDWD_L3.A2010016.h22v04.061.2024284082722.tif: Python integer -999 out of bounds for uint8
2025-10-26 11:29:59,757 - ERROR - Error in calculate_zonal_stats_df for T:\DLR\Analysis3\Input\NasaFlood\02_GWP-tiles\h22v04\GWP.OSWF.DAILY.20100117.h22v04.tif: Python integer -999 out of bounds for uint8
2025-10-26 11:29:59,757 - ERROR - Fehler bei der Verarbeitung von GWP.OSWF.DAILY.20100117.h22v04.tif und MCDWD_L3.A2010017.h22v04.061.2024284084044.tif: Python integer -999 out of bounds for uint8
2025-10-26 11:29:59,759 - ERROR - Error in calculate_zonal_stats_df for T:\DLR\Analysis3\Input\NasaFlood\02_GWP-tiles\h22v04\GWP.OSWF.DAILY.20100118.h22v04.tif: Python integer -999 out of bounds for uint8
2025-10-26 11:29:59,759 - ERROR - Fehler bei der Verarbeitung von GWP.OSWF.DAILY.20100118.h22v04.tif und MCDWD_L3.A2010018.h22v04.061.2024284085202.tif: Python integer -999 out of bounds for uint8
2025-10-26 11:29:59,980 - ERROR - Error in calculate_zonal_stats_df for T:\DLR\Analysis3\Input\NasaFlood\02_GWP-tiles\h22v04\GWP.OSWF.DAILY.20100120.h22v04.tif: Python integer -999 out of bounds for uint8
2025-10-26 11:29:59,980 - ERROR - Fehler bei der Verarbeitung von GWP.OSWF.DAILY.20100120.h22v04.tif und MCDWD_L3.A2010020.h22v04.061.2024284091827.tif: Python integer -999 out of bounds for uint8
 uint8
2025-10-26 11:29:59,981 - ERROR - Fehler bei der Verarbeitung von GWP.OSWF.DAILY.20100119.h22v04.tif und MCDWD_L3.A2010019.h22v04.061.2024284090625.tif: Python integer -999 out of bounds for uint8
2025-10-26 11:30:01,238 - ERROR - Error in calculate_zonal_stats_df for T:\DLR\Analysis3\Input\NasaFlood\02_GWP-tiles\h22v04\GWP.OSWF.DAILY.20100121.h22v04.tif: Python integer -999 out of bounds for uint8
2025-10-26 11:30:01,238 - ERROR - Fehler bei der Verarbeitung von GWP.OSWF.DAILY.20100121.h22v04.tif und MCDWD_L3.A2010021.h22v04.061.2024284093422.tif: Python integer -999 out of bounds for uint8
2025-10-26 11:30:01,243 - ERROR - Error in calculate_zonal_stats_df for T:\DLR\Analysis3\Input\NasaFlood\02_GWP-tiles\h22v04\GWP.OSWF.DAILY.20100122.h22v04.tif: Python integer -999 out of bounds for uint8
2025-10-26 11:30:01,243 - ERROR - Fehler bei der Verarbeitung von GWP.OSWF.DAILY.20100122.h22v04.tif und MCDWD_L3.A2010022.h22v04.061.2024284094755.tif: Python integer -999 out of bounds for uint8
2025-10-26 11:30:01,249 - ERROR - Error in calculate_zonal_stats_df for T:\DLR\Analysis3\Input\NasaFlood\02_GWP-tiles\h22v04\GWP.OSWF.DAILY.20100123.h22v04.tif: Python integer -999 out of bounds for uint8
2025-10-26 11:30:01,249 - ERROR - Fehler bei der Verarbeitung von GWP.OSWF.DAILY.20100123.h22v04.tif und MCDWD_L3.A2010023.h22v04.061.2024284100135.tif: Python integer -999 out of bounds for uint8
2025-10-26 11:30:01,255 - ERROR - Error in calculate_zonal_stats_df for T:\DLR\Analysis3\Input\NasaFlood\02_GWP-tiles\h22v04\GWP.OSWF.DAILY.20100124.h22v04.tif: Python integer -999 out of bounds for uint8
2025-10-26 11:30:01,255 - ERROR - Fehler bei der Verarbeitung von GWP.OSWF.DAILY.20100124.h22v04.tif und MCDWD_L3.A2010024.h22v04.061.2024284101659.tif: Python integer -999 out of bounds for uint8
2025-10-26 11:30:01,519 - ERROR - Error in calculate_zonal_stats_df for T:\DLR\Analysis3\Input\NasaFlood\02_GWP-tiles\h22v04\GWP.OSWF.DAILY.20100125.h22v04.tif: Python integer -999 out of bounds for uint8
2025-10-26 11:30:01,519 - ERROR - Fehler bei der Verarbeitung von GWP.OSWF.DAILY.20100125.h22v04.tif und MCDWD_L3.A2010025.h22v04.061.2024284102918.tif: Python integer -999 out of bounds for uint8
2025-10-26 11:30:01,525 - ERROR - Error in calculate_zonal_stats_df for T:\DLR\Analysis3\Input\NasaFlood\02_GWP-tiles\h22v04\GWP.OSWF.DAILY.20100126.h22v04.tif: Python integer -999 out of bounds for uint8
2025-10-26 11:30:01,525 - ERROR - Fehler bei der Verarbeitung von GWP.OSWF.DAILY.20100126.h22v04.tif und MCDWD_L3.A2010026.h22v04.061.2024284104230.tif: Python integer -999 out of bounds for uint8
2025-10-26 11:30:01,533 - ERROR - Error in calculate_zonal_stats_df for T:\DLR\Analysis3\Input\NasaFlood\02_GWP-tiles\h22v04\GWP.OSWF.DAILY.20100127.h22v04.tif: Python integer -999 out of bounds for uint8
2025-10-26 11:30:01,533 - ERROR - Fehler bei der Verarbeitung von GWP.OSWF.DAILY.20100127.h22v04.tif und MCDWD_L3.A2010027.h22v04.061.2024284105331.tif: Python integer -999 out of bounds for uint8
2025-10-26 11:30:01,537 - ERROR - Error in calculate_zonal_stats_df for T:\DLR\Analysis3\Input\NasaFlood\02_GWP-tiles\h22v04\GWP.OSWF.DAILY.20100128.h22v04.tif: Python integer -999 out of bounds for uint8
2025-10-26 11:30:01,537 - ERROR - Fehler bei der Verarbeitung von GWP.OSWF.DAILY.20100128.h22v04.tif und MCDWD_L3.A2010028.h22v04.061.2024284110651.tif: Python integer -999 out of bounds for uint8
2025-10-26 11:30:01,749 - ERROR - Error in calculate_zonal_stats_df for T:\DLR\Analysis3\Input\NasaFlood\02_GWP-tiles\h22v04\GWP.OSWF.DAILY.20100129.h22v04.tif: Python integer -999 out of bounds for uint8
2025-10-26 11:30:01,749 - ERROR - Fehler bei der Verarbeitung von GWP.OSWF.DAILY.20100129.h22v04.tif und MCDWD_L3.A2010029.h22v04.061.2024284112037.tif: Python integer -999 out of bounds for uint8
2025-10-26 11:30:01,756 - ERROR - Error in calculate_zonal_stats_df for T:\DLR\Analysis3\Input\NasaFlood\02_GWP-tiles\h22v04\GWP.OSWF.DAILY.20100130.h22v04.tif: Python integer -999 out of bounds for uint8
2025-10-26 11:30:01,756 - ERROR - Fehler bei der Verarbeitung von GWP.OSWF.DAILY.20100130.h22v04.tif und MCDWD_L3.A2010030.h22v04.061.2024284113651.tif: Python integer -999 out of bounds for uint8
2025-10-26 11:32:12,071 - INFO - Verarbeite Tile h22v04 für Jahr 2010
2025-10-26 11:32:12,112 - INFO - Insgesamt 100 passende Dateipaare gefunden
2025-10-26 11:32:12,112 - INFO - 100 passende Dateien für h22v04, 2010 gefunden
2025-10-26 11:34:03,341 - INFO - Verarbeite Tile h22v04 für Jahr 2010
2025-10-26 11:34:03,385 - INFO - Insgesamt 100 passende Dateipaare gefunden
2025-10-26 11:34:03,386 - INFO - 100 passende Dateien für h22v04, 2010 gefunden
2025-10-26 11:34:52,569 - INFO - Zwischenergebnisse gespeichert in T:\DLR\Analysis3\Output\NasaFlood2\intermediate_h22v04_2010.csv
2025-10-26 11:34:52,569 - INFO - Gesamtergebnis: 9100 Zeilen
2025-10-26 11:34:52,570 - INFO - Gruppiere Ergebnisse nach Seen...
2025-10-26 11:34:52,587 - INFO - See 1 (Caspian Sea) gespeichert in T:\DLR\Analysis3\Output\NasaFlood2\Lake_1_Caspian Sea.csv
2025-10-26 11:34:52,590 - INFO - See 126 (Volgograd Reservoir) gespeichert in T:\DLR\Analysis3\Output\NasaFlood2\Lake_126_Volgograd Reservoir.csv
2025-10-26 11:34:52,593 - INFO - See 128 (Tsimlyanskoye Reservoir) gespeichert in T:\DLR\Analysis3\Output\NasaFlood2\Lake_128_Tsimlyanskoye Reservoir.csv
2025-10-26 11:34:52,596 - INFO - See 139 (Sevan) gespeichert in T:\DLR\Analysis3\Output\NasaFlood2\Lake_139_Sevan.csv
2025-10-26 11:34:52,601 - INFO - See 1222 (None) gespeichert in T:\DLR\Analysis3\Output\NasaFlood2\Lake_1222_None.csv
2025-10-26 11:34:52,603 - INFO - See 1226 (None) gespeichert in T:\DLR\Analysis3\Output\NasaFlood2\Lake_1226_None.csv
2025-10-26 11:34:52,606 - INFO - See 1227 (El'ton) gespeichert in T:\DLR\Analysis3\Output\NasaFlood2\Lake_1227_El'ton.csv
2025-10-26 11:34:52,608 - INFO - See 1229 (None) gespeichert in T:\DLR\Analysis3\Output\NasaFlood2\Lake_1229_None.csv
2025-10-26 11:34:52,611 - INFO - See 1235 (Sor Khaki) gespeichert in T:\DLR\Analysis3\Output\NasaFlood2\Lake_1235_Sor Khaki.csv
2025-10-26 11:34:52,614 - INFO - See 1237 (None) gespeichert in T:\DLR\Analysis3\Output\NasaFlood2\Lake_1237_None.csv
2025-10-26 11:34:52,617 - INFO - See 1247 (None) gespeichert in T:\DLR\Analysis3\Output\NasaFlood2\Lake_1247_None.csv
2025-10-26 11:34:52,621 - INFO - See 1255 (Manych-Gudilo) gespeichert in T:\DLR\Analysis3\Output\NasaFlood2\Lake_1255_Manych-Gudilo.csv
2025-10-26 11:34:52,623 - INFO - See 1281 (Chograyskoye) gespeichert in T:\DLR\Analysis3\Output\NasaFlood2\Lake_1281_Chograyskoye.csv
2025-10-26 11:34:52,626 - INFO - See 1311 (Cildir) gespeichert in T:\DLR\Analysis3\Output\NasaFlood2\Lake_1311_Cildir.csv
2025-10-26 11:34:52,629 - INFO - See 1313 (Mingechaurskoye) gespeichert in T:\DLR\Analysis3\Output\NasaFlood2\Lake_1313_Mingechaurskoye.csv
2025-10-26 11:34:52,632 - INFO - See 13783 (None) gespeichert in T:\DLR\Analysis3\Output\NasaFlood2\Lake_13783_None.csv
2025-10-26 11:34:52,635 - INFO - See 13810 (None) gespeichert in T:\DLR\Analysis3\Output\NasaFlood2\Lake_13810_None.csv
2025-10-26 11:34:52,638 - INFO - See 13812 (None) gespeichert in T:\DLR\Analysis3\Output\NasaFlood2\Lake_13812_None.csv
2025-10-26 11:34:52,640 - INFO - See 13819 (None) gespeichert in T:\DLR\Analysis3\Output\NasaFlood2\Lake_13819_None.csv
2025-10-26 11:34:52,642 - INFO - See 13820 (None) gespeichert in T:\DLR\Analysis3\Output\NasaFlood2\Lake_13820_None.csv
2025-10-26 11:34:52,645 - INFO - See 13830 (None) gespeichert in T:\DLR\Analysis3\Output\NasaFlood2\Lake_13830_None.csv
2025-10-26 11:34:52,648 - INFO - See 13831 (None) gespeichert in T:\DLR\Analysis3\Output\NasaFlood2\Lake_13831_None.csv
2025-10-26 11:34:52,651 - INFO - See 13834 (None) gespeichert in T:\DLR\Analysis3\Output\NasaFlood2\Lake_13834_None.csv
2025-10-26 11:34:52,653 - INFO - See 13837 (None) gespeichert in T:\DLR\Analysis3\Output\NasaFlood2\Lake_13837_None.csv
2025-10-26 11:34:52,655 - INFO - See 13838 (None) gespeichert in T:\DLR\Analysis3\Output\NasaFlood2\Lake_13838_None.csv
2025-10-26 11:34:52,658 - INFO - See 13848 (None) gespeichert in T:\DLR\Analysis3\Output\NasaFlood2\Lake_13848_None.csv
2025-10-26 11:34:52,661 - INFO - See 13861 (None) gespeichert in T:\DLR\Analysis3\Output\NasaFlood2\Lake_13861_None.csv
2025-10-26 11:34:52,664 - INFO - See 13867 (None) gespeichert in T:\DLR\Analysis3\Output\NasaFlood2\Lake_13867_None.csv
2025-10-26 11:34:52,667 - INFO - See 13872 (None) gespeichert in T:\DLR\Analysis3\Output\NasaFlood2\Lake_13872_None.csv
2025-10-26 11:34:52,670 - INFO - See 13882 (None) gespeichert in T:\DLR\Analysis3\Output\NasaFlood2\Lake_13882_None.csv
2025-10-26 11:34:52,672 - INFO - See 13903 (None) gespeichert in T:\DLR\Analysis3\Output\NasaFlood2\Lake_13903_None.csv
2025-10-26 11:34:52,675 - INFO - See 13905 (None) gespeichert in T:\DLR\Analysis3\Output\NasaFlood2\Lake_13905_None.csv
2025-10-26 11:34:52,677 - INFO - See 13922 (None) gespeichert in T:\DLR\Analysis3\Output\NasaFlood2\Lake_13922_None.csv
2025-10-26 11:34:52,680 - INFO - See 13923 (None) gespeichert in T:\DLR\Analysis3\Output\NasaFlood2\Lake_13923_None.csv
2025-10-26 11:34:52,683 - INFO - See 13929 (None) gespeichert in T:\DLR\Analysis3\Output\NasaFlood2\Lake_13929_None.csv
2025-10-26 11:34:52,686 - INFO - See 13949 (None) gespeichert in T:\DLR\Analysis3\Output\NasaFlood2\Lake_13949_None.csv
2025-10-26 11:34:52,688 - INFO - See 13961 (None) gespeichert in T:\DLR\Analysis3\Output\NasaFlood2\Lake_13961_None.csv
2025-10-26 11:34:52,691 - INFO - See 13963 (None) gespeichert in T:\DLR\Analysis3\Output\NasaFlood2\Lake_13963_None.csv
2025-10-26 11:34:52,693 - INFO - See 13981 (None) gespeichert in T:\DLR\Analysis3\Output\NasaFlood2\Lake_13981_None.csv
2025-10-26 11:34:52,696 - INFO - See 13986 (None) gespeichert in T:\DLR\Analysis3\Output\NasaFlood2\Lake_13986_None.csv
2025-10-26 11:34:52,700 - INFO - See 13989 (None) gespeichert in T:\DLR\Analysis3\Output\NasaFlood2\Lake_13989_None.csv
2025-10-26 11:34:52,703 - INFO - See 14004 (None) gespeichert in T:\DLR\Analysis3\Output\NasaFlood2\Lake_14004_None.csv
2025-10-26 11:34:52,706 - INFO - See 14013 (None) gespeichert in T:\DLR\Analysis3\Output\NasaFlood2\Lake_14013_None.csv
2025-10-26 11:34:52,708 - INFO - See 14056 (None) gespeichert in T:\DLR\Analysis3\Output\NasaFlood2\Lake_14056_None.csv
2025-10-26 11:34:52,711 - INFO - See 14066 (None) gespeichert in T:\DLR\Analysis3\Output\NasaFlood2\Lake_14066_None.csv
2025-10-26 11:34:52,714 - INFO - See 14082 (None) gespeichert in T:\DLR\Analysis3\Output\NasaFlood2\Lake_14082_None.csv
2025-10-26 11:34:52,717 - INFO - See 14085 (None) gespeichert in T:\DLR\Analysis3\Output\NasaFlood2\Lake_14085_None.csv
2025-10-26 11:34:52,719 - INFO - See 14089 (None) gespeichert in T:\DLR\Analysis3\Output\NasaFlood2\Lake_14089_None.csv
2025-10-26 11:34:52,722 - INFO - See 14095 (None) gespeichert in T:\DLR\Analysis3\Output\NasaFlood2\Lake_14095_None.csv
2025-10-26 11:34:52,724 - INFO - See 14098 (None) gespeichert in T:\DLR\Analysis3\Output\NasaFlood2\Lake_14098_None.csv
2025-10-26 11:34:52,726 - INFO - See 14105 (None) gespeichert in T:\DLR\Analysis3\Output\NasaFlood2\Lake_14105_None.csv
2025-10-26 11:34:52,729 - INFO - See 14111 (None) gespeichert in T:\DLR\Analysis3\Output\NasaFlood2\Lake_14111_None.csv
2025-10-26 11:34:52,733 - INFO - See 14128 (None) gespeichert in T:\DLR\Analysis3\Output\NasaFlood2\Lake_14128_None.csv
2025-10-26 11:34:52,736 - INFO - See 14144 (None) gespeichert in T:\DLR\Analysis3\Output\NasaFlood2\Lake_14144_None.csv
2025-10-26 11:34:52,738 - INFO - See 14172 (None) gespeichert in T:\DLR\Analysis3\Output\NasaFlood2\Lake_14172_None.csv
2025-10-26 11:34:52,740 - INFO - See 14173 (None) gespeichert in T:\DLR\Analysis3\Output\NasaFlood2\Lake_14173_None.csv
2025-10-26 11:34:52,743 - INFO - See 14180 (None) gespeichert in T:\DLR\Analysis3\Output\NasaFlood2\Lake_14180_None.csv
2025-10-26 11:34:52,745 - INFO - See 14183 (None) gespeichert in T:\DLR\Analysis3\Output\NasaFlood2\Lake_14183_None.csv
2025-10-26 11:34:52,749 - INFO - See 14208 (None) gespeichert in T:\DLR\Analysis3\Output\NasaFlood2\Lake_14208_None.csv
2025-10-26 11:34:52,752 - INFO - See 14219 (None) gespeichert in T:\DLR\Analysis3\Output\NasaFlood2\Lake_14219_None.csv
2025-10-26 11:34:52,755 - INFO - See 14224 (None) gespeichert in T:\DLR\Analysis3\Output\NasaFlood2\Lake_14224_None.csv
2025-10-26 11:34:52,757 - INFO - See 14225 (None) gespeichert in T:\DLR\Analysis3\Output\NasaFlood2\Lake_14225_None.csv
2025-10-26 11:34:52,759 - INFO - See 14249 (None) gespeichert in T:\DLR\Analysis3\Output\NasaFlood2\Lake_14249_None.csv
2025-10-26 11:34:52,762 - INFO - See 14274 (None) gespeichert in T:\DLR\Analysis3\Output\NasaFlood2\Lake_14274_None.csv
2025-10-26 11:34:52,767 - INFO - See 14294 (None) gespeichert in T:\DLR\Analysis3\Output\NasaFlood2\Lake_14294_None.csv
2025-10-26 11:34:52,769 - INFO - See 14300 (None) gespeichert in T:\DLR\Analysis3\Output\NasaFlood2\Lake_14300_None.csv
2025-10-26 11:34:52,772 - INFO - See 14324 (None) gespeichert in T:\DLR\Analysis3\Output\NasaFlood2\Lake_14324_None.csv
2025-10-26 11:34:52,774 - INFO - See 14337 (None) gespeichert in T:\DLR\Analysis3\Output\NasaFlood2\Lake_14337_None.csv
2025-10-26 11:34:52,776 - INFO - See 14367 (None) gespeichert in T:\DLR\Analysis3\Output\NasaFlood2\Lake_14367_None.csv
2025-10-26 11:34:52,779 - INFO - See 14378 (None) gespeichert in T:\DLR\Analysis3\Output\NasaFlood2\Lake_14378_None.csv
2025-10-26 11:34:52,784 - INFO - See 14414 (None) gespeichert in T:\DLR\Analysis3\Output\NasaFlood2\Lake_14414_None.csv
2025-10-26 11:34:52,786 - INFO - See 14422 (None) gespeichert in T:\DLR\Analysis3\Output\NasaFlood2\Lake_14422_None.csv
2025-10-26 11:34:52,789 - INFO - See 14429 (None) gespeichert in T:\DLR\Analysis3\Output\NasaFlood2\Lake_14429_None.csv
2025-10-26 11:34:52,791 - INFO - See 14449 (None) gespeichert in T:\DLR\Analysis3\Output\NasaFlood2\Lake_14449_None.csv
2025-10-26 11:34:52,793 - INFO - See 14454 (None) gespeichert in T:\DLR\Analysis3\Output\NasaFlood2\Lake_14454_None.csv
2025-10-26 11:34:52,797 - INFO - See 14462 (None) gespeichert in T:\DLR\Analysis3\Output\NasaFlood2\Lake_14462_None.csv
2025-10-26 11:34:52,800 - INFO - See 14475 (None) gespeichert in T:\DLR\Analysis3\Output\NasaFlood2\Lake_14475_None.csv
2025-10-26 11:34:52,802 - INFO - See 14482 (None) gespeichert in T:\DLR\Analysis3\Output\NasaFlood2\Lake_14482_None.csv
2025-10-26 11:34:52,805 - INFO - See 14490 (None) gespeichert in T:\DLR\Analysis3\Output\NasaFlood2\Lake_14490_None.csv
2025-10-26 11:34:52,807 - INFO - See 14495 (None) gespeichert in T:\DLR\Analysis3\Output\NasaFlood2\Lake_14495_None.csv
2025-10-26 11:34:52,810 - INFO - See 14498 (None) gespeichert in T:\DLR\Analysis3\Output\NasaFlood2\Lake_14498_None.csv
2025-10-26 11:34:52,813 - INFO - See 14522 (None) gespeichert in T:\DLR\Analysis3\Output\NasaFlood2\Lake_14522_None.csv
2025-10-26 11:34:52,817 - INFO - See 14528 (None) gespeichert in T:\DLR\Analysis3\Output\NasaFlood2\Lake_14528_None.csv
2025-10-26 11:34:52,819 - INFO - See 14537 (None) gespeichert in T:\DLR\Analysis3\Output\NasaFlood2\Lake_14537_None.csv
2025-10-26 11:34:52,822 - INFO - See 14560 (None) gespeichert in T:\DLR\Analysis3\Output\NasaFlood2\Lake_14560_None.csv
2025-10-26 11:34:52,825 - INFO - See 14563 (None) gespeichert in T:\DLR\Analysis3\Output\NasaFlood2\Lake_14563_None.csv
2025-10-26 11:34:52,902 - INFO - Alle Ergebnisse gespeichert
2025-10-26 11:35:49,853 - INFO - Verarbeite Tile h22v04 für Jahr 2010
2025-10-26 11:35:49,900 - INFO - Insgesamt 100 passende Dateipaare gefunden
2025-10-26 11:35:49,900 - INFO - 100 passende Dateien für h22v04, 2010 gefunden
2025-10-26 11:36:30,221 - INFO - Zwischenergebnisse gespeichert in T:\DLR\Analysis3\Output\NasaFlood\intermediate_h22v04_2010.csv
2025-10-26 11:36:30,221 - INFO - Verarbeite Tile h22v04 für Jahr 2021
2025-10-26 11:36:30,241 - INFO - Insgesamt 100 passende Dateipaare gefunden
2025-10-26 11:36:30,241 - INFO - 100 passende Dateien für h22v04, 2021 gefunden
2025-10-26 11:37:11,204 - INFO - Zwischenergebnisse gespeichert in T:\DLR\Analysis3\Output\NasaFlood\intermediate_h22v04_2021.csv
2025-10-26 11:37:11,204 - INFO - Verarbeite Tile h29v06 für Jahr 2010
2025-10-26 11:37:11,234 - INFO - Insgesamt 100 passende Dateipaare gefunden
2025-10-26 11:37:11,234 - INFO - 100 passende Dateien für h29v06, 2010 gefunden
2025-10-26 11:38:34,146 - INFO - Zwischenergebnisse gespeichert in T:\DLR\Analysis3\Output\NasaFlood\intermediate_h29v06_2010.csv
2025-10-26 11:38:34,147 - INFO - Verarbeite Tile h29v06 für Jahr 2021
2025-10-26 11:38:34,173 - INFO - Insgesamt 100 passende Dateipaare gefunden
2025-10-26 11:38:34,173 - INFO - 100 passende Dateien für h29v06, 2021 gefunden
2025-10-26 11:41:01,909 - INFO - Zwischenergebnisse gespeichert in T:\DLR\Analysis3\Output\NasaFlood\intermediate_h29v06_2021.csv
2025-10-26 11:41:01,909 - INFO - Verarbeite Tile h09v05 für Jahr 2010
2025-10-26 11:41:01,943 - INFO - Insgesamt 100 passende Dateipaare gefunden
2025-10-26 11:41:01,944 - INFO - 100 passende Dateien für h09v05, 2010 gefunden
2025-10-26 11:42:57,155 - INFO - Zwischenergebnisse gespeichert in T:\DLR\Analysis3\Output\NasaFlood\intermediate_h09v05_2010.csv
2025-10-26 11:42:57,155 - INFO - Verarbeite Tile h09v05 für Jahr 2021
2025-10-26 11:42:57,185 - INFO - Insgesamt 100 passende Dateipaare gefunden
2025-10-26 11:42:57,185 - INFO - 100 passende Dateien für h09v05, 2021 gefunden
2025-10-26 11:44:48,484 - INFO - Zwischenergebnisse gespeichert in T:\DLR\Analysis3\Output\NasaFlood\intermediate_h09v05_2021.csv
2025-10-26 11:44:48,484 - INFO - Verarbeite Tile h11v10 für Jahr 2010
2025-10-26 11:44:48,503 - INFO - Insgesamt 100 passende Dateipaare gefunden
2025-10-26 11:44:48,504 - INFO - 100 passende Dateien für h11v10, 2010 gefunden
2025-10-26 11:45:37,707 - INFO - Zwischenergebnisse gespeichert in T:\DLR\Analysis3\Output\NasaFlood\intermediate_h11v10_2010.csv
2025-10-26 11:45:37,707 - INFO - Verarbeite Tile h11v10 für Jahr 2021
2025-10-26 11:45:37,727 - INFO - Insgesamt 100 passende Dateipaare gefunden
2025-10-26 11:45:37,728 - INFO - 100 passende Dateien für h11v10, 2021 gefunden
2025-10-26 11:46:26,254 - INFO - Zwischenergebnisse gespeichert in T:\DLR\Analysis3\Output\NasaFlood\intermediate_h11v10_2021.csv
2025-10-26 11:46:26,254 - INFO - Verarbeite Tile h08v05 für Jahr 2010
2025-10-26 11:46:26,288 - INFO - Insgesamt 100 passende Dateipaare gefunden
2025-10-26 11:46:26,289 - INFO - 100 passende Dateien für h08v05, 2010 gefunden
2025-10-26 11:48:32,281 - INFO - Zwischenergebnisse gespeichert in T:\DLR\Analysis3\Output\NasaFlood\intermediate_h08v05_2010.csv
2025-10-26 11:48:32,282 - INFO - Verarbeite Tile h08v05 für Jahr 2021
2025-10-26 11:48:32,312 - INFO - Insgesamt 100 passende Dateipaare gefunden
2025-10-26 11:48:32,313 - INFO - 100 passende Dateien für h08v05, 2021 gefunden
2025-10-26 11:50:44,002 - INFO - Zwischenergebnisse gespeichert in T:\DLR\Analysis3\Output\NasaFlood\intermediate_h08v05_2021.csv
2025-10-26 11:50:44,002 - INFO - Verarbeite Tile h24v04 für Jahr 2010
2025-10-26 11:50:44,027 - INFO - Insgesamt 100 passende Dateipaare gefunden
2025-10-26 11:50:44,027 - INFO - 100 passende Dateien für h24v04, 2010 gefunden
2025-10-26 11:51:43,891 - INFO - Zwischenergebnisse gespeichert in T:\DLR\Analysis3\Output\NasaFlood\intermediate_h24v04_2010.csv
2025-10-26 11:51:43,891 - INFO - Verarbeite Tile h24v04 für Jahr 2021
2025-10-26 11:51:43,913 - INFO - Insgesamt 100 passende Dateipaare gefunden
2025-10-26 11:51:43,915 - INFO - 100 passende Dateien für h24v04, 2021 gefunden
2025-10-26 11:52:41,512 - INFO - Zwischenergebnisse gespeichert in T:\DLR\Analysis3\Output\NasaFlood\intermediate_h24v04_2021.csv
2025-10-26 11:52:41,512 - INFO - Verarbeite Tile h06v04 für Jahr 2010
2025-10-26 11:52:41,537 - INFO - Insgesamt 100 passende Dateipaare gefunden
2025-10-26 11:52:41,537 - INFO - 100 passende Dateien für h06v04, 2010 gefunden
2025-10-26 11:53:50,664 - INFO - Zwischenergebnisse gespeichert in T:\DLR\Analysis3\Output\NasaFlood\intermediate_h06v04_2010.csv
2025-10-26 11:53:50,664 - INFO - Verarbeite Tile h06v04 für Jahr 2021
2025-10-26 11:53:50,688 - INFO - Insgesamt 100 passende Dateipaare gefunden
2025-10-26 11:53:50,689 - INFO - 100 passende Dateien für h06v04, 2021 gefunden
2025-10-26 11:55:05,932 - INFO - Zwischenergebnisse gespeichert in T:\DLR\Analysis3\Output\NasaFlood\intermediate_h06v04_2021.csv
2025-10-26 11:55:05,932 - INFO - Verarbeite Tile h30v10 für Jahr 2010
2025-10-26 11:55:05,950 - INFO - Insgesamt 100 passende Dateipaare gefunden
2025-10-26 11:55:05,951 - INFO - 100 passende Dateien für h30v10, 2010 gefunden
2025-10-26 11:55:41,318 - INFO - Zwischenergebnisse gespeichert in T:\DLR\Analysis3\Output\NasaFlood\intermediate_h30v10_2010.csv
2025-10-26 11:55:41,318 - INFO - Verarbeite Tile h30v10 für Jahr 2021
2025-10-26 11:55:41,336 - INFO - Insgesamt 100 passende Dateipaare gefunden
2025-10-26 11:55:41,336 - INFO - 100 passende Dateien für h30v10, 2021 gefunden
2025-10-26 11:56:17,774 - INFO - Zwischenergebnisse gespeichert in T:\DLR\Analysis3\Output\NasaFlood\intermediate_h30v10_2021.csv
2025-10-26 11:56:17,774 - INFO - Verarbeite Tile h22v04 für Jahr 2010
2025-10-26 11:56:17,790 - INFO - Insgesamt 100 passende Dateipaare gefunden
2025-10-26 11:56:17,790 - INFO - 100 passende Dateien für h22v04, 2010 gefunden
